ISO-10303-21;
HEADER;
/* Generated by software containing ST-Developer
 * from STEP Tools, Inc. (www.steptools.com) 
 */

FILE_DESCRIPTION(
/* description */ (''),
/* implementation_level */ '2;1');

FILE_NAME(
/* name */ 'fifteenpercentCAD.step',
/* time_stamp */ '2025-10-31T20:04:44-04:00',
/* author */ (''),
/* organization */ (''),
/* preprocessor_version */ 'ST-DEVELOPER v20.1',
/* originating_system */ 'Autodesk Translation Framework v14.17.0.0',
/* authorisation */ '');

FILE_SCHEMA (('AUTOMOTIVE_DESIGN { 1 0 10303 214 3 1 1 }'));
ENDSEC;

DATA;
#10=MECHANICAL_DESIGN_GEOMETRIC_PRESENTATION_REPRESENTATION('',(#115,#116,
#117,#118),#11731);
#11=SHAPE_REPRESENTATION_RELATIONSHIP('SRR','None',#11737,#12);
#12=ADVANCED_BREP_SHAPE_REPRESENTATION('',(#119,#120,#121,#122),#11730);
#13=ELLIPSE('',#7376,0.96028762999548,0.8);
#14=ELLIPSE('',#7377,0.925525167081593,0.8);
#15=ELLIPSE('',#7396,0.860814006972218,0.8);
#16=ELLIPSE('',#7397,1.13137084989848,0.8);
#17=ELLIPSE('',#7399,0.842475598026196,0.8);
#18=ELLIPSE('',#7402,1.13137084989848,0.8);
#19=ELLIPSE('',#7404,0.86056046008102,0.8);
#20=ELLIPSE('',#7406,0.871539407798759,0.8);
#21=ELLIPSE('',#7408,1.13137084989848,0.8);
#22=ELLIPSE('',#7410,1.13137084989848,0.8);
#23=ELLIPSE('',#7412,1.13137084989848,0.8);
#24=ELLIPSE('',#7491,0.860280404299899,0.8);
#25=ELLIPSE('',#7492,0.926359623146979,0.8);
#26=ELLIPSE('',#7494,0.86028040429987,0.8);
#27=ELLIPSE('',#7496,1.13137084989849,0.8);
#28=ELLIPSE('',#7498,1.1346338215459,0.8);
#29=ELLIPSE('',#7500,0.895329783550444,0.8);
#30=ELLIPSE('',#7502,0.844641954796217,0.8);
#31=ELLIPSE('',#7504,1.04367631889507,0.8);
#32=ELLIPSE('',#7506,0.888506499016898,0.8);
#33=ELLIPSE('',#7529,1.13137084989846,0.8);
#34=ELLIPSE('',#7530,1.13137084989849,0.8);
#35=ELLIPSE('',#7532,1.13137084989849,0.8);
#36=ELLIPSE('',#7534,1.13137084989846,0.8);
#37=ELLIPSE('',#7539,1.13137084989846,0.8);
#38=ELLIPSE('',#7540,1.13137084989849,0.8);
#39=ELLIPSE('',#7542,1.13137084989849,0.8);
#40=ELLIPSE('',#7544,1.13137084989846,0.8);
#41=ELLIPSE('',#7549,1.13137084989846,0.8);
#42=ELLIPSE('',#7550,1.13137084989849,0.8);
#43=ELLIPSE('',#7552,1.13137084989849,0.8);
#44=ELLIPSE('',#7554,1.13137084989846,0.8);
#45=ELLIPSE('',#7559,1.13137084989846,0.8);
#46=ELLIPSE('',#7560,1.13137084989849,0.8);
#47=ELLIPSE('',#7562,1.13137084989849,0.8);
#48=ELLIPSE('',#7564,1.13137084989846,0.8);
#49=ELLIPSE('',#7569,1.13137084989846,0.8);
#50=ELLIPSE('',#7570,1.13137084989849,0.8);
#51=ELLIPSE('',#7572,1.13137084989849,0.8);
#52=ELLIPSE('',#7574,1.13137084989846,0.8);
#53=ELLIPSE('',#7579,1.13137084989846,0.8);
#54=ELLIPSE('',#7580,1.13137084989849,0.8);
#55=ELLIPSE('',#7582,1.13137084989849,0.8);
#56=ELLIPSE('',#7584,1.13137084989846,0.8);
#57=ELLIPSE('',#7594,1.13137084989846,0.8);
#58=ELLIPSE('',#7595,1.13137084989849,0.8);
#59=ELLIPSE('',#7597,1.13137084989849,0.8);
#60=ELLIPSE('',#7599,1.13137084989846,0.8);
#61=ELLIPSE('',#7604,1.13137084989846,0.8);
#62=ELLIPSE('',#7605,1.13137084989849,0.8);
#63=ELLIPSE('',#7607,1.13137084989849,0.8);
#64=ELLIPSE('',#7609,1.13137084989846,0.8);
#65=ELLIPSE('',#7621,1.13137084989846,0.8);
#66=ELLIPSE('',#7622,1.13137084989849,0.8);
#67=ELLIPSE('',#7624,1.13137084989849,0.8);
#68=ELLIPSE('',#7626,1.13137084989846,0.8);
#69=ELLIPSE('',#7636,1.13137084989846,0.8);
#70=ELLIPSE('',#7637,1.13137084989849,0.8);
#71=ELLIPSE('',#7639,1.13137084989849,0.8);
#72=ELLIPSE('',#7641,1.13137084989846,0.8);
#73=ELLIPSE('',#7646,1.13137084989846,0.8);
#74=ELLIPSE('',#7647,1.13137084989849,0.8);
#75=ELLIPSE('',#7649,1.13137084989849,0.8);
#76=ELLIPSE('',#7651,1.13137084989846,0.8);
#77=ELLIPSE('',#7656,1.13137084989846,0.8);
#78=ELLIPSE('',#7657,1.13137084989849,0.8);
#79=ELLIPSE('',#7659,1.13137084989849,0.8);
#80=ELLIPSE('',#7661,1.13137084989846,0.8);
#81=ELLIPSE('',#7666,1.13137084989846,0.8);
#82=ELLIPSE('',#7667,1.13137084989849,0.8);
#83=ELLIPSE('',#7669,1.13137084989849,0.8);
#84=ELLIPSE('',#7671,1.13137084989846,0.8);
#85=ELLIPSE('',#7678,1.13137084989846,0.8);
#86=ELLIPSE('',#7679,1.13137084989849,0.8);
#87=ELLIPSE('',#7681,1.13137084989849,0.8);
#88=ELLIPSE('',#7683,1.13137084989846,0.8);
#89=ELLIPSE('',#7693,1.13137084989846,0.8);
#90=ELLIPSE('',#7694,1.13137084989849,0.8);
#91=ELLIPSE('',#7696,1.13137084989849,0.8);
#92=ELLIPSE('',#7698,1.13137084989846,0.8);
#93=ELLIPSE('',#7708,1.13137084989846,0.8);
#94=ELLIPSE('',#7709,1.13137084989849,0.8);
#95=ELLIPSE('',#7711,1.13137084989849,0.8);
#96=ELLIPSE('',#7713,1.13137084989846,0.8);
#97=B_SPLINE_CURVE_WITH_KNOTS('',3,(#10499,#10500,#10501,#10502,#10503,
#10504),.UNSPECIFIED.,.F.,.F.,(4,2,4),(0.0164912942688384,0.0518805277673591,
0.0524853249725245),.UNSPECIFIED.);
#98=B_SPLINE_CURVE_WITH_KNOTS('',3,(#10508,#10509,#10510,#10511,#10512,
#10513),.UNSPECIFIED.,.F.,.F.,(4,2,4),(-0.000872079999059893,0.,0.045193867217314),
 .UNSPECIFIED.);
#99=B_SPLINE_CURVE_WITH_KNOTS('',3,(#10917,#10918,#10919,#10920,#10921,
#10922,#10923,#10924,#10925,#10926),.UNSPECIFIED.,.F.,.F.,(4,2,2,2,4),(-0.262480109094415,
-0.261209415437627,-0.209585621590197,-0.163247582065087,-0.131865193433233),
 .UNSPECIFIED.);
#100=B_SPLINE_CURVE_WITH_KNOTS('',3,(#10928,#10929,#10930,#10931,#10932,
#10933,#10934,#10935,#10936,#10937,#10938,#10939),.UNSPECIFIED.,.F.,.F.,
(4,2,2,2,2,4),(-0.131865193433233,-0.130604707729195,-0.0979618333933938,
-0.0516237938687147,0.,0.001270693651194),.UNSPECIFIED.);
#101=B_SPLINE_CURVE_WITH_KNOTS('',3,(#10955,#10956,#10957,#10958,#10959,
#10960,#10961,#10962,#10963,#10964),.UNSPECIFIED.,.F.,.F.,(4,2,2,2,4),(-0.0359595836291837,
-0.0322164755105027,-0.0161082377528747,0.,0.00374310800648785),
 .UNSPECIFIED.);
#102=TOROIDAL_SURFACE('',#7354,2.5,0.8);
#103=TOROIDAL_SURFACE('',#7367,2.5,0.8);
#104=TOROIDAL_SURFACE('',#7372,2.5,0.8);
#105=TOROIDAL_SURFACE('',#7380,2.5,0.8);
#106=TOROIDAL_SURFACE('',#7385,2.50000000000002,0.8);
#107=TOROIDAL_SURFACE('',#7390,2.49999999999999,0.8);
#108=TOROIDAL_SURFACE('',#7513,2.40000000000004,0.8);
#109=TOROIDAL_SURFACE('',#7525,2.40000000000004,0.8);
#110=TOROIDAL_SURFACE('',#7588,2.39999999999997,0.8);
#111=TOROIDAL_SURFACE('',#7613,2.4,0.8);
#112=TOROIDAL_SURFACE('',#7630,2.4,0.8);
#113=TOROIDAL_SURFACE('',#7687,2.4,0.8);
#114=TOROIDAL_SURFACE('',#7702,2.49999999999998,0.8);
#115=STYLED_ITEM('',(#11747),#119);
#116=STYLED_ITEM('',(#11747),#120);
#117=STYLED_ITEM('',(#11747),#121);
#118=STYLED_ITEM('',(#11747),#122);
#119=MANIFOLD_SOLID_BREP('Body1',#7177);
#120=MANIFOLD_SOLID_BREP('Body2',#7178);
#121=MANIFOLD_SOLID_BREP('Body3',#7179);
#122=MANIFOLD_SOLID_BREP('Body4',#7180);
#123=CYLINDRICAL_SURFACE('',#7206,1.69999999999999);
#124=CYLINDRICAL_SURFACE('',#7208,1.70000000000002);
#125=CYLINDRICAL_SURFACE('',#7210,1.7);
#126=CYLINDRICAL_SURFACE('',#7212,1.70000000000002);
#127=CYLINDRICAL_SURFACE('',#7214,1.7);
#128=CYLINDRICAL_SURFACE('',#7216,1.7);
#129=CYLINDRICAL_SURFACE('',#7238,2.34999999999999);
#130=CYLINDRICAL_SURFACE('',#7240,2.34999999999999);
#131=CYLINDRICAL_SURFACE('',#7242,2.35);
#132=CYLINDRICAL_SURFACE('',#7250,2.34999999999999);
#133=CYLINDRICAL_SURFACE('',#7252,2.34999999999999);
#134=CYLINDRICAL_SURFACE('',#7254,2.35);
#135=CYLINDRICAL_SURFACE('',#7322,1.6);
#136=CYLINDRICAL_SURFACE('',#7323,1.6);
#137=CYLINDRICAL_SURFACE('',#7324,1.60000000000004);
#138=CYLINDRICAL_SURFACE('',#7325,1.59999999999997);
#139=CYLINDRICAL_SURFACE('',#7326,1.60000000000004);
#140=CYLINDRICAL_SURFACE('',#7327,1.6);
#141=CYLINDRICAL_SURFACE('',#7328,1.69999999999998);
#142=CYLINDRICAL_SURFACE('',#7339,2.34999999999999);
#143=CYLINDRICAL_SURFACE('',#7340,2.34999999999999);
#144=CYLINDRICAL_SURFACE('',#7341,2.34999999999999);
#145=CYLINDRICAL_SURFACE('',#7344,2.34999999999999);
#146=CYLINDRICAL_SURFACE('',#7345,2.34999999999999);
#147=CYLINDRICAL_SURFACE('',#7346,2.34999999999999);
#148=CYLINDRICAL_SURFACE('',#7347,2.34999999999999);
#149=CYLINDRICAL_SURFACE('',#7365,1.7);
#150=CYLINDRICAL_SURFACE('',#7370,1.7);
#151=CYLINDRICAL_SURFACE('',#7375,0.8);
#152=CYLINDRICAL_SURFACE('',#7378,1.7);
#153=CYLINDRICAL_SURFACE('',#7383,1.7);
#154=CYLINDRICAL_SURFACE('',#7388,1.70000000000002);
#155=CYLINDRICAL_SURFACE('',#7393,1.69999999999999);
#156=CYLINDRICAL_SURFACE('',#7395,0.8);
#157=CYLINDRICAL_SURFACE('',#7398,0.8);
#158=CYLINDRICAL_SURFACE('',#7400,0.8);
#159=CYLINDRICAL_SURFACE('',#7401,0.8);
#160=CYLINDRICAL_SURFACE('',#7403,0.8);
#161=CYLINDRICAL_SURFACE('',#7405,0.8);
#162=CYLINDRICAL_SURFACE('',#7407,0.8);
#163=CYLINDRICAL_SURFACE('',#7409,0.8);
#164=CYLINDRICAL_SURFACE('',#7411,0.8);
#165=CYLINDRICAL_SURFACE('',#7413,0.8);
#166=CYLINDRICAL_SURFACE('',#7490,0.8);
#167=CYLINDRICAL_SURFACE('',#7493,0.8);
#168=CYLINDRICAL_SURFACE('',#7495,0.8);
#169=CYLINDRICAL_SURFACE('',#7497,0.8);
#170=CYLINDRICAL_SURFACE('',#7499,0.8);
#171=CYLINDRICAL_SURFACE('',#7501,0.8);
#172=CYLINDRICAL_SURFACE('',#7503,0.8);
#173=CYLINDRICAL_SURFACE('',#7505,0.8);
#174=CYLINDRICAL_SURFACE('',#7507,0.8);
#175=CYLINDRICAL_SURFACE('',#7528,0.8);
#176=CYLINDRICAL_SURFACE('',#7531,0.8);
#177=CYLINDRICAL_SURFACE('',#7533,0.8);
#178=CYLINDRICAL_SURFACE('',#7535,0.8);
#179=CYLINDRICAL_SURFACE('',#7538,0.8);
#180=CYLINDRICAL_SURFACE('',#7541,0.8);
#181=CYLINDRICAL_SURFACE('',#7543,0.8);
#182=CYLINDRICAL_SURFACE('',#7545,0.8);
#183=CYLINDRICAL_SURFACE('',#7548,0.8);
#184=CYLINDRICAL_SURFACE('',#7551,0.8);
#185=CYLINDRICAL_SURFACE('',#7553,0.8);
#186=CYLINDRICAL_SURFACE('',#7555,0.8);
#187=CYLINDRICAL_SURFACE('',#7558,0.8);
#188=CYLINDRICAL_SURFACE('',#7561,0.8);
#189=CYLINDRICAL_SURFACE('',#7563,0.8);
#190=CYLINDRICAL_SURFACE('',#7565,0.8);
#191=CYLINDRICAL_SURFACE('',#7568,0.8);
#192=CYLINDRICAL_SURFACE('',#7571,0.8);
#193=CYLINDRICAL_SURFACE('',#7573,0.8);
#194=CYLINDRICAL_SURFACE('',#7575,0.8);
#195=CYLINDRICAL_SURFACE('',#7578,0.8);
#196=CYLINDRICAL_SURFACE('',#7581,0.8);
#197=CYLINDRICAL_SURFACE('',#7583,0.8);
#198=CYLINDRICAL_SURFACE('',#7585,0.8);
#199=CYLINDRICAL_SURFACE('',#7591,1.59999999999997);
#200=CYLINDRICAL_SURFACE('',#7593,0.8);
#201=CYLINDRICAL_SURFACE('',#7596,0.8);
#202=CYLINDRICAL_SURFACE('',#7598,0.8);
#203=CYLINDRICAL_SURFACE('',#7600,0.8);
#204=CYLINDRICAL_SURFACE('',#7603,0.8);
#205=CYLINDRICAL_SURFACE('',#7606,0.8);
#206=CYLINDRICAL_SURFACE('',#7608,0.8);
#207=CYLINDRICAL_SURFACE('',#7610,0.8);
#208=CYLINDRICAL_SURFACE('',#7616,1.6);
#209=CYLINDRICAL_SURFACE('',#7618,1.60000000000004);
#210=CYLINDRICAL_SURFACE('',#7620,0.8);
#211=CYLINDRICAL_SURFACE('',#7623,0.8);
#212=CYLINDRICAL_SURFACE('',#7625,0.8);
#213=CYLINDRICAL_SURFACE('',#7627,0.8);
#214=CYLINDRICAL_SURFACE('',#7633,1.6);
#215=CYLINDRICAL_SURFACE('',#7635,0.8);
#216=CYLINDRICAL_SURFACE('',#7638,0.8);
#217=CYLINDRICAL_SURFACE('',#7640,0.8);
#218=CYLINDRICAL_SURFACE('',#7642,0.8);
#219=CYLINDRICAL_SURFACE('',#7645,0.8);
#220=CYLINDRICAL_SURFACE('',#7648,0.8);
#221=CYLINDRICAL_SURFACE('',#7650,0.8);
#222=CYLINDRICAL_SURFACE('',#7652,0.8);
#223=CYLINDRICAL_SURFACE('',#7655,0.8);
#224=CYLINDRICAL_SURFACE('',#7658,0.8);
#225=CYLINDRICAL_SURFACE('',#7660,0.8);
#226=CYLINDRICAL_SURFACE('',#7662,0.8);
#227=CYLINDRICAL_SURFACE('',#7665,0.8);
#228=CYLINDRICAL_SURFACE('',#7668,0.8);
#229=CYLINDRICAL_SURFACE('',#7670,0.8);
#230=CYLINDRICAL_SURFACE('',#7672,0.8);
#231=CYLINDRICAL_SURFACE('',#7675,1.60000000000004);
#232=CYLINDRICAL_SURFACE('',#7677,0.8);
#233=CYLINDRICAL_SURFACE('',#7680,0.8);
#234=CYLINDRICAL_SURFACE('',#7682,0.8);
#235=CYLINDRICAL_SURFACE('',#7684,0.8);
#236=CYLINDRICAL_SURFACE('',#7690,1.6);
#237=CYLINDRICAL_SURFACE('',#7692,0.8);
#238=CYLINDRICAL_SURFACE('',#7695,0.8);
#239=CYLINDRICAL_SURFACE('',#7697,0.8);
#240=CYLINDRICAL_SURFACE('',#7699,0.8);
#241=CYLINDRICAL_SURFACE('',#7705,1.69999999999998);
#242=CYLINDRICAL_SURFACE('',#7707,0.8);
#243=CYLINDRICAL_SURFACE('',#7710,0.8);
#244=CYLINDRICAL_SURFACE('',#7712,0.8);
#245=CYLINDRICAL_SURFACE('',#7714,0.8);
#246=FACE_BOUND('',#870,.T.);
#247=FACE_BOUND('',#872,.T.);
#248=FACE_BOUND('',#874,.T.);
#249=FACE_BOUND('',#876,.T.);
#250=FACE_BOUND('',#878,.T.);
#251=FACE_BOUND('',#880,.T.);
#252=FACE_BOUND('',#902,.T.);
#253=FACE_BOUND('',#903,.T.);
#254=FACE_BOUND('',#904,.T.);
#255=FACE_BOUND('',#905,.T.);
#256=FACE_BOUND('',#906,.T.);
#257=FACE_BOUND('',#907,.T.);
#258=FACE_BOUND('',#913,.T.);
#259=FACE_BOUND('',#938,.T.);
#260=FACE_BOUND('',#939,.T.);
#261=FACE_BOUND('',#940,.T.);
#262=FACE_BOUND('',#941,.T.);
#263=FACE_BOUND('',#942,.T.);
#264=FACE_BOUND('',#943,.T.);
#265=FACE_BOUND('',#946,.T.);
#266=FACE_BOUND('',#947,.T.);
#267=FACE_BOUND('',#948,.T.);
#268=FACE_BOUND('',#949,.T.);
#269=FACE_BOUND('',#950,.T.);
#270=FACE_BOUND('',#951,.T.);
#271=FACE_BOUND('',#952,.T.);
#272=FACE_BOUND('',#953,.T.);
#273=FACE_BOUND('',#956,.T.);
#274=FACE_BOUND('',#957,.T.);
#275=FACE_BOUND('',#958,.T.);
#276=FACE_BOUND('',#959,.T.);
#277=FACE_BOUND('',#960,.T.);
#278=FACE_BOUND('',#961,.T.);
#279=FACE_BOUND('',#962,.T.);
#280=FACE_BOUND('',#979,.T.);
#281=FACE_BOUND('',#981,.T.);
#282=FACE_BOUND('',#983,.T.);
#283=FACE_BOUND('',#985,.T.);
#284=FACE_BOUND('',#987,.T.);
#285=FACE_BOUND('',#989,.T.);
#286=FACE_BOUND('',#991,.T.);
#287=FACE_BOUND('',#1024,.T.);
#288=FACE_BOUND('',#1027,.T.);
#289=FACE_BOUND('',#1028,.T.);
#290=FACE_BOUND('',#1029,.T.);
#291=FACE_BOUND('',#1030,.T.);
#292=FACE_BOUND('',#1031,.T.);
#293=FACE_BOUND('',#1032,.T.);
#294=FACE_BOUND('',#1033,.T.);
#295=FACE_BOUND('',#1034,.T.);
#296=FACE_BOUND('',#1035,.T.);
#297=FACE_BOUND('',#1036,.T.);
#298=FACE_BOUND('',#1037,.T.);
#299=FACE_BOUND('',#1038,.T.);
#300=FACE_BOUND('',#1039,.T.);
#301=FACE_BOUND('',#1040,.T.);
#302=FACE_BOUND('',#1041,.T.);
#303=FACE_BOUND('',#1042,.T.);
#304=FACE_BOUND('',#1043,.T.);
#305=FACE_BOUND('',#1044,.T.);
#306=FACE_BOUND('',#1045,.T.);
#307=FACE_BOUND('',#1046,.T.);
#308=FACE_BOUND('',#1047,.T.);
#309=FACE_BOUND('',#1146,.T.);
#310=FACE_BOUND('',#1147,.T.);
#311=FACE_BOUND('',#1148,.T.);
#312=FACE_BOUND('',#1149,.T.);
#313=FACE_BOUND('',#1150,.T.);
#314=FACE_BOUND('',#1151,.T.);
#315=FACE_BOUND('',#1152,.T.);
#316=FACE_BOUND('',#1153,.T.);
#317=FACE_BOUND('',#1154,.T.);
#318=FACE_BOUND('',#1155,.T.);
#319=FACE_BOUND('',#1156,.T.);
#320=FACE_BOUND('',#1157,.T.);
#321=FACE_BOUND('',#1158,.T.);
#322=FACE_BOUND('',#1159,.T.);
#323=FACE_BOUND('',#1160,.T.);
#324=FACE_BOUND('',#1161,.T.);
#325=FACE_BOUND('',#1162,.T.);
#326=FACE_BOUND('',#1163,.T.);
#327=FACE_BOUND('',#1164,.T.);
#328=FACE_BOUND('',#1165,.T.);
#329=FACE_BOUND('',#1166,.T.);
#330=FACE_BOUND('',#1167,.T.);
#331=FACE_BOUND('',#1184,.T.);
#332=FACE_BOUND('',#1185,.T.);
#333=FACE_BOUND('',#1186,.T.);
#334=FACE_BOUND('',#1187,.T.);
#335=FACE_BOUND('',#1188,.T.);
#336=FACE_BOUND('',#1189,.T.);
#337=FACE_BOUND('',#1190,.T.);
#338=FACE_BOUND('',#1191,.T.);
#339=FACE_BOUND('',#1192,.T.);
#340=FACE_BOUND('',#1193,.T.);
#341=FACE_BOUND('',#1194,.T.);
#342=FACE_BOUND('',#1195,.T.);
#343=FACE_BOUND('',#1196,.T.);
#344=FACE_BOUND('',#1197,.T.);
#345=FACE_BOUND('',#1198,.T.);
#346=FACE_BOUND('',#1199,.T.);
#347=FACE_BOUND('',#1200,.T.);
#348=FACE_BOUND('',#1201,.T.);
#349=FACE_BOUND('',#1202,.T.);
#350=FACE_BOUND('',#1203,.T.);
#351=FACE_BOUND('',#1204,.T.);
#352=FACE_BOUND('',#1351,.T.);
#353=FACE_BOUND('',#1352,.T.);
#354=FACE_BOUND('',#1353,.T.);
#355=FACE_BOUND('',#1354,.T.);
#356=FACE_BOUND('',#1355,.T.);
#357=FACE_BOUND('',#1356,.T.);
#358=FACE_BOUND('',#1357,.T.);
#359=FACE_BOUND('',#1358,.T.);
#360=FACE_BOUND('',#1359,.T.);
#361=FACE_BOUND('',#1360,.T.);
#362=FACE_BOUND('',#1361,.T.);
#363=FACE_BOUND('',#1362,.T.);
#364=FACE_BOUND('',#1363,.T.);
#365=FACE_BOUND('',#1364,.T.);
#366=FACE_BOUND('',#1365,.T.);
#367=FACE_BOUND('',#1366,.T.);
#368=FACE_BOUND('',#1367,.T.);
#369=FACE_BOUND('',#1368,.T.);
#370=FACE_BOUND('',#1369,.T.);
#371=FACE_BOUND('',#1370,.T.);
#372=FACE_BOUND('',#1371,.T.);
#373=FACE_BOUND('',#1372,.T.);
#374=FACE_BOUND('',#1373,.T.);
#375=CIRCLE('',#7189,2.35);
#376=CIRCLE('',#7190,1.70000000000002);
#377=CIRCLE('',#7192,2.34999999999999);
#378=CIRCLE('',#7193,1.7);
#379=CIRCLE('',#7195,2.34999999999999);
#380=CIRCLE('',#7196,1.70000000000002);
#381=CIRCLE('',#7198,2.35);
#382=CIRCLE('',#7199,1.7);
#383=CIRCLE('',#7201,2.34999999999999);
#384=CIRCLE('',#7202,1.7);
#385=CIRCLE('',#7204,2.34999999999999);
#386=CIRCLE('',#7205,1.69999999999999);
#387=CIRCLE('',#7207,1.69999999999999);
#388=CIRCLE('',#7209,1.70000000000002);
#389=CIRCLE('',#7211,1.7);
#390=CIRCLE('',#7213,1.70000000000002);
#391=CIRCLE('',#7215,1.7);
#392=CIRCLE('',#7217,1.7);
#393=CIRCLE('',#7239,2.34999999999999);
#394=CIRCLE('',#7241,2.34999999999999);
#395=CIRCLE('',#7243,2.35);
#396=CIRCLE('',#7251,2.34999999999999);
#397=CIRCLE('',#7253,2.34999999999999);
#398=CIRCLE('',#7255,2.35);
#399=CIRCLE('',#7270,2.34999999999999);
#400=CIRCLE('',#7271,2.34999999999999);
#401=CIRCLE('',#7272,2.34999999999999);
#402=CIRCLE('',#7273,2.34999999999999);
#403=CIRCLE('',#7274,2.34999999999999);
#404=CIRCLE('',#7275,2.34999999999999);
#405=CIRCLE('',#7276,2.34999999999999);
#406=CIRCLE('',#7279,1.69999999999998);
#407=CIRCLE('',#7280,1.6);
#408=CIRCLE('',#7281,1.60000000000004);
#409=CIRCLE('',#7282,1.59999999999997);
#410=CIRCLE('',#7283,1.60000000000004);
#411=CIRCLE('',#7284,1.6);
#412=CIRCLE('',#7285,1.6);
#413=CIRCLE('',#7302,2.34999999999999);
#414=CIRCLE('',#7303,1.6);
#415=CIRCLE('',#7305,2.34999999999999);
#416=CIRCLE('',#7306,1.60000000000004);
#417=CIRCLE('',#7308,2.34999999999999);
#418=CIRCLE('',#7309,1.59999999999997);
#419=CIRCLE('',#7311,2.34999999999999);
#420=CIRCLE('',#7312,1.60000000000004);
#421=CIRCLE('',#7314,2.34999999999999);
#422=CIRCLE('',#7315,1.6);
#423=CIRCLE('',#7317,2.34999999999999);
#424=CIRCLE('',#7318,1.6);
#425=CIRCLE('',#7320,2.34999999999999);
#426=CIRCLE('',#7321,1.69999999999998);
#427=CIRCLE('',#7355,2.5);
#428=CIRCLE('',#7356,0.8);
#429=CIRCLE('',#7357,1.7);
#430=CIRCLE('',#7359,2.5);
#431=CIRCLE('',#7360,2.5);
#432=CIRCLE('',#7361,2.5);
#433=CIRCLE('',#7362,2.50000000000002);
#434=CIRCLE('',#7363,2.49999999999999);
#435=CIRCLE('',#7364,2.5);
#436=CIRCLE('',#7366,1.7);
#437=CIRCLE('',#7368,0.8);
#438=CIRCLE('',#7369,1.7);
#439=CIRCLE('',#7371,1.7);
#440=CIRCLE('',#7373,0.8);
#441=CIRCLE('',#7374,1.7);
#442=CIRCLE('',#7379,1.7);
#443=CIRCLE('',#7381,0.8);
#444=CIRCLE('',#7382,1.7);
#445=CIRCLE('',#7384,1.7);
#446=CIRCLE('',#7386,0.8);
#447=CIRCLE('',#7387,1.70000000000002);
#448=CIRCLE('',#7389,1.70000000000002);
#449=CIRCLE('',#7391,0.8);
#450=CIRCLE('',#7392,1.69999999999999);
#451=CIRCLE('',#7394,1.69999999999999);
#452=CIRCLE('',#7514,2.40000000000004);
#453=CIRCLE('',#7515,0.8);
#454=CIRCLE('',#7516,1.60000000000004);
#455=CIRCLE('',#7518,2.40000000000004);
#456=CIRCLE('',#7519,2.40000000000004);
#457=CIRCLE('',#7520,2.39999999999997);
#458=CIRCLE('',#7521,2.4);
#459=CIRCLE('',#7522,2.49999999999998);
#460=CIRCLE('',#7523,2.4);
#461=CIRCLE('',#7524,2.4);
#462=CIRCLE('',#7526,0.8);
#463=CIRCLE('',#7527,1.60000000000004);
#464=CIRCLE('',#7589,0.8);
#465=CIRCLE('',#7590,1.59999999999997);
#466=CIRCLE('',#7592,1.59999999999997);
#467=CIRCLE('',#7614,0.8);
#468=CIRCLE('',#7615,1.6);
#469=CIRCLE('',#7617,1.6);
#470=CIRCLE('',#7619,1.60000000000004);
#471=CIRCLE('',#7631,0.8);
#472=CIRCLE('',#7632,1.6);
#473=CIRCLE('',#7634,1.6);
#474=CIRCLE('',#7676,1.60000000000004);
#475=CIRCLE('',#7688,0.8);
#476=CIRCLE('',#7689,1.6);
#477=CIRCLE('',#7691,1.6);
#478=CIRCLE('',#7703,0.8);
#479=CIRCLE('',#7704,1.69999999999998);
#480=CIRCLE('',#7706,1.69999999999998);
#481=FACE_OUTER_BOUND('',#863,.T.);
#482=FACE_OUTER_BOUND('',#864,.T.);
#483=FACE_OUTER_BOUND('',#865,.T.);
#484=FACE_OUTER_BOUND('',#866,.T.);
#485=FACE_OUTER_BOUND('',#867,.T.);
#486=FACE_OUTER_BOUND('',#868,.T.);
#487=FACE_OUTER_BOUND('',#869,.T.);
#488=FACE_OUTER_BOUND('',#871,.T.);
#489=FACE_OUTER_BOUND('',#873,.T.);
#490=FACE_OUTER_BOUND('',#875,.T.);
#491=FACE_OUTER_BOUND('',#877,.T.);
#492=FACE_OUTER_BOUND('',#879,.T.);
#493=FACE_OUTER_BOUND('',#881,.T.);
#494=FACE_OUTER_BOUND('',#882,.T.);
#495=FACE_OUTER_BOUND('',#883,.T.);
#496=FACE_OUTER_BOUND('',#884,.T.);
#497=FACE_OUTER_BOUND('',#885,.T.);
#498=FACE_OUTER_BOUND('',#886,.T.);
#499=FACE_OUTER_BOUND('',#887,.T.);
#500=FACE_OUTER_BOUND('',#888,.T.);
#501=FACE_OUTER_BOUND('',#889,.T.);
#502=FACE_OUTER_BOUND('',#890,.T.);
#503=FACE_OUTER_BOUND('',#891,.T.);
#504=FACE_OUTER_BOUND('',#892,.T.);
#505=FACE_OUTER_BOUND('',#893,.T.);
#506=FACE_OUTER_BOUND('',#894,.T.);
#507=FACE_OUTER_BOUND('',#895,.T.);
#508=FACE_OUTER_BOUND('',#896,.T.);
#509=FACE_OUTER_BOUND('',#897,.T.);
#510=FACE_OUTER_BOUND('',#898,.T.);
#511=FACE_OUTER_BOUND('',#899,.T.);
#512=FACE_OUTER_BOUND('',#900,.T.);
#513=FACE_OUTER_BOUND('',#901,.T.);
#514=FACE_OUTER_BOUND('',#908,.T.);
#515=FACE_OUTER_BOUND('',#909,.T.);
#516=FACE_OUTER_BOUND('',#910,.T.);
#517=FACE_OUTER_BOUND('',#911,.T.);
#518=FACE_OUTER_BOUND('',#912,.T.);
#519=FACE_OUTER_BOUND('',#914,.T.);
#520=FACE_OUTER_BOUND('',#915,.T.);
#521=FACE_OUTER_BOUND('',#916,.T.);
#522=FACE_OUTER_BOUND('',#917,.T.);
#523=FACE_OUTER_BOUND('',#918,.T.);
#524=FACE_OUTER_BOUND('',#919,.T.);
#525=FACE_OUTER_BOUND('',#920,.T.);
#526=FACE_OUTER_BOUND('',#921,.T.);
#527=FACE_OUTER_BOUND('',#922,.T.);
#528=FACE_OUTER_BOUND('',#923,.T.);
#529=FACE_OUTER_BOUND('',#924,.T.);
#530=FACE_OUTER_BOUND('',#925,.T.);
#531=FACE_OUTER_BOUND('',#926,.T.);
#532=FACE_OUTER_BOUND('',#927,.T.);
#533=FACE_OUTER_BOUND('',#928,.T.);
#534=FACE_OUTER_BOUND('',#929,.T.);
#535=FACE_OUTER_BOUND('',#930,.T.);
#536=FACE_OUTER_BOUND('',#931,.T.);
#537=FACE_OUTER_BOUND('',#932,.T.);
#538=FACE_OUTER_BOUND('',#933,.T.);
#539=FACE_OUTER_BOUND('',#934,.T.);
#540=FACE_OUTER_BOUND('',#935,.T.);
#541=FACE_OUTER_BOUND('',#936,.T.);
#542=FACE_OUTER_BOUND('',#937,.T.);
#543=FACE_OUTER_BOUND('',#944,.T.);
#544=FACE_OUTER_BOUND('',#945,.T.);
#545=FACE_OUTER_BOUND('',#954,.T.);
#546=FACE_OUTER_BOUND('',#955,.T.);
#547=FACE_OUTER_BOUND('',#963,.T.);
#548=FACE_OUTER_BOUND('',#964,.T.);
#549=FACE_OUTER_BOUND('',#965,.T.);
#550=FACE_OUTER_BOUND('',#966,.T.);
#551=FACE_OUTER_BOUND('',#967,.T.);
#552=FACE_OUTER_BOUND('',#968,.T.);
#553=FACE_OUTER_BOUND('',#969,.T.);
#554=FACE_OUTER_BOUND('',#970,.T.);
#555=FACE_OUTER_BOUND('',#971,.T.);
#556=FACE_OUTER_BOUND('',#972,.T.);
#557=FACE_OUTER_BOUND('',#973,.T.);
#558=FACE_OUTER_BOUND('',#974,.T.);
#559=FACE_OUTER_BOUND('',#975,.T.);
#560=FACE_OUTER_BOUND('',#976,.T.);
#561=FACE_OUTER_BOUND('',#977,.T.);
#562=FACE_OUTER_BOUND('',#978,.T.);
#563=FACE_OUTER_BOUND('',#980,.T.);
#564=FACE_OUTER_BOUND('',#982,.T.);
#565=FACE_OUTER_BOUND('',#984,.T.);
#566=FACE_OUTER_BOUND('',#986,.T.);
#567=FACE_OUTER_BOUND('',#988,.T.);
#568=FACE_OUTER_BOUND('',#990,.T.);
#569=FACE_OUTER_BOUND('',#992,.T.);
#570=FACE_OUTER_BOUND('',#993,.T.);
#571=FACE_OUTER_BOUND('',#994,.T.);
#572=FACE_OUTER_BOUND('',#995,.T.);
#573=FACE_OUTER_BOUND('',#996,.T.);
#574=FACE_OUTER_BOUND('',#997,.T.);
#575=FACE_OUTER_BOUND('',#998,.T.);
#576=FACE_OUTER_BOUND('',#999,.T.);
#577=FACE_OUTER_BOUND('',#1000,.T.);
#578=FACE_OUTER_BOUND('',#1001,.T.);
#579=FACE_OUTER_BOUND('',#1002,.T.);
#580=FACE_OUTER_BOUND('',#1003,.T.);
#581=FACE_OUTER_BOUND('',#1004,.T.);
#582=FACE_OUTER_BOUND('',#1005,.T.);
#583=FACE_OUTER_BOUND('',#1006,.T.);
#584=FACE_OUTER_BOUND('',#1007,.T.);
#585=FACE_OUTER_BOUND('',#1008,.T.);
#586=FACE_OUTER_BOUND('',#1009,.T.);
#587=FACE_OUTER_BOUND('',#1010,.T.);
#588=FACE_OUTER_BOUND('',#1011,.T.);
#589=FACE_OUTER_BOUND('',#1012,.T.);
#590=FACE_OUTER_BOUND('',#1013,.T.);
#591=FACE_OUTER_BOUND('',#1014,.T.);
#592=FACE_OUTER_BOUND('',#1015,.T.);
#593=FACE_OUTER_BOUND('',#1016,.T.);
#594=FACE_OUTER_BOUND('',#1017,.T.);
#595=FACE_OUTER_BOUND('',#1018,.T.);
#596=FACE_OUTER_BOUND('',#1019,.T.);
#597=FACE_OUTER_BOUND('',#1020,.T.);
#598=FACE_OUTER_BOUND('',#1021,.T.);
#599=FACE_OUTER_BOUND('',#1022,.T.);
#600=FACE_OUTER_BOUND('',#1023,.T.);
#601=FACE_OUTER_BOUND('',#1025,.T.);
#602=FACE_OUTER_BOUND('',#1026,.T.);
#603=FACE_OUTER_BOUND('',#1048,.T.);
#604=FACE_OUTER_BOUND('',#1049,.T.);
#605=FACE_OUTER_BOUND('',#1050,.T.);
#606=FACE_OUTER_BOUND('',#1051,.T.);
#607=FACE_OUTER_BOUND('',#1052,.T.);
#608=FACE_OUTER_BOUND('',#1053,.T.);
#609=FACE_OUTER_BOUND('',#1054,.T.);
#610=FACE_OUTER_BOUND('',#1055,.T.);
#611=FACE_OUTER_BOUND('',#1056,.T.);
#612=FACE_OUTER_BOUND('',#1057,.T.);
#613=FACE_OUTER_BOUND('',#1058,.T.);
#614=FACE_OUTER_BOUND('',#1059,.T.);
#615=FACE_OUTER_BOUND('',#1060,.T.);
#616=FACE_OUTER_BOUND('',#1061,.T.);
#617=FACE_OUTER_BOUND('',#1062,.T.);
#618=FACE_OUTER_BOUND('',#1063,.T.);
#619=FACE_OUTER_BOUND('',#1064,.T.);
#620=FACE_OUTER_BOUND('',#1065,.T.);
#621=FACE_OUTER_BOUND('',#1066,.T.);
#622=FACE_OUTER_BOUND('',#1067,.T.);
#623=FACE_OUTER_BOUND('',#1068,.T.);
#624=FACE_OUTER_BOUND('',#1069,.T.);
#625=FACE_OUTER_BOUND('',#1070,.T.);
#626=FACE_OUTER_BOUND('',#1071,.T.);
#627=FACE_OUTER_BOUND('',#1072,.T.);
#628=FACE_OUTER_BOUND('',#1073,.T.);
#629=FACE_OUTER_BOUND('',#1074,.T.);
#630=FACE_OUTER_BOUND('',#1075,.T.);
#631=FACE_OUTER_BOUND('',#1076,.T.);
#632=FACE_OUTER_BOUND('',#1077,.T.);
#633=FACE_OUTER_BOUND('',#1078,.T.);
#634=FACE_OUTER_BOUND('',#1079,.T.);
#635=FACE_OUTER_BOUND('',#1080,.T.);
#636=FACE_OUTER_BOUND('',#1081,.T.);
#637=FACE_OUTER_BOUND('',#1082,.T.);
#638=FACE_OUTER_BOUND('',#1083,.T.);
#639=FACE_OUTER_BOUND('',#1084,.T.);
#640=FACE_OUTER_BOUND('',#1085,.T.);
#641=FACE_OUTER_BOUND('',#1086,.T.);
#642=FACE_OUTER_BOUND('',#1087,.T.);
#643=FACE_OUTER_BOUND('',#1088,.T.);
#644=FACE_OUTER_BOUND('',#1089,.T.);
#645=FACE_OUTER_BOUND('',#1090,.T.);
#646=FACE_OUTER_BOUND('',#1091,.T.);
#647=FACE_OUTER_BOUND('',#1092,.T.);
#648=FACE_OUTER_BOUND('',#1093,.T.);
#649=FACE_OUTER_BOUND('',#1094,.T.);
#650=FACE_OUTER_BOUND('',#1095,.T.);
#651=FACE_OUTER_BOUND('',#1096,.T.);
#652=FACE_OUTER_BOUND('',#1097,.T.);
#653=FACE_OUTER_BOUND('',#1098,.T.);
#654=FACE_OUTER_BOUND('',#1099,.T.);
#655=FACE_OUTER_BOUND('',#1100,.T.);
#656=FACE_OUTER_BOUND('',#1101,.T.);
#657=FACE_OUTER_BOUND('',#1102,.T.);
#658=FACE_OUTER_BOUND('',#1103,.T.);
#659=FACE_OUTER_BOUND('',#1104,.T.);
#660=FACE_OUTER_BOUND('',#1105,.T.);
#661=FACE_OUTER_BOUND('',#1106,.T.);
#662=FACE_OUTER_BOUND('',#1107,.T.);
#663=FACE_OUTER_BOUND('',#1108,.T.);
#664=FACE_OUTER_BOUND('',#1109,.T.);
#665=FACE_OUTER_BOUND('',#1110,.T.);
#666=FACE_OUTER_BOUND('',#1111,.T.);
#667=FACE_OUTER_BOUND('',#1112,.T.);
#668=FACE_OUTER_BOUND('',#1113,.T.);
#669=FACE_OUTER_BOUND('',#1114,.T.);
#670=FACE_OUTER_BOUND('',#1115,.T.);
#671=FACE_OUTER_BOUND('',#1116,.T.);
#672=FACE_OUTER_BOUND('',#1117,.T.);
#673=FACE_OUTER_BOUND('',#1118,.T.);
#674=FACE_OUTER_BOUND('',#1119,.T.);
#675=FACE_OUTER_BOUND('',#1120,.T.);
#676=FACE_OUTER_BOUND('',#1121,.T.);
#677=FACE_OUTER_BOUND('',#1122,.T.);
#678=FACE_OUTER_BOUND('',#1123,.T.);
#679=FACE_OUTER_BOUND('',#1124,.T.);
#680=FACE_OUTER_BOUND('',#1125,.T.);
#681=FACE_OUTER_BOUND('',#1126,.T.);
#682=FACE_OUTER_BOUND('',#1127,.T.);
#683=FACE_OUTER_BOUND('',#1128,.T.);
#684=FACE_OUTER_BOUND('',#1129,.T.);
#685=FACE_OUTER_BOUND('',#1130,.T.);
#686=FACE_OUTER_BOUND('',#1131,.T.);
#687=FACE_OUTER_BOUND('',#1132,.T.);
#688=FACE_OUTER_BOUND('',#1133,.T.);
#689=FACE_OUTER_BOUND('',#1134,.T.);
#690=FACE_OUTER_BOUND('',#1135,.T.);
#691=FACE_OUTER_BOUND('',#1136,.T.);
#692=FACE_OUTER_BOUND('',#1137,.T.);
#693=FACE_OUTER_BOUND('',#1138,.T.);
#694=FACE_OUTER_BOUND('',#1139,.T.);
#695=FACE_OUTER_BOUND('',#1140,.T.);
#696=FACE_OUTER_BOUND('',#1141,.T.);
#697=FACE_OUTER_BOUND('',#1142,.T.);
#698=FACE_OUTER_BOUND('',#1143,.T.);
#699=FACE_OUTER_BOUND('',#1144,.T.);
#700=FACE_OUTER_BOUND('',#1145,.T.);
#701=FACE_OUTER_BOUND('',#1168,.T.);
#702=FACE_OUTER_BOUND('',#1169,.T.);
#703=FACE_OUTER_BOUND('',#1170,.T.);
#704=FACE_OUTER_BOUND('',#1171,.T.);
#705=FACE_OUTER_BOUND('',#1172,.T.);
#706=FACE_OUTER_BOUND('',#1173,.T.);
#707=FACE_OUTER_BOUND('',#1174,.T.);
#708=FACE_OUTER_BOUND('',#1175,.T.);
#709=FACE_OUTER_BOUND('',#1176,.T.);
#710=FACE_OUTER_BOUND('',#1177,.T.);
#711=FACE_OUTER_BOUND('',#1178,.T.);
#712=FACE_OUTER_BOUND('',#1179,.T.);
#713=FACE_OUTER_BOUND('',#1180,.T.);
#714=FACE_OUTER_BOUND('',#1181,.T.);
#715=FACE_OUTER_BOUND('',#1182,.T.);
#716=FACE_OUTER_BOUND('',#1183,.T.);
#717=FACE_OUTER_BOUND('',#1205,.T.);
#718=FACE_OUTER_BOUND('',#1206,.T.);
#719=FACE_OUTER_BOUND('',#1207,.T.);
#720=FACE_OUTER_BOUND('',#1208,.T.);
#721=FACE_OUTER_BOUND('',#1209,.T.);
#722=FACE_OUTER_BOUND('',#1210,.T.);
#723=FACE_OUTER_BOUND('',#1211,.T.);
#724=FACE_OUTER_BOUND('',#1212,.T.);
#725=FACE_OUTER_BOUND('',#1213,.T.);
#726=FACE_OUTER_BOUND('',#1214,.T.);
#727=FACE_OUTER_BOUND('',#1215,.T.);
#728=FACE_OUTER_BOUND('',#1216,.T.);
#729=FACE_OUTER_BOUND('',#1217,.T.);
#730=FACE_OUTER_BOUND('',#1218,.T.);
#731=FACE_OUTER_BOUND('',#1219,.T.);
#732=FACE_OUTER_BOUND('',#1220,.T.);
#733=FACE_OUTER_BOUND('',#1221,.T.);
#734=FACE_OUTER_BOUND('',#1222,.T.);
#735=FACE_OUTER_BOUND('',#1223,.T.);
#736=FACE_OUTER_BOUND('',#1224,.T.);
#737=FACE_OUTER_BOUND('',#1225,.T.);
#738=FACE_OUTER_BOUND('',#1226,.T.);
#739=FACE_OUTER_BOUND('',#1227,.T.);
#740=FACE_OUTER_BOUND('',#1228,.T.);
#741=FACE_OUTER_BOUND('',#1229,.T.);
#742=FACE_OUTER_BOUND('',#1230,.T.);
#743=FACE_OUTER_BOUND('',#1231,.T.);
#744=FACE_OUTER_BOUND('',#1232,.T.);
#745=FACE_OUTER_BOUND('',#1233,.T.);
#746=FACE_OUTER_BOUND('',#1234,.T.);
#747=FACE_OUTER_BOUND('',#1235,.T.);
#748=FACE_OUTER_BOUND('',#1236,.T.);
#749=FACE_OUTER_BOUND('',#1237,.T.);
#750=FACE_OUTER_BOUND('',#1238,.T.);
#751=FACE_OUTER_BOUND('',#1239,.T.);
#752=FACE_OUTER_BOUND('',#1240,.T.);
#753=FACE_OUTER_BOUND('',#1241,.T.);
#754=FACE_OUTER_BOUND('',#1242,.T.);
#755=FACE_OUTER_BOUND('',#1243,.T.);
#756=FACE_OUTER_BOUND('',#1244,.T.);
#757=FACE_OUTER_BOUND('',#1245,.T.);
#758=FACE_OUTER_BOUND('',#1246,.T.);
#759=FACE_OUTER_BOUND('',#1247,.T.);
#760=FACE_OUTER_BOUND('',#1248,.T.);
#761=FACE_OUTER_BOUND('',#1249,.T.);
#762=FACE_OUTER_BOUND('',#1250,.T.);
#763=FACE_OUTER_BOUND('',#1251,.T.);
#764=FACE_OUTER_BOUND('',#1252,.T.);
#765=FACE_OUTER_BOUND('',#1253,.T.);
#766=FACE_OUTER_BOUND('',#1254,.T.);
#767=FACE_OUTER_BOUND('',#1255,.T.);
#768=FACE_OUTER_BOUND('',#1256,.T.);
#769=FACE_OUTER_BOUND('',#1257,.T.);
#770=FACE_OUTER_BOUND('',#1258,.T.);
#771=FACE_OUTER_BOUND('',#1259,.T.);
#772=FACE_OUTER_BOUND('',#1260,.T.);
#773=FACE_OUTER_BOUND('',#1261,.T.);
#774=FACE_OUTER_BOUND('',#1262,.T.);
#775=FACE_OUTER_BOUND('',#1263,.T.);
#776=FACE_OUTER_BOUND('',#1264,.T.);
#777=FACE_OUTER_BOUND('',#1265,.T.);
#778=FACE_OUTER_BOUND('',#1266,.T.);
#779=FACE_OUTER_BOUND('',#1267,.T.);
#780=FACE_OUTER_BOUND('',#1268,.T.);
#781=FACE_OUTER_BOUND('',#1269,.T.);
#782=FACE_OUTER_BOUND('',#1270,.T.);
#783=FACE_OUTER_BOUND('',#1271,.T.);
#784=FACE_OUTER_BOUND('',#1272,.T.);
#785=FACE_OUTER_BOUND('',#1273,.T.);
#786=FACE_OUTER_BOUND('',#1274,.T.);
#787=FACE_OUTER_BOUND('',#1275,.T.);
#788=FACE_OUTER_BOUND('',#1276,.T.);
#789=FACE_OUTER_BOUND('',#1277,.T.);
#790=FACE_OUTER_BOUND('',#1278,.T.);
#791=FACE_OUTER_BOUND('',#1279,.T.);
#792=FACE_OUTER_BOUND('',#1280,.T.);
#793=FACE_OUTER_BOUND('',#1281,.T.);
#794=FACE_OUTER_BOUND('',#1282,.T.);
#795=FACE_OUTER_BOUND('',#1283,.T.);
#796=FACE_OUTER_BOUND('',#1284,.T.);
#797=FACE_OUTER_BOUND('',#1285,.T.);
#798=FACE_OUTER_BOUND('',#1286,.T.);
#799=FACE_OUTER_BOUND('',#1287,.T.);
#800=FACE_OUTER_BOUND('',#1288,.T.);
#801=FACE_OUTER_BOUND('',#1289,.T.);
#802=FACE_OUTER_BOUND('',#1290,.T.);
#803=FACE_OUTER_BOUND('',#1291,.T.);
#804=FACE_OUTER_BOUND('',#1292,.T.);
#805=FACE_OUTER_BOUND('',#1293,.T.);
#806=FACE_OUTER_BOUND('',#1294,.T.);
#807=FACE_OUTER_BOUND('',#1295,.T.);
#808=FACE_OUTER_BOUND('',#1296,.T.);
#809=FACE_OUTER_BOUND('',#1297,.T.);
#810=FACE_OUTER_BOUND('',#1298,.T.);
#811=FACE_OUTER_BOUND('',#1299,.T.);
#812=FACE_OUTER_BOUND('',#1300,.T.);
#813=FACE_OUTER_BOUND('',#1301,.T.);
#814=FACE_OUTER_BOUND('',#1302,.T.);
#815=FACE_OUTER_BOUND('',#1303,.T.);
#816=FACE_OUTER_BOUND('',#1304,.T.);
#817=FACE_OUTER_BOUND('',#1305,.T.);
#818=FACE_OUTER_BOUND('',#1306,.T.);
#819=FACE_OUTER_BOUND('',#1307,.T.);
#820=FACE_OUTER_BOUND('',#1308,.T.);
#821=FACE_OUTER_BOUND('',#1309,.T.);
#822=FACE_OUTER_BOUND('',#1310,.T.);
#823=FACE_OUTER_BOUND('',#1311,.T.);
#824=FACE_OUTER_BOUND('',#1312,.T.);
#825=FACE_OUTER_BOUND('',#1313,.T.);
#826=FACE_OUTER_BOUND('',#1314,.T.);
#827=FACE_OUTER_BOUND('',#1315,.T.);
#828=FACE_OUTER_BOUND('',#1316,.T.);
#829=FACE_OUTER_BOUND('',#1317,.T.);
#830=FACE_OUTER_BOUND('',#1318,.T.);
#831=FACE_OUTER_BOUND('',#1319,.T.);
#832=FACE_OUTER_BOUND('',#1320,.T.);
#833=FACE_OUTER_BOUND('',#1321,.T.);
#834=FACE_OUTER_BOUND('',#1322,.T.);
#835=FACE_OUTER_BOUND('',#1323,.T.);
#836=FACE_OUTER_BOUND('',#1324,.T.);
#837=FACE_OUTER_BOUND('',#1325,.T.);
#838=FACE_OUTER_BOUND('',#1326,.T.);
#839=FACE_OUTER_BOUND('',#1327,.T.);
#840=FACE_OUTER_BOUND('',#1328,.T.);
#841=FACE_OUTER_BOUND('',#1329,.T.);
#842=FACE_OUTER_BOUND('',#1330,.T.);
#843=FACE_OUTER_BOUND('',#1331,.T.);
#844=FACE_OUTER_BOUND('',#1332,.T.);
#845=FACE_OUTER_BOUND('',#1333,.T.);
#846=FACE_OUTER_BOUND('',#1334,.T.);
#847=FACE_OUTER_BOUND('',#1335,.T.);
#848=FACE_OUTER_BOUND('',#1336,.T.);
#849=FACE_OUTER_BOUND('',#1337,.T.);
#850=FACE_OUTER_BOUND('',#1338,.T.);
#851=FACE_OUTER_BOUND('',#1339,.T.);
#852=FACE_OUTER_BOUND('',#1340,.T.);
#853=FACE_OUTER_BOUND('',#1341,.T.);
#854=FACE_OUTER_BOUND('',#1342,.T.);
#855=FACE_OUTER_BOUND('',#1343,.T.);
#856=FACE_OUTER_BOUND('',#1344,.T.);
#857=FACE_OUTER_BOUND('',#1345,.T.);
#858=FACE_OUTER_BOUND('',#1346,.T.);
#859=FACE_OUTER_BOUND('',#1347,.T.);
#860=FACE_OUTER_BOUND('',#1348,.T.);
#861=FACE_OUTER_BOUND('',#1349,.T.);
#862=FACE_OUTER_BOUND('',#1350,.T.);
#863=EDGE_LOOP('',(#4573,#4574,#4575,#4576,#4577,#4578,#4579,#4580,#4581,
#4582,#4583));
#864=EDGE_LOOP('',(#4584,#4585,#4586,#4587));
#865=EDGE_LOOP('',(#4588,#4589,#4590,#4591));
#866=EDGE_LOOP('',(#4592,#4593,#4594,#4595));
#867=EDGE_LOOP('',(#4596,#4597,#4598,#4599));
#868=EDGE_LOOP('',(#4600,#4601,#4602,#4603));
#869=EDGE_LOOP('',(#4604));
#870=EDGE_LOOP('',(#4605));
#871=EDGE_LOOP('',(#4606));
#872=EDGE_LOOP('',(#4607));
#873=EDGE_LOOP('',(#4608));
#874=EDGE_LOOP('',(#4609));
#875=EDGE_LOOP('',(#4610));
#876=EDGE_LOOP('',(#4611));
#877=EDGE_LOOP('',(#4612));
#878=EDGE_LOOP('',(#4613));
#879=EDGE_LOOP('',(#4614));
#880=EDGE_LOOP('',(#4615));
#881=EDGE_LOOP('',(#4616,#4617,#4618,#4619));
#882=EDGE_LOOP('',(#4620,#4621,#4622,#4623));
#883=EDGE_LOOP('',(#4624,#4625,#4626,#4627));
#884=EDGE_LOOP('',(#4628,#4629,#4630,#4631));
#885=EDGE_LOOP('',(#4632,#4633,#4634,#4635));
#886=EDGE_LOOP('',(#4636,#4637,#4638,#4639));
#887=EDGE_LOOP('',(#4640,#4641,#4642,#4643));
#888=EDGE_LOOP('',(#4644,#4645,#4646,#4647));
#889=EDGE_LOOP('',(#4648,#4649,#4650,#4651));
#890=EDGE_LOOP('',(#4652,#4653,#4654,#4655));
#891=EDGE_LOOP('',(#4656,#4657,#4658,#4659));
#892=EDGE_LOOP('',(#4660,#4661,#4662,#4663));
#893=EDGE_LOOP('',(#4664,#4665,#4666,#4667));
#894=EDGE_LOOP('',(#4668,#4669,#4670,#4671));
#895=EDGE_LOOP('',(#4672,#4673,#4674,#4675));
#896=EDGE_LOOP('',(#4676,#4677,#4678,#4679));
#897=EDGE_LOOP('',(#4680,#4681,#4682,#4683));
#898=EDGE_LOOP('',(#4684,#4685,#4686,#4687));
#899=EDGE_LOOP('',(#4688,#4689,#4690,#4691));
#900=EDGE_LOOP('',(#4692,#4693,#4694,#4695));
#901=EDGE_LOOP('',(#4696,#4697,#4698,#4699,#4700,#4701,#4702,#4703,#4704,
#4705,#4706,#4707,#4708,#4709,#4710,#4711,#4712,#4713,#4714,#4715,#4716,
#4717,#4718,#4719,#4720,#4721));
#902=EDGE_LOOP('',(#4722));
#903=EDGE_LOOP('',(#4723));
#904=EDGE_LOOP('',(#4724));
#905=EDGE_LOOP('',(#4725));
#906=EDGE_LOOP('',(#4726));
#907=EDGE_LOOP('',(#4727));
#908=EDGE_LOOP('',(#4728,#4729,#4730,#4731));
#909=EDGE_LOOP('',(#4732,#4733,#4734,#4735));
#910=EDGE_LOOP('',(#4736,#4737,#4738,#4739));
#911=EDGE_LOOP('',(#4740,#4741,#4742,#4743));
#912=EDGE_LOOP('',(#4744,#4745,#4746,#4747,#4748,#4749,#4750,#4751,#4752,
#4753,#4754,#4755,#4756,#4757,#4758,#4759,#4760,#4761,#4762));
#913=EDGE_LOOP('',(#4763,#4764,#4765,#4766,#4767,#4768,#4769,#4770,#4771,
#4772,#4773));
#914=EDGE_LOOP('',(#4774,#4775,#4776,#4777));
#915=EDGE_LOOP('',(#4778,#4779,#4780,#4781));
#916=EDGE_LOOP('',(#4782,#4783,#4784,#4785));
#917=EDGE_LOOP('',(#4786,#4787,#4788,#4789));
#918=EDGE_LOOP('',(#4790,#4791,#4792,#4793));
#919=EDGE_LOOP('',(#4794,#4795,#4796,#4797));
#920=EDGE_LOOP('',(#4798,#4799,#4800,#4801));
#921=EDGE_LOOP('',(#4802,#4803,#4804,#4805));
#922=EDGE_LOOP('',(#4806,#4807,#4808,#4809));
#923=EDGE_LOOP('',(#4810,#4811,#4812,#4813));
#924=EDGE_LOOP('',(#4814,#4815,#4816,#4817));
#925=EDGE_LOOP('',(#4818,#4819,#4820,#4821));
#926=EDGE_LOOP('',(#4822,#4823,#4824,#4825));
#927=EDGE_LOOP('',(#4826,#4827,#4828,#4829));
#928=EDGE_LOOP('',(#4830,#4831,#4832,#4833,#4834,#4835,#4836,#4837,#4838,
#4839,#4840,#4841));
#929=EDGE_LOOP('',(#4842,#4843,#4844,#4845));
#930=EDGE_LOOP('',(#4846,#4847,#4848,#4849));
#931=EDGE_LOOP('',(#4850,#4851,#4852,#4853));
#932=EDGE_LOOP('',(#4854,#4855,#4856,#4857));
#933=EDGE_LOOP('',(#4858,#4859,#4860,#4861));
#934=EDGE_LOOP('',(#4862,#4863,#4864,#4865));
#935=EDGE_LOOP('',(#4866,#4867,#4868,#4869));
#936=EDGE_LOOP('',(#4870,#4871,#4872,#4873));
#937=EDGE_LOOP('',(#4874,#4875,#4876,#4877,#4878,#4879,#4880,#4881,#4882,
#4883,#4884));
#938=EDGE_LOOP('',(#4885));
#939=EDGE_LOOP('',(#4886));
#940=EDGE_LOOP('',(#4887));
#941=EDGE_LOOP('',(#4888));
#942=EDGE_LOOP('',(#4889));
#943=EDGE_LOOP('',(#4890));
#944=EDGE_LOOP('',(#4891,#4892,#4893,#4894));
#945=EDGE_LOOP('',(#4895,#4896,#4897,#4898,#4899,#4900,#4901,#4902,#4903,
#4904,#4905,#4906,#4907,#4908,#4909,#4910,#4911,#4912));
#946=EDGE_LOOP('',(#4913));
#947=EDGE_LOOP('',(#4914));
#948=EDGE_LOOP('',(#4915));
#949=EDGE_LOOP('',(#4916,#4917,#4918));
#950=EDGE_LOOP('',(#4919));
#951=EDGE_LOOP('',(#4920));
#952=EDGE_LOOP('',(#4921));
#953=EDGE_LOOP('',(#4922));
#954=EDGE_LOOP('',(#4923,#4924,#4925,#4926));
#955=EDGE_LOOP('',(#4927,#4928,#4929,#4930,#4931,#4932,#4933,#4934,#4935,
#4936,#4937,#4938,#4939,#4940,#4941,#4942,#4943,#4944,#4945,#4946,#4947,
#4948,#4949,#4950));
#956=EDGE_LOOP('',(#4951));
#957=EDGE_LOOP('',(#4952));
#958=EDGE_LOOP('',(#4953));
#959=EDGE_LOOP('',(#4954));
#960=EDGE_LOOP('',(#4955));
#961=EDGE_LOOP('',(#4956));
#962=EDGE_LOOP('',(#4957));
#963=EDGE_LOOP('',(#4958,#4959,#4960,#4961));
#964=EDGE_LOOP('',(#4962,#4963,#4964,#4965,#4966));
#965=EDGE_LOOP('',(#4967,#4968,#4969,#4970));
#966=EDGE_LOOP('',(#4971,#4972,#4973,#4974));
#967=EDGE_LOOP('',(#4975,#4976,#4977,#4978));
#968=EDGE_LOOP('',(#4979,#4980,#4981,#4982));
#969=EDGE_LOOP('',(#4983,#4984,#4985,#4986));
#970=EDGE_LOOP('',(#4987,#4988,#4989,#4990));
#971=EDGE_LOOP('',(#4991,#4992,#4993,#4994));
#972=EDGE_LOOP('',(#4995,#4996,#4997,#4998));
#973=EDGE_LOOP('',(#4999,#5000,#5001,#5002));
#974=EDGE_LOOP('',(#5003,#5004,#5005,#5006));
#975=EDGE_LOOP('',(#5007,#5008,#5009,#5010,#5011));
#976=EDGE_LOOP('',(#5012,#5013,#5014,#5015));
#977=EDGE_LOOP('',(#5016,#5017,#5018,#5019));
#978=EDGE_LOOP('',(#5020));
#979=EDGE_LOOP('',(#5021));
#980=EDGE_LOOP('',(#5022));
#981=EDGE_LOOP('',(#5023));
#982=EDGE_LOOP('',(#5024));
#983=EDGE_LOOP('',(#5025));
#984=EDGE_LOOP('',(#5026));
#985=EDGE_LOOP('',(#5027));
#986=EDGE_LOOP('',(#5028));
#987=EDGE_LOOP('',(#5029));
#988=EDGE_LOOP('',(#5030));
#989=EDGE_LOOP('',(#5031));
#990=EDGE_LOOP('',(#5032));
#991=EDGE_LOOP('',(#5033));
#992=EDGE_LOOP('',(#5034,#5035,#5036,#5037));
#993=EDGE_LOOP('',(#5038,#5039,#5040,#5041));
#994=EDGE_LOOP('',(#5042,#5043,#5044,#5045));
#995=EDGE_LOOP('',(#5046,#5047,#5048,#5049));
#996=EDGE_LOOP('',(#5050,#5051,#5052,#5053));
#997=EDGE_LOOP('',(#5054,#5055,#5056,#5057));
#998=EDGE_LOOP('',(#5058,#5059,#5060,#5061));
#999=EDGE_LOOP('',(#5062,#5063,#5064,#5065));
#1000=EDGE_LOOP('',(#5066,#5067,#5068,#5069));
#1001=EDGE_LOOP('',(#5070,#5071,#5072,#5073));
#1002=EDGE_LOOP('',(#5074,#5075,#5076,#5077));
#1003=EDGE_LOOP('',(#5078,#5079,#5080,#5081));
#1004=EDGE_LOOP('',(#5082,#5083,#5084,#5085));
#1005=EDGE_LOOP('',(#5086,#5087,#5088,#5089));
#1006=EDGE_LOOP('',(#5090,#5091,#5092,#5093));
#1007=EDGE_LOOP('',(#5094,#5095,#5096,#5097));
#1008=EDGE_LOOP('',(#5098,#5099,#5100,#5101));
#1009=EDGE_LOOP('',(#5102,#5103,#5104,#5105));
#1010=EDGE_LOOP('',(#5106,#5107,#5108,#5109));
#1011=EDGE_LOOP('',(#5110,#5111,#5112,#5113));
#1012=EDGE_LOOP('',(#5114,#5115,#5116,#5117));
#1013=EDGE_LOOP('',(#5118,#5119,#5120,#5121));
#1014=EDGE_LOOP('',(#5122,#5123,#5124,#5125));
#1015=EDGE_LOOP('',(#5126,#5127,#5128,#5129));
#1016=EDGE_LOOP('',(#5130,#5131,#5132,#5133));
#1017=EDGE_LOOP('',(#5134,#5135,#5136,#5137));
#1018=EDGE_LOOP('',(#5138,#5139,#5140,#5141));
#1019=EDGE_LOOP('',(#5142,#5143,#5144,#5145));
#1020=EDGE_LOOP('',(#5146,#5147,#5148,#5149,#5150));
#1021=EDGE_LOOP('',(#5151,#5152,#5153,#5154));
#1022=EDGE_LOOP('',(#5155,#5156,#5157,#5158,#5159));
#1023=EDGE_LOOP('',(#5160,#5161,#5162,#5163,#5164,#5165,#5166,#5167,#5168,
#5169,#5170,#5171,#5172,#5173));
#1024=EDGE_LOOP('',(#5174,#5175,#5176));
#1025=EDGE_LOOP('',(#5177,#5178,#5179,#5180));
#1026=EDGE_LOOP('',(#5181,#5182,#5183,#5184,#5185,#5186,#5187,#5188,#5189,
#5190,#5191,#5192,#5193));
#1027=EDGE_LOOP('',(#5194));
#1028=EDGE_LOOP('',(#5195));
#1029=EDGE_LOOP('',(#5196,#5197,#5198,#5199));
#1030=EDGE_LOOP('',(#5200,#5201,#5202,#5203));
#1031=EDGE_LOOP('',(#5204,#5205,#5206,#5207));
#1032=EDGE_LOOP('',(#5208,#5209,#5210,#5211));
#1033=EDGE_LOOP('',(#5212,#5213,#5214,#5215));
#1034=EDGE_LOOP('',(#5216,#5217,#5218,#5219));
#1035=EDGE_LOOP('',(#5220,#5221,#5222,#5223));
#1036=EDGE_LOOP('',(#5224,#5225,#5226,#5227));
#1037=EDGE_LOOP('',(#5228,#5229,#5230,#5231));
#1038=EDGE_LOOP('',(#5232,#5233,#5234,#5235));
#1039=EDGE_LOOP('',(#5236,#5237,#5238,#5239));
#1040=EDGE_LOOP('',(#5240,#5241,#5242,#5243));
#1041=EDGE_LOOP('',(#5244,#5245,#5246,#5247));
#1042=EDGE_LOOP('',(#5248,#5249,#5250,#5251));
#1043=EDGE_LOOP('',(#5252,#5253,#5254,#5255));
#1044=EDGE_LOOP('',(#5256,#5257,#5258,#5259));
#1045=EDGE_LOOP('',(#5260));
#1046=EDGE_LOOP('',(#5261));
#1047=EDGE_LOOP('',(#5262));
#1048=EDGE_LOOP('',(#5263,#5264,#5265,#5266));
#1049=EDGE_LOOP('',(#5267,#5268,#5269,#5270));
#1050=EDGE_LOOP('',(#5271,#5272,#5273,#5274));
#1051=EDGE_LOOP('',(#5275,#5276,#5277,#5278,#5279,#5280,#5281));
#1052=EDGE_LOOP('',(#5282,#5283,#5284,#5285,#5286));
#1053=EDGE_LOOP('',(#5287,#5288,#5289,#5290));
#1054=EDGE_LOOP('',(#5291,#5292,#5293,#5294));
#1055=EDGE_LOOP('',(#5295,#5296,#5297,#5298));
#1056=EDGE_LOOP('',(#5299,#5300,#5301,#5302));
#1057=EDGE_LOOP('',(#5303,#5304,#5305,#5306));
#1058=EDGE_LOOP('',(#5307,#5308,#5309,#5310));
#1059=EDGE_LOOP('',(#5311,#5312,#5313,#5314));
#1060=EDGE_LOOP('',(#5315,#5316,#5317,#5318));
#1061=EDGE_LOOP('',(#5319,#5320,#5321,#5322));
#1062=EDGE_LOOP('',(#5323,#5324,#5325,#5326,#5327));
#1063=EDGE_LOOP('',(#5328,#5329,#5330,#5331));
#1064=EDGE_LOOP('',(#5332,#5333,#5334,#5335));
#1065=EDGE_LOOP('',(#5336,#5337,#5338,#5339));
#1066=EDGE_LOOP('',(#5340,#5341,#5342,#5343));
#1067=EDGE_LOOP('',(#5344,#5345,#5346,#5347));
#1068=EDGE_LOOP('',(#5348,#5349,#5350,#5351));
#1069=EDGE_LOOP('',(#5352,#5353,#5354,#5355));
#1070=EDGE_LOOP('',(#5356,#5357,#5358,#5359));
#1071=EDGE_LOOP('',(#5360,#5361,#5362,#5363));
#1072=EDGE_LOOP('',(#5364,#5365,#5366,#5367));
#1073=EDGE_LOOP('',(#5368,#5369,#5370,#5371));
#1074=EDGE_LOOP('',(#5372,#5373,#5374,#5375));
#1075=EDGE_LOOP('',(#5376,#5377,#5378,#5379));
#1076=EDGE_LOOP('',(#5380,#5381,#5382,#5383));
#1077=EDGE_LOOP('',(#5384,#5385,#5386,#5387));
#1078=EDGE_LOOP('',(#5388,#5389,#5390,#5391));
#1079=EDGE_LOOP('',(#5392,#5393,#5394,#5395));
#1080=EDGE_LOOP('',(#5396,#5397,#5398,#5399));
#1081=EDGE_LOOP('',(#5400,#5401,#5402,#5403));
#1082=EDGE_LOOP('',(#5404,#5405,#5406,#5407));
#1083=EDGE_LOOP('',(#5408,#5409,#5410,#5411));
#1084=EDGE_LOOP('',(#5412,#5413,#5414,#5415));
#1085=EDGE_LOOP('',(#5416,#5417,#5418,#5419));
#1086=EDGE_LOOP('',(#5420,#5421,#5422,#5423));
#1087=EDGE_LOOP('',(#5424,#5425,#5426,#5427));
#1088=EDGE_LOOP('',(#5428,#5429,#5430,#5431));
#1089=EDGE_LOOP('',(#5432,#5433,#5434,#5435));
#1090=EDGE_LOOP('',(#5436,#5437,#5438,#5439));
#1091=EDGE_LOOP('',(#5440,#5441,#5442,#5443));
#1092=EDGE_LOOP('',(#5444,#5445,#5446,#5447));
#1093=EDGE_LOOP('',(#5448,#5449,#5450,#5451));
#1094=EDGE_LOOP('',(#5452,#5453,#5454,#5455));
#1095=EDGE_LOOP('',(#5456,#5457,#5458,#5459));
#1096=EDGE_LOOP('',(#5460,#5461,#5462,#5463));
#1097=EDGE_LOOP('',(#5464,#5465,#5466,#5467));
#1098=EDGE_LOOP('',(#5468,#5469,#5470,#5471));
#1099=EDGE_LOOP('',(#5472,#5473,#5474,#5475));
#1100=EDGE_LOOP('',(#5476,#5477,#5478,#5479));
#1101=EDGE_LOOP('',(#5480,#5481,#5482,#5483));
#1102=EDGE_LOOP('',(#5484,#5485,#5486,#5487));
#1103=EDGE_LOOP('',(#5488,#5489,#5490,#5491));
#1104=EDGE_LOOP('',(#5492,#5493,#5494,#5495));
#1105=EDGE_LOOP('',(#5496,#5497,#5498,#5499));
#1106=EDGE_LOOP('',(#5500,#5501,#5502,#5503));
#1107=EDGE_LOOP('',(#5504,#5505,#5506,#5507));
#1108=EDGE_LOOP('',(#5508,#5509,#5510,#5511));
#1109=EDGE_LOOP('',(#5512,#5513,#5514,#5515));
#1110=EDGE_LOOP('',(#5516,#5517,#5518,#5519));
#1111=EDGE_LOOP('',(#5520,#5521,#5522,#5523));
#1112=EDGE_LOOP('',(#5524,#5525,#5526,#5527));
#1113=EDGE_LOOP('',(#5528,#5529,#5530,#5531));
#1114=EDGE_LOOP('',(#5532,#5533,#5534,#5535));
#1115=EDGE_LOOP('',(#5536,#5537,#5538,#5539));
#1116=EDGE_LOOP('',(#5540,#5541,#5542,#5543));
#1117=EDGE_LOOP('',(#5544,#5545,#5546,#5547));
#1118=EDGE_LOOP('',(#5548,#5549,#5550,#5551));
#1119=EDGE_LOOP('',(#5552,#5553,#5554,#5555));
#1120=EDGE_LOOP('',(#5556,#5557,#5558,#5559));
#1121=EDGE_LOOP('',(#5560,#5561,#5562,#5563));
#1122=EDGE_LOOP('',(#5564,#5565,#5566,#5567));
#1123=EDGE_LOOP('',(#5568,#5569,#5570,#5571));
#1124=EDGE_LOOP('',(#5572,#5573,#5574,#5575));
#1125=EDGE_LOOP('',(#5576,#5577,#5578,#5579));
#1126=EDGE_LOOP('',(#5580,#5581,#5582,#5583));
#1127=EDGE_LOOP('',(#5584,#5585,#5586,#5587));
#1128=EDGE_LOOP('',(#5588,#5589,#5590,#5591));
#1129=EDGE_LOOP('',(#5592,#5593,#5594,#5595));
#1130=EDGE_LOOP('',(#5596,#5597,#5598,#5599));
#1131=EDGE_LOOP('',(#5600,#5601,#5602,#5603));
#1132=EDGE_LOOP('',(#5604,#5605,#5606,#5607));
#1133=EDGE_LOOP('',(#5608,#5609,#5610,#5611));
#1134=EDGE_LOOP('',(#5612,#5613,#5614,#5615));
#1135=EDGE_LOOP('',(#5616,#5617,#5618,#5619));
#1136=EDGE_LOOP('',(#5620,#5621,#5622,#5623));
#1137=EDGE_LOOP('',(#5624,#5625,#5626,#5627));
#1138=EDGE_LOOP('',(#5628,#5629,#5630,#5631));
#1139=EDGE_LOOP('',(#5632,#5633,#5634,#5635));
#1140=EDGE_LOOP('',(#5636,#5637,#5638,#5639));
#1141=EDGE_LOOP('',(#5640,#5641,#5642,#5643));
#1142=EDGE_LOOP('',(#5644,#5645,#5646,#5647));
#1143=EDGE_LOOP('',(#5648,#5649,#5650,#5651));
#1144=EDGE_LOOP('',(#5652,#5653,#5654,#5655));
#1145=EDGE_LOOP('',(#5656,#5657,#5658,#5659,#5660,#5661,#5662,#5663,#5664,
#5665,#5666));
#1146=EDGE_LOOP('',(#5667,#5668,#5669,#5670));
#1147=EDGE_LOOP('',(#5671,#5672,#5673,#5674));
#1148=EDGE_LOOP('',(#5675,#5676,#5677,#5678));
#1149=EDGE_LOOP('',(#5679,#5680,#5681,#5682));
#1150=EDGE_LOOP('',(#5683));
#1151=EDGE_LOOP('',(#5684));
#1152=EDGE_LOOP('',(#5685));
#1153=EDGE_LOOP('',(#5686));
#1154=EDGE_LOOP('',(#5687,#5688,#5689,#5690));
#1155=EDGE_LOOP('',(#5691,#5692,#5693,#5694));
#1156=EDGE_LOOP('',(#5695,#5696,#5697,#5698));
#1157=EDGE_LOOP('',(#5699,#5700,#5701,#5702));
#1158=EDGE_LOOP('',(#5703,#5704,#5705,#5706));
#1159=EDGE_LOOP('',(#5707,#5708,#5709,#5710));
#1160=EDGE_LOOP('',(#5711,#5712,#5713,#5714));
#1161=EDGE_LOOP('',(#5715,#5716,#5717,#5718));
#1162=EDGE_LOOP('',(#5719));
#1163=EDGE_LOOP('',(#5720,#5721,#5722,#5723));
#1164=EDGE_LOOP('',(#5724,#5725,#5726,#5727));
#1165=EDGE_LOOP('',(#5728,#5729,#5730,#5731));
#1166=EDGE_LOOP('',(#5732));
#1167=EDGE_LOOP('',(#5733,#5734,#5735,#5736));
#1168=EDGE_LOOP('',(#5737,#5738,#5739,#5740));
#1169=EDGE_LOOP('',(#5741,#5742,#5743,#5744));
#1170=EDGE_LOOP('',(#5745,#5746,#5747,#5748));
#1171=EDGE_LOOP('',(#5749,#5750,#5751,#5752));
#1172=EDGE_LOOP('',(#5753,#5754,#5755,#5756,#5757,#5758,#5759));
#1173=EDGE_LOOP('',(#5760,#5761,#5762,#5763));
#1174=EDGE_LOOP('',(#5764,#5765,#5766,#5767,#5768,#5769));
#1175=EDGE_LOOP('',(#5770,#5771,#5772,#5773));
#1176=EDGE_LOOP('',(#5774,#5775,#5776,#5777));
#1177=EDGE_LOOP('',(#5778,#5779,#5780,#5781));
#1178=EDGE_LOOP('',(#5782,#5783,#5784,#5785));
#1179=EDGE_LOOP('',(#5786,#5787,#5788,#5789));
#1180=EDGE_LOOP('',(#5790,#5791,#5792,#5793));
#1181=EDGE_LOOP('',(#5794,#5795,#5796,#5797));
#1182=EDGE_LOOP('',(#5798,#5799,#5800,#5801,#5802,#5803));
#1183=EDGE_LOOP('',(#5804,#5805,#5806,#5807,#5808,#5809,#5810,#5811,#5812,
#5813,#5814,#5815,#5816,#5817));
#1184=EDGE_LOOP('',(#5818,#5819,#5820,#5821));
#1185=EDGE_LOOP('',(#5822,#5823,#5824,#5825));
#1186=EDGE_LOOP('',(#5826,#5827,#5828,#5829));
#1187=EDGE_LOOP('',(#5830));
#1188=EDGE_LOOP('',(#5831,#5832,#5833,#5834));
#1189=EDGE_LOOP('',(#5835));
#1190=EDGE_LOOP('',(#5836,#5837,#5838,#5839));
#1191=EDGE_LOOP('',(#5840,#5841,#5842,#5843));
#1192=EDGE_LOOP('',(#5844,#5845,#5846,#5847));
#1193=EDGE_LOOP('',(#5848,#5849,#5850,#5851));
#1194=EDGE_LOOP('',(#5852,#5853,#5854,#5855));
#1195=EDGE_LOOP('',(#5856));
#1196=EDGE_LOOP('',(#5857));
#1197=EDGE_LOOP('',(#5858,#5859,#5860,#5861));
#1198=EDGE_LOOP('',(#5862,#5863,#5864,#5865));
#1199=EDGE_LOOP('',(#5866,#5867,#5868,#5869));
#1200=EDGE_LOOP('',(#5870));
#1201=EDGE_LOOP('',(#5871,#5872,#5873,#5874));
#1202=EDGE_LOOP('',(#5875,#5876,#5877,#5878));
#1203=EDGE_LOOP('',(#5879,#5880,#5881,#5882));
#1204=EDGE_LOOP('',(#5883,#5884,#5885,#5886));
#1205=EDGE_LOOP('',(#5887,#5888,#5889,#5890,#5891,#5892));
#1206=EDGE_LOOP('',(#5893,#5894,#5895,#5896));
#1207=EDGE_LOOP('',(#5897,#5898,#5899,#5900));
#1208=EDGE_LOOP('',(#5901,#5902,#5903,#5904));
#1209=EDGE_LOOP('',(#5905,#5906,#5907,#5908));
#1210=EDGE_LOOP('',(#5909,#5910,#5911,#5912));
#1211=EDGE_LOOP('',(#5913,#5914,#5915,#5916));
#1212=EDGE_LOOP('',(#5917,#5918,#5919,#5920));
#1213=EDGE_LOOP('',(#5921,#5922,#5923,#5924));
#1214=EDGE_LOOP('',(#5925,#5926,#5927,#5928));
#1215=EDGE_LOOP('',(#5929,#5930,#5931,#5932));
#1216=EDGE_LOOP('',(#5933,#5934,#5935,#5936));
#1217=EDGE_LOOP('',(#5937,#5938,#5939,#5940));
#1218=EDGE_LOOP('',(#5941,#5942,#5943,#5944));
#1219=EDGE_LOOP('',(#5945,#5946,#5947,#5948));
#1220=EDGE_LOOP('',(#5949,#5950,#5951,#5952));
#1221=EDGE_LOOP('',(#5953,#5954,#5955,#5956));
#1222=EDGE_LOOP('',(#5957,#5958,#5959,#5960));
#1223=EDGE_LOOP('',(#5961,#5962,#5963,#5964));
#1224=EDGE_LOOP('',(#5965,#5966,#5967,#5968));
#1225=EDGE_LOOP('',(#5969,#5970,#5971,#5972));
#1226=EDGE_LOOP('',(#5973,#5974,#5975,#5976));
#1227=EDGE_LOOP('',(#5977,#5978,#5979,#5980));
#1228=EDGE_LOOP('',(#5981,#5982,#5983,#5984));
#1229=EDGE_LOOP('',(#5985,#5986,#5987,#5988));
#1230=EDGE_LOOP('',(#5989,#5990,#5991,#5992));
#1231=EDGE_LOOP('',(#5993,#5994,#5995,#5996));
#1232=EDGE_LOOP('',(#5997,#5998,#5999,#6000));
#1233=EDGE_LOOP('',(#6001,#6002,#6003,#6004));
#1234=EDGE_LOOP('',(#6005,#6006,#6007,#6008));
#1235=EDGE_LOOP('',(#6009,#6010,#6011,#6012));
#1236=EDGE_LOOP('',(#6013,#6014,#6015,#6016));
#1237=EDGE_LOOP('',(#6017,#6018,#6019,#6020));
#1238=EDGE_LOOP('',(#6021,#6022,#6023,#6024));
#1239=EDGE_LOOP('',(#6025,#6026,#6027,#6028));
#1240=EDGE_LOOP('',(#6029,#6030,#6031,#6032));
#1241=EDGE_LOOP('',(#6033,#6034,#6035,#6036));
#1242=EDGE_LOOP('',(#6037,#6038,#6039,#6040));
#1243=EDGE_LOOP('',(#6041,#6042,#6043,#6044));
#1244=EDGE_LOOP('',(#6045,#6046,#6047,#6048));
#1245=EDGE_LOOP('',(#6049,#6050,#6051,#6052));
#1246=EDGE_LOOP('',(#6053,#6054,#6055,#6056));
#1247=EDGE_LOOP('',(#6057,#6058,#6059,#6060));
#1248=EDGE_LOOP('',(#6061,#6062,#6063,#6064));
#1249=EDGE_LOOP('',(#6065,#6066,#6067,#6068));
#1250=EDGE_LOOP('',(#6069,#6070,#6071,#6072));
#1251=EDGE_LOOP('',(#6073,#6074,#6075,#6076));
#1252=EDGE_LOOP('',(#6077,#6078,#6079,#6080));
#1253=EDGE_LOOP('',(#6081,#6082,#6083,#6084));
#1254=EDGE_LOOP('',(#6085,#6086,#6087,#6088));
#1255=EDGE_LOOP('',(#6089,#6090,#6091,#6092));
#1256=EDGE_LOOP('',(#6093,#6094,#6095,#6096));
#1257=EDGE_LOOP('',(#6097,#6098,#6099,#6100));
#1258=EDGE_LOOP('',(#6101,#6102,#6103,#6104));
#1259=EDGE_LOOP('',(#6105,#6106,#6107,#6108));
#1260=EDGE_LOOP('',(#6109,#6110,#6111,#6112));
#1261=EDGE_LOOP('',(#6113,#6114,#6115,#6116));
#1262=EDGE_LOOP('',(#6117,#6118,#6119,#6120));
#1263=EDGE_LOOP('',(#6121,#6122,#6123,#6124));
#1264=EDGE_LOOP('',(#6125,#6126,#6127,#6128));
#1265=EDGE_LOOP('',(#6129,#6130,#6131,#6132));
#1266=EDGE_LOOP('',(#6133,#6134,#6135,#6136));
#1267=EDGE_LOOP('',(#6137,#6138,#6139,#6140));
#1268=EDGE_LOOP('',(#6141,#6142,#6143,#6144));
#1269=EDGE_LOOP('',(#6145,#6146,#6147,#6148));
#1270=EDGE_LOOP('',(#6149,#6150,#6151,#6152));
#1271=EDGE_LOOP('',(#6153,#6154,#6155,#6156));
#1272=EDGE_LOOP('',(#6157,#6158,#6159,#6160));
#1273=EDGE_LOOP('',(#6161,#6162,#6163,#6164));
#1274=EDGE_LOOP('',(#6165,#6166,#6167,#6168));
#1275=EDGE_LOOP('',(#6169,#6170,#6171,#6172));
#1276=EDGE_LOOP('',(#6173,#6174,#6175,#6176));
#1277=EDGE_LOOP('',(#6177,#6178,#6179,#6180));
#1278=EDGE_LOOP('',(#6181,#6182,#6183,#6184));
#1279=EDGE_LOOP('',(#6185,#6186,#6187,#6188));
#1280=EDGE_LOOP('',(#6189,#6190,#6191,#6192));
#1281=EDGE_LOOP('',(#6193,#6194,#6195,#6196));
#1282=EDGE_LOOP('',(#6197,#6198,#6199,#6200));
#1283=EDGE_LOOP('',(#6201,#6202,#6203,#6204));
#1284=EDGE_LOOP('',(#6205,#6206,#6207,#6208));
#1285=EDGE_LOOP('',(#6209,#6210,#6211,#6212));
#1286=EDGE_LOOP('',(#6213,#6214,#6215,#6216));
#1287=EDGE_LOOP('',(#6217,#6218,#6219,#6220));
#1288=EDGE_LOOP('',(#6221,#6222,#6223,#6224));
#1289=EDGE_LOOP('',(#6225,#6226,#6227,#6228));
#1290=EDGE_LOOP('',(#6229,#6230,#6231,#6232));
#1291=EDGE_LOOP('',(#6233,#6234,#6235,#6236));
#1292=EDGE_LOOP('',(#6237,#6238,#6239,#6240));
#1293=EDGE_LOOP('',(#6241,#6242,#6243,#6244));
#1294=EDGE_LOOP('',(#6245,#6246,#6247,#6248));
#1295=EDGE_LOOP('',(#6249,#6250,#6251,#6252));
#1296=EDGE_LOOP('',(#6253,#6254,#6255,#6256));
#1297=EDGE_LOOP('',(#6257,#6258,#6259,#6260));
#1298=EDGE_LOOP('',(#6261,#6262,#6263,#6264));
#1299=EDGE_LOOP('',(#6265,#6266,#6267,#6268));
#1300=EDGE_LOOP('',(#6269,#6270,#6271,#6272));
#1301=EDGE_LOOP('',(#6273,#6274,#6275,#6276));
#1302=EDGE_LOOP('',(#6277,#6278,#6279,#6280));
#1303=EDGE_LOOP('',(#6281,#6282,#6283,#6284));
#1304=EDGE_LOOP('',(#6285,#6286,#6287,#6288));
#1305=EDGE_LOOP('',(#6289,#6290,#6291,#6292));
#1306=EDGE_LOOP('',(#6293,#6294,#6295,#6296));
#1307=EDGE_LOOP('',(#6297,#6298,#6299,#6300));
#1308=EDGE_LOOP('',(#6301,#6302,#6303,#6304));
#1309=EDGE_LOOP('',(#6305,#6306,#6307,#6308));
#1310=EDGE_LOOP('',(#6309,#6310,#6311,#6312));
#1311=EDGE_LOOP('',(#6313,#6314,#6315,#6316));
#1312=EDGE_LOOP('',(#6317,#6318,#6319,#6320));
#1313=EDGE_LOOP('',(#6321,#6322,#6323,#6324));
#1314=EDGE_LOOP('',(#6325,#6326,#6327,#6328));
#1315=EDGE_LOOP('',(#6329,#6330,#6331,#6332));
#1316=EDGE_LOOP('',(#6333,#6334,#6335,#6336));
#1317=EDGE_LOOP('',(#6337,#6338,#6339,#6340));
#1318=EDGE_LOOP('',(#6341,#6342,#6343,#6344));
#1319=EDGE_LOOP('',(#6345,#6346,#6347,#6348));
#1320=EDGE_LOOP('',(#6349,#6350,#6351,#6352));
#1321=EDGE_LOOP('',(#6353,#6354,#6355,#6356));
#1322=EDGE_LOOP('',(#6357,#6358,#6359,#6360));
#1323=EDGE_LOOP('',(#6361,#6362,#6363,#6364));
#1324=EDGE_LOOP('',(#6365,#6366,#6367,#6368));
#1325=EDGE_LOOP('',(#6369,#6370,#6371,#6372));
#1326=EDGE_LOOP('',(#6373,#6374,#6375,#6376));
#1327=EDGE_LOOP('',(#6377,#6378,#6379,#6380));
#1328=EDGE_LOOP('',(#6381,#6382,#6383,#6384));
#1329=EDGE_LOOP('',(#6385,#6386,#6387,#6388));
#1330=EDGE_LOOP('',(#6389,#6390,#6391,#6392));
#1331=EDGE_LOOP('',(#6393,#6394,#6395,#6396));
#1332=EDGE_LOOP('',(#6397,#6398,#6399,#6400));
#1333=EDGE_LOOP('',(#6401,#6402,#6403,#6404));
#1334=EDGE_LOOP('',(#6405,#6406,#6407,#6408));
#1335=EDGE_LOOP('',(#6409,#6410,#6411,#6412));
#1336=EDGE_LOOP('',(#6413,#6414,#6415,#6416));
#1337=EDGE_LOOP('',(#6417,#6418,#6419,#6420));
#1338=EDGE_LOOP('',(#6421,#6422,#6423,#6424));
#1339=EDGE_LOOP('',(#6425,#6426,#6427,#6428));
#1340=EDGE_LOOP('',(#6429,#6430,#6431,#6432));
#1341=EDGE_LOOP('',(#6433,#6434,#6435,#6436));
#1342=EDGE_LOOP('',(#6437,#6438,#6439,#6440));
#1343=EDGE_LOOP('',(#6441,#6442,#6443,#6444));
#1344=EDGE_LOOP('',(#6445,#6446,#6447,#6448));
#1345=EDGE_LOOP('',(#6449,#6450,#6451,#6452));
#1346=EDGE_LOOP('',(#6453,#6454,#6455,#6456));
#1347=EDGE_LOOP('',(#6457,#6458,#6459,#6460));
#1348=EDGE_LOOP('',(#6461,#6462,#6463,#6464));
#1349=EDGE_LOOP('',(#6465,#6466,#6467,#6468));
#1350=EDGE_LOOP('',(#6469,#6470,#6471,#6472,#6473,#6474,#6475,#6476,#6477));
#1351=EDGE_LOOP('',(#6478,#6479,#6480,#6481));
#1352=EDGE_LOOP('',(#6482));
#1353=EDGE_LOOP('',(#6483,#6484,#6485,#6486));
#1354=EDGE_LOOP('',(#6487));
#1355=EDGE_LOOP('',(#6488,#6489,#6490,#6491));
#1356=EDGE_LOOP('',(#6492));
#1357=EDGE_LOOP('',(#6493,#6494,#6495,#6496));
#1358=EDGE_LOOP('',(#6497,#6498,#6499,#6500));
#1359=EDGE_LOOP('',(#6501,#6502,#6503,#6504));
#1360=EDGE_LOOP('',(#6505,#6506,#6507,#6508));
#1361=EDGE_LOOP('',(#6509));
#1362=EDGE_LOOP('',(#6510,#6511,#6512,#6513));
#1363=EDGE_LOOP('',(#6514));
#1364=EDGE_LOOP('',(#6515));
#1365=EDGE_LOOP('',(#6516,#6517,#6518,#6519));
#1366=EDGE_LOOP('',(#6520,#6521,#6522,#6523));
#1367=EDGE_LOOP('',(#6524));
#1368=EDGE_LOOP('',(#6525,#6526,#6527,#6528));
#1369=EDGE_LOOP('',(#6529,#6530,#6531,#6532));
#1370=EDGE_LOOP('',(#6533,#6534,#6535,#6536));
#1371=EDGE_LOOP('',(#6537,#6538,#6539,#6540));
#1372=EDGE_LOOP('',(#6541,#6542,#6543,#6544));
#1373=EDGE_LOOP('',(#6545,#6546,#6547,#6548));
#1374=LINE('',#9697,#2167);
#1375=LINE('',#9699,#2168);
#1376=LINE('',#9701,#2169);
#1377=LINE('',#9703,#2170);
#1378=LINE('',#9705,#2171);
#1379=LINE('',#9707,#2172);
#1380=LINE('',#9709,#2173);
#1381=LINE('',#9711,#2174);
#1382=LINE('',#9713,#2175);
#1383=LINE('',#9715,#2176);
#1384=LINE('',#9716,#2177);
#1385=LINE('',#9719,#2178);
#1386=LINE('',#9721,#2179);
#1387=LINE('',#9722,#2180);
#1388=LINE('',#9725,#2181);
#1389=LINE('',#9726,#2182);
#1390=LINE('',#9729,#2183);
#1391=LINE('',#9730,#2184);
#1392=LINE('',#9733,#2185);
#1393=LINE('',#9734,#2186);
#1394=LINE('',#9737,#2187);
#1395=LINE('',#9738,#2188);
#1396=LINE('',#9772,#2189);
#1397=LINE('',#9776,#2190);
#1398=LINE('',#9780,#2191);
#1399=LINE('',#9784,#2192);
#1400=LINE('',#9788,#2193);
#1401=LINE('',#9792,#2194);
#1402=LINE('',#9796,#2195);
#1403=LINE('',#9798,#2196);
#1404=LINE('',#9800,#2197);
#1405=LINE('',#9801,#2198);
#1406=LINE('',#9804,#2199);
#1407=LINE('',#9806,#2200);
#1408=LINE('',#9807,#2201);
#1409=LINE('',#9810,#2202);
#1410=LINE('',#9812,#2203);
#1411=LINE('',#9813,#2204);
#1412=LINE('',#9816,#2205);
#1413=LINE('',#9818,#2206);
#1414=LINE('',#9819,#2207);
#1415=LINE('',#9822,#2208);
#1416=LINE('',#9824,#2209);
#1417=LINE('',#9825,#2210);
#1418=LINE('',#9828,#2211);
#1419=LINE('',#9830,#2212);
#1420=LINE('',#9831,#2213);
#1421=LINE('',#9834,#2214);
#1422=LINE('',#9836,#2215);
#1423=LINE('',#9837,#2216);
#1424=LINE('',#9840,#2217);
#1425=LINE('',#9842,#2218);
#1426=LINE('',#9843,#2219);
#1427=LINE('',#9846,#2220);
#1428=LINE('',#9848,#2221);
#1429=LINE('',#9849,#2222);
#1430=LINE('',#9852,#2223);
#1431=LINE('',#9854,#2224);
#1432=LINE('',#9855,#2225);
#1433=LINE('',#9858,#2226);
#1434=LINE('',#9860,#2227);
#1435=LINE('',#9861,#2228);
#1436=LINE('',#9864,#2229);
#1437=LINE('',#9866,#2230);
#1438=LINE('',#9867,#2231);
#1439=LINE('',#9870,#2232);
#1440=LINE('',#9872,#2233);
#1441=LINE('',#9873,#2234);
#1442=LINE('',#9876,#2235);
#1443=LINE('',#9878,#2236);
#1444=LINE('',#9879,#2237);
#1445=LINE('',#9882,#2238);
#1446=LINE('',#9884,#2239);
#1447=LINE('',#9886,#2240);
#1448=LINE('',#9888,#2241);
#1449=LINE('',#9890,#2242);
#1450=LINE('',#9892,#2243);
#1451=LINE('',#9894,#2244);
#1452=LINE('',#9896,#2245);
#1453=LINE('',#9898,#2246);
#1454=LINE('',#9900,#2247);
#1455=LINE('',#9902,#2248);
#1456=LINE('',#9903,#2249);
#1457=LINE('',#9907,#2250);
#1458=LINE('',#9909,#2251);
#1459=LINE('',#9911,#2252);
#1460=LINE('',#9912,#2253);
#1461=LINE('',#9915,#2254);
#1462=LINE('',#9917,#2255);
#1463=LINE('',#9918,#2256);
#1464=LINE('',#9921,#2257);
#1465=LINE('',#9923,#2258);
#1466=LINE('',#9924,#2259);
#1467=LINE('',#9926,#2260);
#1468=LINE('',#9928,#2261);
#1469=LINE('',#9929,#2262);
#1470=LINE('',#9931,#2263);
#1471=LINE('',#9933,#2264);
#1472=LINE('',#9935,#2265);
#1473=LINE('',#9937,#2266);
#1474=LINE('',#9939,#2267);
#1475=LINE('',#9940,#2268);
#1476=LINE('',#9944,#2269);
#1477=LINE('',#9948,#2270);
#1478=LINE('',#9952,#2271);
#1479=LINE('',#9954,#2272);
#1480=LINE('',#9956,#2273);
#1481=LINE('',#9958,#2274);
#1482=LINE('',#9960,#2275);
#1483=LINE('',#9962,#2276);
#1484=LINE('',#9967,#2277);
#1485=LINE('',#9971,#2278);
#1486=LINE('',#9975,#2279);
#1487=LINE('',#9978,#2280);
#1488=LINE('',#9980,#2281);
#1489=LINE('',#9981,#2282);
#1490=LINE('',#9984,#2283);
#1491=LINE('',#9985,#2284);
#1492=LINE('',#9988,#2285);
#1493=LINE('',#9989,#2286);
#1494=LINE('',#9992,#2287);
#1495=LINE('',#9993,#2288);
#1496=LINE('',#9996,#2289);
#1497=LINE('',#9997,#2290);
#1498=LINE('',#10000,#2291);
#1499=LINE('',#10001,#2292);
#1500=LINE('',#10004,#2293);
#1501=LINE('',#10005,#2294);
#1502=LINE('',#10008,#2295);
#1503=LINE('',#10009,#2296);
#1504=LINE('',#10012,#2297);
#1505=LINE('',#10013,#2298);
#1506=LINE('',#10016,#2299);
#1507=LINE('',#10017,#2300);
#1508=LINE('',#10019,#2301);
#1509=LINE('',#10024,#2302);
#1510=LINE('',#10026,#2303);
#1511=LINE('',#10028,#2304);
#1512=LINE('',#10029,#2305);
#1513=LINE('',#10033,#2306);
#1514=LINE('',#10035,#2307);
#1515=LINE('',#10037,#2308);
#1516=LINE('',#10039,#2309);
#1517=LINE('',#10041,#2310);
#1518=LINE('',#10043,#2311);
#1519=LINE('',#10045,#2312);
#1520=LINE('',#10047,#2313);
#1521=LINE('',#10049,#2314);
#1522=LINE('',#10051,#2315);
#1523=LINE('',#10053,#2316);
#1524=LINE('',#10055,#2317);
#1525=LINE('',#10057,#2318);
#1526=LINE('',#10059,#2319);
#1527=LINE('',#10061,#2320);
#1528=LINE('',#10063,#2321);
#1529=LINE('',#10065,#2322);
#1530=LINE('',#10066,#2323);
#1531=LINE('',#10074,#2324);
#1532=LINE('',#10075,#2325);
#1533=LINE('',#10087,#2326);
#1534=LINE('',#10089,#2327);
#1535=LINE('',#10091,#2328);
#1536=LINE('',#10092,#2329);
#1537=LINE('',#10096,#2330);
#1538=LINE('',#10098,#2331);
#1539=LINE('',#10100,#2332);
#1540=LINE('',#10102,#2333);
#1541=LINE('',#10104,#2334);
#1542=LINE('',#10106,#2335);
#1543=LINE('',#10108,#2336);
#1544=LINE('',#10110,#2337);
#1545=LINE('',#10112,#2338);
#1546=LINE('',#10114,#2339);
#1547=LINE('',#10116,#2340);
#1548=LINE('',#10118,#2341);
#1549=LINE('',#10120,#2342);
#1550=LINE('',#10122,#2343);
#1551=LINE('',#10124,#2344);
#1552=LINE('',#10126,#2345);
#1553=LINE('',#10128,#2346);
#1554=LINE('',#10130,#2347);
#1555=LINE('',#10132,#2348);
#1556=LINE('',#10134,#2349);
#1557=LINE('',#10136,#2350);
#1558=LINE('',#10138,#2351);
#1559=LINE('',#10140,#2352);
#1560=LINE('',#10141,#2353);
#1561=LINE('',#10157,#2354);
#1562=LINE('',#10158,#2355);
#1563=LINE('',#10161,#2356);
#1564=LINE('',#10162,#2357);
#1565=LINE('',#10164,#2358);
#1566=LINE('',#10165,#2359);
#1567=LINE('',#10167,#2360);
#1568=LINE('',#10169,#2361);
#1569=LINE('',#10171,#2362);
#1570=LINE('',#10173,#2363);
#1571=LINE('',#10175,#2364);
#1572=LINE('',#10177,#2365);
#1573=LINE('',#10179,#2366);
#1574=LINE('',#10181,#2367);
#1575=LINE('',#10183,#2368);
#1576=LINE('',#10186,#2369);
#1577=LINE('',#10187,#2370);
#1578=LINE('',#10190,#2371);
#1579=LINE('',#10191,#2372);
#1580=LINE('',#10194,#2373);
#1581=LINE('',#10195,#2374);
#1582=LINE('',#10232,#2375);
#1583=LINE('',#10234,#2376);
#1584=LINE('',#10236,#2377);
#1585=LINE('',#10238,#2378);
#1586=LINE('',#10240,#2379);
#1587=LINE('',#10242,#2380);
#1588=LINE('',#10244,#2381);
#1589=LINE('',#10247,#2382);
#1590=LINE('',#10248,#2383);
#1591=LINE('',#10251,#2384);
#1592=LINE('',#10252,#2385);
#1593=LINE('',#10255,#2386);
#1594=LINE('',#10256,#2387);
#1595=LINE('',#10259,#2388);
#1596=LINE('',#10260,#2389);
#1597=LINE('',#10263,#2390);
#1598=LINE('',#10264,#2391);
#1599=LINE('',#10267,#2392);
#1600=LINE('',#10268,#2393);
#1601=LINE('',#10271,#2394);
#1602=LINE('',#10272,#2395);
#1603=LINE('',#10275,#2396);
#1604=LINE('',#10276,#2397);
#1605=LINE('',#10279,#2398);
#1606=LINE('',#10280,#2399);
#1607=LINE('',#10283,#2400);
#1608=LINE('',#10284,#2401);
#1609=LINE('',#10286,#2402);
#1610=LINE('',#10288,#2403);
#1611=LINE('',#10290,#2404);
#1612=LINE('',#10293,#2405);
#1613=LINE('',#10294,#2406);
#1614=LINE('',#10296,#2407);
#1615=LINE('',#10298,#2408);
#1616=LINE('',#10300,#2409);
#1617=LINE('',#10302,#2410);
#1618=LINE('',#10304,#2411);
#1619=LINE('',#10306,#2412);
#1620=LINE('',#10307,#2413);
#1621=LINE('',#10309,#2414);
#1622=LINE('',#10311,#2415);
#1623=LINE('',#10313,#2416);
#1624=LINE('',#10327,#2417);
#1625=LINE('',#10329,#2418);
#1626=LINE('',#10331,#2419);
#1627=LINE('',#10333,#2420);
#1628=LINE('',#10335,#2421);
#1629=LINE('',#10337,#2422);
#1630=LINE('',#10339,#2423);
#1631=LINE('',#10341,#2424);
#1632=LINE('',#10343,#2425);
#1633=LINE('',#10345,#2426);
#1634=LINE('',#10347,#2427);
#1635=LINE('',#10355,#2428);
#1636=LINE('',#10357,#2429);
#1637=LINE('',#10359,#2430);
#1638=LINE('',#10360,#2431);
#1639=LINE('',#10363,#2432);
#1640=LINE('',#10365,#2433);
#1641=LINE('',#10367,#2434);
#1642=LINE('',#10368,#2435);
#1643=LINE('',#10371,#2436);
#1644=LINE('',#10373,#2437);
#1645=LINE('',#10375,#2438);
#1646=LINE('',#10376,#2439);
#1647=LINE('',#10379,#2440);
#1648=LINE('',#10381,#2441);
#1649=LINE('',#10383,#2442);
#1650=LINE('',#10384,#2443);
#1651=LINE('',#10387,#2444);
#1652=LINE('',#10389,#2445);
#1653=LINE('',#10391,#2446);
#1654=LINE('',#10392,#2447);
#1655=LINE('',#10395,#2448);
#1656=LINE('',#10397,#2449);
#1657=LINE('',#10399,#2450);
#1658=LINE('',#10400,#2451);
#1659=LINE('',#10403,#2452);
#1660=LINE('',#10405,#2453);
#1661=LINE('',#10407,#2454);
#1662=LINE('',#10408,#2455);
#1663=LINE('',#10411,#2456);
#1664=LINE('',#10413,#2457);
#1665=LINE('',#10415,#2458);
#1666=LINE('',#10416,#2459);
#1667=LINE('',#10419,#2460);
#1668=LINE('',#10421,#2461);
#1669=LINE('',#10423,#2462);
#1670=LINE('',#10424,#2463);
#1671=LINE('',#10427,#2464);
#1672=LINE('',#10429,#2465);
#1673=LINE('',#10431,#2466);
#1674=LINE('',#10432,#2467);
#1675=LINE('',#10435,#2468);
#1676=LINE('',#10437,#2469);
#1677=LINE('',#10439,#2470);
#1678=LINE('',#10440,#2471);
#1679=LINE('',#10443,#2472);
#1680=LINE('',#10445,#2473);
#1681=LINE('',#10447,#2474);
#1682=LINE('',#10448,#2475);
#1683=LINE('',#10451,#2476);
#1684=LINE('',#10453,#2477);
#1685=LINE('',#10455,#2478);
#1686=LINE('',#10456,#2479);
#1687=LINE('',#10459,#2480);
#1688=LINE('',#10461,#2481);
#1689=LINE('',#10463,#2482);
#1690=LINE('',#10464,#2483);
#1691=LINE('',#10467,#2484);
#1692=LINE('',#10469,#2485);
#1693=LINE('',#10471,#2486);
#1694=LINE('',#10472,#2487);
#1695=LINE('',#10475,#2488);
#1696=LINE('',#10477,#2489);
#1697=LINE('',#10479,#2490);
#1698=LINE('',#10480,#2491);
#1699=LINE('',#10487,#2492);
#1700=LINE('',#10495,#2493);
#1701=LINE('',#10518,#2494);
#1702=LINE('',#10522,#2495);
#1703=LINE('',#10530,#2496);
#1704=LINE('',#10538,#2497);
#1705=LINE('',#10546,#2498);
#1706=LINE('',#10552,#2499);
#1707=LINE('',#10557,#2500);
#1708=LINE('',#10559,#2501);
#1709=LINE('',#10563,#2502);
#1710=LINE('',#10567,#2503);
#1711=LINE('',#10570,#2504);
#1712=LINE('',#10574,#2505);
#1713=LINE('',#10578,#2506);
#1714=LINE('',#10582,#2507);
#1715=LINE('',#10585,#2508);
#1716=LINE('',#10588,#2509);
#1717=LINE('',#10590,#2510);
#1718=LINE('',#10591,#2511);
#1719=LINE('',#10594,#2512);
#1720=LINE('',#10595,#2513);
#1721=LINE('',#10598,#2514);
#1722=LINE('',#10599,#2515);
#1723=LINE('',#10602,#2516);
#1724=LINE('',#10603,#2517);
#1725=LINE('',#10606,#2518);
#1726=LINE('',#10607,#2519);
#1727=LINE('',#10610,#2520);
#1728=LINE('',#10611,#2521);
#1729=LINE('',#10615,#2522);
#1730=LINE('',#10616,#2523);
#1731=LINE('',#10617,#2524);
#1732=LINE('',#10620,#2525);
#1733=LINE('',#10621,#2526);
#1734=LINE('',#10624,#2527);
#1735=LINE('',#10625,#2528);
#1736=LINE('',#10627,#2529);
#1737=LINE('',#10631,#2530);
#1738=LINE('',#10632,#2531);
#1739=LINE('',#10633,#2532);
#1740=LINE('',#10636,#2533);
#1741=LINE('',#10637,#2534);
#1742=LINE('',#10640,#2535);
#1743=LINE('',#10641,#2536);
#1744=LINE('',#10643,#2537);
#1745=LINE('',#10647,#2538);
#1746=LINE('',#10648,#2539);
#1747=LINE('',#10649,#2540);
#1748=LINE('',#10652,#2541);
#1749=LINE('',#10653,#2542);
#1750=LINE('',#10656,#2543);
#1751=LINE('',#10657,#2544);
#1752=LINE('',#10659,#2545);
#1753=LINE('',#10663,#2546);
#1754=LINE('',#10664,#2547);
#1755=LINE('',#10665,#2548);
#1756=LINE('',#10668,#2549);
#1757=LINE('',#10669,#2550);
#1758=LINE('',#10672,#2551);
#1759=LINE('',#10673,#2552);
#1760=LINE('',#10675,#2553);
#1761=LINE('',#10679,#2554);
#1762=LINE('',#10680,#2555);
#1763=LINE('',#10681,#2556);
#1764=LINE('',#10684,#2557);
#1765=LINE('',#10685,#2558);
#1766=LINE('',#10688,#2559);
#1767=LINE('',#10689,#2560);
#1768=LINE('',#10691,#2561);
#1769=LINE('',#10695,#2562);
#1770=LINE('',#10696,#2563);
#1771=LINE('',#10697,#2564);
#1772=LINE('',#10700,#2565);
#1773=LINE('',#10701,#2566);
#1774=LINE('',#10704,#2567);
#1775=LINE('',#10705,#2568);
#1776=LINE('',#10707,#2569);
#1777=LINE('',#10711,#2570);
#1778=LINE('',#10712,#2571);
#1779=LINE('',#10713,#2572);
#1780=LINE('',#10716,#2573);
#1781=LINE('',#10717,#2574);
#1782=LINE('',#10720,#2575);
#1783=LINE('',#10721,#2576);
#1784=LINE('',#10723,#2577);
#1785=LINE('',#10727,#2578);
#1786=LINE('',#10728,#2579);
#1787=LINE('',#10729,#2580);
#1788=LINE('',#10732,#2581);
#1789=LINE('',#10733,#2582);
#1790=LINE('',#10736,#2583);
#1791=LINE('',#10737,#2584);
#1792=LINE('',#10739,#2585);
#1793=LINE('',#10743,#2586);
#1794=LINE('',#10744,#2587);
#1795=LINE('',#10745,#2588);
#1796=LINE('',#10748,#2589);
#1797=LINE('',#10749,#2590);
#1798=LINE('',#10752,#2591);
#1799=LINE('',#10753,#2592);
#1800=LINE('',#10755,#2593);
#1801=LINE('',#10759,#2594);
#1802=LINE('',#10760,#2595);
#1803=LINE('',#10761,#2596);
#1804=LINE('',#10764,#2597);
#1805=LINE('',#10765,#2598);
#1806=LINE('',#10768,#2599);
#1807=LINE('',#10769,#2600);
#1808=LINE('',#10771,#2601);
#1809=LINE('',#10775,#2602);
#1810=LINE('',#10776,#2603);
#1811=LINE('',#10777,#2604);
#1812=LINE('',#10780,#2605);
#1813=LINE('',#10781,#2606);
#1814=LINE('',#10784,#2607);
#1815=LINE('',#10785,#2608);
#1816=LINE('',#10787,#2609);
#1817=LINE('',#10791,#2610);
#1818=LINE('',#10792,#2611);
#1819=LINE('',#10793,#2612);
#1820=LINE('',#10796,#2613);
#1821=LINE('',#10797,#2614);
#1822=LINE('',#10800,#2615);
#1823=LINE('',#10801,#2616);
#1824=LINE('',#10803,#2617);
#1825=LINE('',#10807,#2618);
#1826=LINE('',#10808,#2619);
#1827=LINE('',#10809,#2620);
#1828=LINE('',#10812,#2621);
#1829=LINE('',#10813,#2622);
#1830=LINE('',#10816,#2623);
#1831=LINE('',#10817,#2624);
#1832=LINE('',#10819,#2625);
#1833=LINE('',#10823,#2626);
#1834=LINE('',#10824,#2627);
#1835=LINE('',#10825,#2628);
#1836=LINE('',#10828,#2629);
#1837=LINE('',#10829,#2630);
#1838=LINE('',#10832,#2631);
#1839=LINE('',#10833,#2632);
#1840=LINE('',#10835,#2633);
#1841=LINE('',#10839,#2634);
#1842=LINE('',#10840,#2635);
#1843=LINE('',#10841,#2636);
#1844=LINE('',#10844,#2637);
#1845=LINE('',#10845,#2638);
#1846=LINE('',#10848,#2639);
#1847=LINE('',#10849,#2640);
#1848=LINE('',#10851,#2641);
#1849=LINE('',#10855,#2642);
#1850=LINE('',#10856,#2643);
#1851=LINE('',#10857,#2644);
#1852=LINE('',#10860,#2645);
#1853=LINE('',#10861,#2646);
#1854=LINE('',#10864,#2647);
#1855=LINE('',#10865,#2648);
#1856=LINE('',#10867,#2649);
#1857=LINE('',#10870,#2650);
#1858=LINE('',#10871,#2651);
#1859=LINE('',#10874,#2652);
#1860=LINE('',#10875,#2653);
#1861=LINE('',#10878,#2654);
#1862=LINE('',#10879,#2655);
#1863=LINE('',#10882,#2656);
#1864=LINE('',#10883,#2657);
#1865=LINE('',#10885,#2658);
#1866=LINE('',#10890,#2659);
#1867=LINE('',#10894,#2660);
#1868=LINE('',#10898,#2661);
#1869=LINE('',#10901,#2662);
#1870=LINE('',#10904,#2663);
#1871=LINE('',#10907,#2664);
#1872=LINE('',#10910,#2665);
#1873=LINE('',#10913,#2666);
#1874=LINE('',#10941,#2667);
#1875=LINE('',#10944,#2668);
#1876=LINE('',#10945,#2669);
#1877=LINE('',#10948,#2670);
#1878=LINE('',#10950,#2671);
#1879=LINE('',#10966,#2672);
#1880=LINE('',#10969,#2673);
#1881=LINE('',#10970,#2674);
#1882=LINE('',#10973,#2675);
#1883=LINE('',#10975,#2676);
#1884=LINE('',#10978,#2677);
#1885=LINE('',#10979,#2678);
#1886=LINE('',#10982,#2679);
#1887=LINE('',#10984,#2680);
#1888=LINE('',#10985,#2681);
#1889=LINE('',#10988,#2682);
#1890=LINE('',#10989,#2683);
#1891=LINE('',#10992,#2684);
#1892=LINE('',#10993,#2685);
#1893=LINE('',#10996,#2686);
#1894=LINE('',#10997,#2687);
#1895=LINE('',#11000,#2688);
#1896=LINE('',#11001,#2689);
#1897=LINE('',#11013,#2690);
#1898=LINE('',#11015,#2691);
#1899=LINE('',#11017,#2692);
#1900=LINE('',#11018,#2693);
#1901=LINE('',#11021,#2694);
#1902=LINE('',#11023,#2695);
#1903=LINE('',#11025,#2696);
#1904=LINE('',#11026,#2697);
#1905=LINE('',#11029,#2698);
#1906=LINE('',#11031,#2699);
#1907=LINE('',#11033,#2700);
#1908=LINE('',#11034,#2701);
#1909=LINE('',#11039,#2702);
#1910=LINE('',#11041,#2703);
#1911=LINE('',#11043,#2704);
#1912=LINE('',#11044,#2705);
#1913=LINE('',#11049,#2706);
#1914=LINE('',#11051,#2707);
#1915=LINE('',#11053,#2708);
#1916=LINE('',#11054,#2709);
#1917=LINE('',#11057,#2710);
#1918=LINE('',#11059,#2711);
#1919=LINE('',#11061,#2712);
#1920=LINE('',#11062,#2713);
#1921=LINE('',#11065,#2714);
#1922=LINE('',#11067,#2715);
#1923=LINE('',#11069,#2716);
#1924=LINE('',#11070,#2717);
#1925=LINE('',#11073,#2718);
#1926=LINE('',#11075,#2719);
#1927=LINE('',#11077,#2720);
#1928=LINE('',#11078,#2721);
#1929=LINE('',#11081,#2722);
#1930=LINE('',#11083,#2723);
#1931=LINE('',#11085,#2724);
#1932=LINE('',#11086,#2725);
#1933=LINE('',#11093,#2726);
#1934=LINE('',#11095,#2727);
#1935=LINE('',#11097,#2728);
#1936=LINE('',#11098,#2729);
#1937=LINE('',#11101,#2730);
#1938=LINE('',#11103,#2731);
#1939=LINE('',#11105,#2732);
#1940=LINE('',#11106,#2733);
#1941=LINE('',#11109,#2734);
#1942=LINE('',#11111,#2735);
#1943=LINE('',#11113,#2736);
#1944=LINE('',#11114,#2737);
#1945=LINE('',#11119,#2738);
#1946=LINE('',#11121,#2739);
#1947=LINE('',#11123,#2740);
#1948=LINE('',#11124,#2741);
#1949=LINE('',#11127,#2742);
#1950=LINE('',#11129,#2743);
#1951=LINE('',#11131,#2744);
#1952=LINE('',#11132,#2745);
#1953=LINE('',#11135,#2746);
#1954=LINE('',#11137,#2747);
#1955=LINE('',#11139,#2748);
#1956=LINE('',#11140,#2749);
#1957=LINE('',#11143,#2750);
#1958=LINE('',#11145,#2751);
#1959=LINE('',#11147,#2752);
#1960=LINE('',#11148,#2753);
#1961=LINE('',#11157,#2754);
#1962=LINE('',#11162,#2755);
#1963=LINE('',#11166,#2756);
#1964=LINE('',#11168,#2757);
#1965=LINE('',#11171,#2758);
#1966=LINE('',#11173,#2759);
#1967=LINE('',#11174,#2760);
#1968=LINE('',#11177,#2761);
#1969=LINE('',#11178,#2762);
#1970=LINE('',#11183,#2763);
#1971=LINE('',#11188,#2764);
#1972=LINE('',#11192,#2765);
#1973=LINE('',#11194,#2766);
#1974=LINE('',#11197,#2767);
#1975=LINE('',#11199,#2768);
#1976=LINE('',#11200,#2769);
#1977=LINE('',#11203,#2770);
#1978=LINE('',#11204,#2771);
#1979=LINE('',#11209,#2772);
#1980=LINE('',#11214,#2773);
#1981=LINE('',#11218,#2774);
#1982=LINE('',#11220,#2775);
#1983=LINE('',#11223,#2776);
#1984=LINE('',#11225,#2777);
#1985=LINE('',#11226,#2778);
#1986=LINE('',#11229,#2779);
#1987=LINE('',#11230,#2780);
#1988=LINE('',#11235,#2781);
#1989=LINE('',#11240,#2782);
#1990=LINE('',#11244,#2783);
#1991=LINE('',#11246,#2784);
#1992=LINE('',#11249,#2785);
#1993=LINE('',#11251,#2786);
#1994=LINE('',#11252,#2787);
#1995=LINE('',#11255,#2788);
#1996=LINE('',#11256,#2789);
#1997=LINE('',#11261,#2790);
#1998=LINE('',#11266,#2791);
#1999=LINE('',#11270,#2792);
#2000=LINE('',#11272,#2793);
#2001=LINE('',#11275,#2794);
#2002=LINE('',#11277,#2795);
#2003=LINE('',#11278,#2796);
#2004=LINE('',#11281,#2797);
#2005=LINE('',#11282,#2798);
#2006=LINE('',#11287,#2799);
#2007=LINE('',#11292,#2800);
#2008=LINE('',#11296,#2801);
#2009=LINE('',#11298,#2802);
#2010=LINE('',#11301,#2803);
#2011=LINE('',#11303,#2804);
#2012=LINE('',#11304,#2805);
#2013=LINE('',#11307,#2806);
#2014=LINE('',#11308,#2807);
#2015=LINE('',#11315,#2808);
#2016=LINE('',#11321,#2809);
#2017=LINE('',#11326,#2810);
#2018=LINE('',#11330,#2811);
#2019=LINE('',#11332,#2812);
#2020=LINE('',#11335,#2813);
#2021=LINE('',#11337,#2814);
#2022=LINE('',#11338,#2815);
#2023=LINE('',#11341,#2816);
#2024=LINE('',#11342,#2817);
#2025=LINE('',#11347,#2818);
#2026=LINE('',#11352,#2819);
#2027=LINE('',#11356,#2820);
#2028=LINE('',#11358,#2821);
#2029=LINE('',#11361,#2822);
#2030=LINE('',#11363,#2823);
#2031=LINE('',#11364,#2824);
#2032=LINE('',#11367,#2825);
#2033=LINE('',#11368,#2826);
#2034=LINE('',#11375,#2827);
#2035=LINE('',#11379,#2828);
#2036=LINE('',#11385,#2829);
#2037=LINE('',#11390,#2830);
#2038=LINE('',#11394,#2831);
#2039=LINE('',#11396,#2832);
#2040=LINE('',#11399,#2833);
#2041=LINE('',#11401,#2834);
#2042=LINE('',#11402,#2835);
#2043=LINE('',#11405,#2836);
#2044=LINE('',#11406,#2837);
#2045=LINE('',#11413,#2838);
#2046=LINE('',#11419,#2839);
#2047=LINE('',#11424,#2840);
#2048=LINE('',#11428,#2841);
#2049=LINE('',#11430,#2842);
#2050=LINE('',#11433,#2843);
#2051=LINE('',#11435,#2844);
#2052=LINE('',#11436,#2845);
#2053=LINE('',#11439,#2846);
#2054=LINE('',#11440,#2847);
#2055=LINE('',#11445,#2848);
#2056=LINE('',#11450,#2849);
#2057=LINE('',#11454,#2850);
#2058=LINE('',#11456,#2851);
#2059=LINE('',#11459,#2852);
#2060=LINE('',#11461,#2853);
#2061=LINE('',#11462,#2854);
#2062=LINE('',#11465,#2855);
#2063=LINE('',#11466,#2856);
#2064=LINE('',#11471,#2857);
#2065=LINE('',#11476,#2858);
#2066=LINE('',#11480,#2859);
#2067=LINE('',#11482,#2860);
#2068=LINE('',#11485,#2861);
#2069=LINE('',#11487,#2862);
#2070=LINE('',#11488,#2863);
#2071=LINE('',#11491,#2864);
#2072=LINE('',#11492,#2865);
#2073=LINE('',#11497,#2866);
#2074=LINE('',#11502,#2867);
#2075=LINE('',#11506,#2868);
#2076=LINE('',#11508,#2869);
#2077=LINE('',#11511,#2870);
#2078=LINE('',#11513,#2871);
#2079=LINE('',#11514,#2872);
#2080=LINE('',#11517,#2873);
#2081=LINE('',#11518,#2874);
#2082=LINE('',#11521,#2875);
#2083=LINE('',#11527,#2876);
#2084=LINE('',#11532,#2877);
#2085=LINE('',#11536,#2878);
#2086=LINE('',#11538,#2879);
#2087=LINE('',#11541,#2880);
#2088=LINE('',#11543,#2881);
#2089=LINE('',#11544,#2882);
#2090=LINE('',#11547,#2883);
#2091=LINE('',#11548,#2884);
#2092=LINE('',#11555,#2885);
#2093=LINE('',#11561,#2886);
#2094=LINE('',#11566,#2887);
#2095=LINE('',#11570,#2888);
#2096=LINE('',#11572,#2889);
#2097=LINE('',#11575,#2890);
#2098=LINE('',#11577,#2891);
#2099=LINE('',#11578,#2892);
#2100=LINE('',#11581,#2893);
#2101=LINE('',#11582,#2894);
#2102=LINE('',#11589,#2895);
#2103=LINE('',#11595,#2896);
#2104=LINE('',#11600,#2897);
#2105=LINE('',#11604,#2898);
#2106=LINE('',#11606,#2899);
#2107=LINE('',#11609,#2900);
#2108=LINE('',#11611,#2901);
#2109=LINE('',#11612,#2902);
#2110=LINE('',#11615,#2903);
#2111=LINE('',#11616,#2904);
#2112=LINE('',#11619,#2905);
#2113=LINE('',#11620,#2906);
#2114=LINE('',#11622,#2907);
#2115=LINE('',#11625,#2908);
#2116=LINE('',#11626,#2909);
#2117=LINE('',#11628,#2910);
#2118=LINE('',#11631,#2911);
#2119=LINE('',#11632,#2912);
#2120=LINE('',#11634,#2913);
#2121=LINE('',#11637,#2914);
#2122=LINE('',#11638,#2915);
#2123=LINE('',#11640,#2916);
#2124=LINE('',#11643,#2917);
#2125=LINE('',#11644,#2918);
#2126=LINE('',#11646,#2919);
#2127=LINE('',#11649,#2920);
#2128=LINE('',#11650,#2921);
#2129=LINE('',#11652,#2922);
#2130=LINE('',#11655,#2923);
#2131=LINE('',#11656,#2924);
#2132=LINE('',#11658,#2925);
#2133=LINE('',#11661,#2926);
#2134=LINE('',#11662,#2927);
#2135=LINE('',#11664,#2928);
#2136=LINE('',#11667,#2929);
#2137=LINE('',#11668,#2930);
#2138=LINE('',#11670,#2931);
#2139=LINE('',#11673,#2932);
#2140=LINE('',#11674,#2933);
#2141=LINE('',#11676,#2934);
#2142=LINE('',#11679,#2935);
#2143=LINE('',#11680,#2936);
#2144=LINE('',#11682,#2937);
#2145=LINE('',#11685,#2938);
#2146=LINE('',#11686,#2939);
#2147=LINE('',#11688,#2940);
#2148=LINE('',#11691,#2941);
#2149=LINE('',#11692,#2942);
#2150=LINE('',#11694,#2943);
#2151=LINE('',#11697,#2944);
#2152=LINE('',#11698,#2945);
#2153=LINE('',#11700,#2946);
#2154=LINE('',#11703,#2947);
#2155=LINE('',#11704,#2948);
#2156=LINE('',#11706,#2949);
#2157=LINE('',#11709,#2950);
#2158=LINE('',#11710,#2951);
#2159=LINE('',#11712,#2952);
#2160=LINE('',#11715,#2953);
#2161=LINE('',#11716,#2954);
#2162=LINE('',#11719,#2955);
#2163=LINE('',#11720,#2956);
#2164=LINE('',#11723,#2957);
#2165=LINE('',#11724,#2958);
#2166=LINE('',#11726,#2959);
#2167=VECTOR('',#7758,10.);
#2168=VECTOR('',#7759,10.);
#2169=VECTOR('',#7760,10.);
#2170=VECTOR('',#7761,10.);
#2171=VECTOR('',#7762,10.);
#2172=VECTOR('',#7763,10.);
#2173=VECTOR('',#7764,10.);
#2174=VECTOR('',#7765,10.);
#2175=VECTOR('',#7766,10.);
#2176=VECTOR('',#7767,10.);
#2177=VECTOR('',#7768,10.);
#2178=VECTOR('',#7771,10.);
#2179=VECTOR('',#7772,10.);
#2180=VECTOR('',#7773,10.);
#2181=VECTOR('',#7776,10.);
#2182=VECTOR('',#7777,10.);
#2183=VECTOR('',#7780,10.);
#2184=VECTOR('',#7781,10.);
#2185=VECTOR('',#7784,10.);
#2186=VECTOR('',#7785,10.);
#2187=VECTOR('',#7788,10.);
#2188=VECTOR('',#7789,10.);
#2189=VECTOR('',#7830,1.69999999999999);
#2190=VECTOR('',#7835,1.70000000000002);
#2191=VECTOR('',#7840,1.7);
#2192=VECTOR('',#7845,1.70000000000002);
#2193=VECTOR('',#7850,1.7);
#2194=VECTOR('',#7855,1.7);
#2195=VECTOR('',#7858,10.);
#2196=VECTOR('',#7859,10.);
#2197=VECTOR('',#7860,10.);
#2198=VECTOR('',#7861,10.);
#2199=VECTOR('',#7864,10.);
#2200=VECTOR('',#7865,10.);
#2201=VECTOR('',#7866,10.);
#2202=VECTOR('',#7869,10.);
#2203=VECTOR('',#7870,10.);
#2204=VECTOR('',#7871,10.);
#2205=VECTOR('',#7874,10.);
#2206=VECTOR('',#7875,10.);
#2207=VECTOR('',#7876,10.);
#2208=VECTOR('',#7879,10.);
#2209=VECTOR('',#7880,10.);
#2210=VECTOR('',#7881,10.);
#2211=VECTOR('',#7884,10.);
#2212=VECTOR('',#7885,10.);
#2213=VECTOR('',#7886,10.);
#2214=VECTOR('',#7889,10.);
#2215=VECTOR('',#7890,10.);
#2216=VECTOR('',#7891,10.);
#2217=VECTOR('',#7894,10.);
#2218=VECTOR('',#7895,10.);
#2219=VECTOR('',#7896,10.);
#2220=VECTOR('',#7899,10.);
#2221=VECTOR('',#7900,10.);
#2222=VECTOR('',#7901,10.);
#2223=VECTOR('',#7904,10.);
#2224=VECTOR('',#7905,10.);
#2225=VECTOR('',#7906,10.);
#2226=VECTOR('',#7909,10.);
#2227=VECTOR('',#7910,10.);
#2228=VECTOR('',#7911,10.);
#2229=VECTOR('',#7914,10.);
#2230=VECTOR('',#7915,10.);
#2231=VECTOR('',#7916,10.);
#2232=VECTOR('',#7919,10.);
#2233=VECTOR('',#7920,10.);
#2234=VECTOR('',#7921,10.);
#2235=VECTOR('',#7924,10.);
#2236=VECTOR('',#7925,10.);
#2237=VECTOR('',#7926,10.);
#2238=VECTOR('',#7929,10.);
#2239=VECTOR('',#7930,10.);
#2240=VECTOR('',#7931,10.);
#2241=VECTOR('',#7932,10.);
#2242=VECTOR('',#7933,10.);
#2243=VECTOR('',#7934,10.);
#2244=VECTOR('',#7935,10.);
#2245=VECTOR('',#7936,10.);
#2246=VECTOR('',#7937,10.);
#2247=VECTOR('',#7938,10.);
#2248=VECTOR('',#7939,10.);
#2249=VECTOR('',#7940,10.);
#2250=VECTOR('',#7943,10.);
#2251=VECTOR('',#7944,10.);
#2252=VECTOR('',#7945,10.);
#2253=VECTOR('',#7946,10.);
#2254=VECTOR('',#7949,10.);
#2255=VECTOR('',#7950,10.);
#2256=VECTOR('',#7951,10.);
#2257=VECTOR('',#7954,10.);
#2258=VECTOR('',#7955,10.);
#2259=VECTOR('',#7956,10.);
#2260=VECTOR('',#7959,10.);
#2261=VECTOR('',#7962,10.);
#2262=VECTOR('',#7963,10.);
#2263=VECTOR('',#7964,10.);
#2264=VECTOR('',#7965,10.);
#2265=VECTOR('',#7966,10.);
#2266=VECTOR('',#7967,10.);
#2267=VECTOR('',#7968,10.);
#2268=VECTOR('',#7969,10.);
#2269=VECTOR('',#7974,2.34999999999999);
#2270=VECTOR('',#7979,2.34999999999999);
#2271=VECTOR('',#7984,2.35);
#2272=VECTOR('',#7987,10.);
#2273=VECTOR('',#7990,10.);
#2274=VECTOR('',#7993,10.);
#2275=VECTOR('',#7996,10.);
#2276=VECTOR('',#7999,10.);
#2277=VECTOR('',#8006,2.34999999999999);
#2278=VECTOR('',#8011,2.34999999999999);
#2279=VECTOR('',#8016,2.35);
#2280=VECTOR('',#8019,10.);
#2281=VECTOR('',#8020,10.);
#2282=VECTOR('',#8021,10.);
#2283=VECTOR('',#8024,10.);
#2284=VECTOR('',#8025,10.);
#2285=VECTOR('',#8028,10.);
#2286=VECTOR('',#8029,10.);
#2287=VECTOR('',#8032,10.);
#2288=VECTOR('',#8033,10.);
#2289=VECTOR('',#8036,10.);
#2290=VECTOR('',#8037,10.);
#2291=VECTOR('',#8040,10.);
#2292=VECTOR('',#8041,10.);
#2293=VECTOR('',#8044,10.);
#2294=VECTOR('',#8045,10.);
#2295=VECTOR('',#8048,10.);
#2296=VECTOR('',#8049,10.);
#2297=VECTOR('',#8052,10.);
#2298=VECTOR('',#8053,10.);
#2299=VECTOR('',#8056,10.);
#2300=VECTOR('',#8057,10.);
#2301=VECTOR('',#8060,10.);
#2302=VECTOR('',#8065,10.);
#2303=VECTOR('',#8066,10.);
#2304=VECTOR('',#8067,10.);
#2305=VECTOR('',#8068,10.);
#2306=VECTOR('',#8071,10.);
#2307=VECTOR('',#8072,10.);
#2308=VECTOR('',#8073,10.);
#2309=VECTOR('',#8074,10.);
#2310=VECTOR('',#8075,10.);
#2311=VECTOR('',#8076,10.);
#2312=VECTOR('',#8077,10.);
#2313=VECTOR('',#8078,10.);
#2314=VECTOR('',#8079,10.);
#2315=VECTOR('',#8080,10.);
#2316=VECTOR('',#8081,10.);
#2317=VECTOR('',#8082,10.);
#2318=VECTOR('',#8083,10.);
#2319=VECTOR('',#8084,10.);
#2320=VECTOR('',#8085,10.);
#2321=VECTOR('',#8086,10.);
#2322=VECTOR('',#8087,10.);
#2323=VECTOR('',#8088,10.);
#2324=VECTOR('',#8095,10.);
#2325=VECTOR('',#8096,10.);
#2326=VECTOR('',#8107,10.);
#2327=VECTOR('',#8108,10.);
#2328=VECTOR('',#8109,10.);
#2329=VECTOR('',#8110,10.);
#2330=VECTOR('',#8113,10.);
#2331=VECTOR('',#8114,10.);
#2332=VECTOR('',#8115,10.);
#2333=VECTOR('',#8116,10.);
#2334=VECTOR('',#8117,10.);
#2335=VECTOR('',#8118,10.);
#2336=VECTOR('',#8119,10.);
#2337=VECTOR('',#8120,10.);
#2338=VECTOR('',#8121,10.);
#2339=VECTOR('',#8122,10.);
#2340=VECTOR('',#8123,10.);
#2341=VECTOR('',#8124,10.);
#2342=VECTOR('',#8125,10.);
#2343=VECTOR('',#8126,10.);
#2344=VECTOR('',#8127,10.);
#2345=VECTOR('',#8128,10.);
#2346=VECTOR('',#8129,10.);
#2347=VECTOR('',#8130,10.);
#2348=VECTOR('',#8131,10.);
#2349=VECTOR('',#8132,10.);
#2350=VECTOR('',#8133,10.);
#2351=VECTOR('',#8134,10.);
#2352=VECTOR('',#8135,10.);
#2353=VECTOR('',#8136,10.);
#2354=VECTOR('',#8153,10.);
#2355=VECTOR('',#8154,10.);
#2356=VECTOR('',#8157,10.);
#2357=VECTOR('',#8158,10.);
#2358=VECTOR('',#8161,10.);
#2359=VECTOR('',#8162,10.);
#2360=VECTOR('',#8165,10.);
#2361=VECTOR('',#8168,10.);
#2362=VECTOR('',#8171,10.);
#2363=VECTOR('',#8174,10.);
#2364=VECTOR('',#8177,10.);
#2365=VECTOR('',#8180,10.);
#2366=VECTOR('',#8183,10.);
#2367=VECTOR('',#8186,10.);
#2368=VECTOR('',#8189,10.);
#2369=VECTOR('',#8192,10.);
#2370=VECTOR('',#8193,10.);
#2371=VECTOR('',#8196,10.);
#2372=VECTOR('',#8197,10.);
#2373=VECTOR('',#8200,10.);
#2374=VECTOR('',#8201,10.);
#2375=VECTOR('',#8246,1.6);
#2376=VECTOR('',#8249,1.6);
#2377=VECTOR('',#8252,1.60000000000004);
#2378=VECTOR('',#8255,1.59999999999997);
#2379=VECTOR('',#8258,1.60000000000004);
#2380=VECTOR('',#8261,1.6);
#2381=VECTOR('',#8264,1.69999999999998);
#2382=VECTOR('',#8267,10.);
#2383=VECTOR('',#8268,10.);
#2384=VECTOR('',#8271,10.);
#2385=VECTOR('',#8272,10.);
#2386=VECTOR('',#8275,10.);
#2387=VECTOR('',#8276,10.);
#2388=VECTOR('',#8279,10.);
#2389=VECTOR('',#8280,10.);
#2390=VECTOR('',#8283,10.);
#2391=VECTOR('',#8284,10.);
#2392=VECTOR('',#8287,10.);
#2393=VECTOR('',#8288,10.);
#2394=VECTOR('',#8291,10.);
#2395=VECTOR('',#8292,10.);
#2396=VECTOR('',#8295,10.);
#2397=VECTOR('',#8296,10.);
#2398=VECTOR('',#8299,10.);
#2399=VECTOR('',#8300,10.);
#2400=VECTOR('',#8303,10.);
#2401=VECTOR('',#8304,10.);
#2402=VECTOR('',#8307,2.34999999999999);
#2403=VECTOR('',#8310,2.34999999999999);
#2404=VECTOR('',#8313,2.34999999999999);
#2405=VECTOR('',#8316,10.);
#2406=VECTOR('',#8317,10.);
#2407=VECTOR('',#8320,10.);
#2408=VECTOR('',#8323,2.34999999999999);
#2409=VECTOR('',#8326,2.34999999999999);
#2410=VECTOR('',#8329,2.34999999999999);
#2411=VECTOR('',#8332,2.34999999999999);
#2412=VECTOR('',#8335,10.);
#2413=VECTOR('',#8336,10.);
#2414=VECTOR('',#8339,10.);
#2415=VECTOR('',#8342,10.);
#2416=VECTOR('',#8345,10.);
#2417=VECTOR('',#8362,10.);
#2418=VECTOR('',#8363,10.);
#2419=VECTOR('',#8364,10.);
#2420=VECTOR('',#8365,10.);
#2421=VECTOR('',#8366,10.);
#2422=VECTOR('',#8367,10.);
#2423=VECTOR('',#8368,10.);
#2424=VECTOR('',#8369,10.);
#2425=VECTOR('',#8370,10.);
#2426=VECTOR('',#8371,10.);
#2427=VECTOR('',#8372,10.);
#2428=VECTOR('',#8379,10.);
#2429=VECTOR('',#8380,10.);
#2430=VECTOR('',#8381,10.);
#2431=VECTOR('',#8382,10.);
#2432=VECTOR('',#8383,10.);
#2433=VECTOR('',#8384,10.);
#2434=VECTOR('',#8385,10.);
#2435=VECTOR('',#8386,10.);
#2436=VECTOR('',#8387,10.);
#2437=VECTOR('',#8388,10.);
#2438=VECTOR('',#8389,10.);
#2439=VECTOR('',#8390,10.);
#2440=VECTOR('',#8391,10.);
#2441=VECTOR('',#8392,10.);
#2442=VECTOR('',#8393,10.);
#2443=VECTOR('',#8394,10.);
#2444=VECTOR('',#8395,10.);
#2445=VECTOR('',#8396,10.);
#2446=VECTOR('',#8397,10.);
#2447=VECTOR('',#8398,10.);
#2448=VECTOR('',#8399,10.);
#2449=VECTOR('',#8400,10.);
#2450=VECTOR('',#8401,10.);
#2451=VECTOR('',#8402,10.);
#2452=VECTOR('',#8403,10.);
#2453=VECTOR('',#8404,10.);
#2454=VECTOR('',#8405,10.);
#2455=VECTOR('',#8406,10.);
#2456=VECTOR('',#8407,10.);
#2457=VECTOR('',#8408,10.);
#2458=VECTOR('',#8409,10.);
#2459=VECTOR('',#8410,10.);
#2460=VECTOR('',#8411,10.);
#2461=VECTOR('',#8412,10.);
#2462=VECTOR('',#8413,10.);
#2463=VECTOR('',#8414,10.);
#2464=VECTOR('',#8415,10.);
#2465=VECTOR('',#8416,10.);
#2466=VECTOR('',#8417,10.);
#2467=VECTOR('',#8418,10.);
#2468=VECTOR('',#8419,10.);
#2469=VECTOR('',#8420,10.);
#2470=VECTOR('',#8421,10.);
#2471=VECTOR('',#8422,10.);
#2472=VECTOR('',#8423,10.);
#2473=VECTOR('',#8424,10.);
#2474=VECTOR('',#8425,10.);
#2475=VECTOR('',#8426,10.);
#2476=VECTOR('',#8427,10.);
#2477=VECTOR('',#8428,10.);
#2478=VECTOR('',#8429,10.);
#2479=VECTOR('',#8430,10.);
#2480=VECTOR('',#8431,10.);
#2481=VECTOR('',#8432,10.);
#2482=VECTOR('',#8433,10.);
#2483=VECTOR('',#8434,10.);
#2484=VECTOR('',#8435,10.);
#2485=VECTOR('',#8436,10.);
#2486=VECTOR('',#8437,10.);
#2487=VECTOR('',#8438,10.);
#2488=VECTOR('',#8439,10.);
#2489=VECTOR('',#8440,10.);
#2490=VECTOR('',#8441,10.);
#2491=VECTOR('',#8442,10.);
#2492=VECTOR('',#8449,1.7);
#2493=VECTOR('',#8460,1.7);
#2494=VECTOR('',#8473,10.);
#2495=VECTOR('',#8478,1.7);
#2496=VECTOR('',#8489,1.7);
#2497=VECTOR('',#8500,1.70000000000002);
#2498=VECTOR('',#8511,1.69999999999999);
#2499=VECTOR('',#8518,10.);
#2500=VECTOR('',#8525,10.);
#2501=VECTOR('',#8528,10.);
#2502=VECTOR('',#8533,10.);
#2503=VECTOR('',#8538,10.);
#2504=VECTOR('',#8541,10.);
#2505=VECTOR('',#8546,10.);
#2506=VECTOR('',#8551,10.);
#2507=VECTOR('',#8556,10.);
#2508=VECTOR('',#8561,10.);
#2509=VECTOR('',#8564,10.);
#2510=VECTOR('',#8565,10.);
#2511=VECTOR('',#8566,10.);
#2512=VECTOR('',#8569,10.);
#2513=VECTOR('',#8570,10.);
#2514=VECTOR('',#8573,10.);
#2515=VECTOR('',#8574,10.);
#2516=VECTOR('',#8577,10.);
#2517=VECTOR('',#8578,10.);
#2518=VECTOR('',#8581,10.);
#2519=VECTOR('',#8582,10.);
#2520=VECTOR('',#8585,10.);
#2521=VECTOR('',#8586,10.);
#2522=VECTOR('',#8589,10.);
#2523=VECTOR('',#8590,10.);
#2524=VECTOR('',#8591,10.);
#2525=VECTOR('',#8594,10.);
#2526=VECTOR('',#8595,10.);
#2527=VECTOR('',#8598,10.);
#2528=VECTOR('',#8599,10.);
#2529=VECTOR('',#8602,10.);
#2530=VECTOR('',#8605,10.);
#2531=VECTOR('',#8606,10.);
#2532=VECTOR('',#8607,10.);
#2533=VECTOR('',#8610,10.);
#2534=VECTOR('',#8611,10.);
#2535=VECTOR('',#8614,10.);
#2536=VECTOR('',#8615,10.);
#2537=VECTOR('',#8618,10.);
#2538=VECTOR('',#8621,10.);
#2539=VECTOR('',#8622,10.);
#2540=VECTOR('',#8623,10.);
#2541=VECTOR('',#8626,10.);
#2542=VECTOR('',#8627,10.);
#2543=VECTOR('',#8630,10.);
#2544=VECTOR('',#8631,10.);
#2545=VECTOR('',#8634,10.);
#2546=VECTOR('',#8637,10.);
#2547=VECTOR('',#8638,10.);
#2548=VECTOR('',#8639,10.);
#2549=VECTOR('',#8642,10.);
#2550=VECTOR('',#8643,10.);
#2551=VECTOR('',#8646,10.);
#2552=VECTOR('',#8647,10.);
#2553=VECTOR('',#8650,10.);
#2554=VECTOR('',#8653,10.);
#2555=VECTOR('',#8654,10.);
#2556=VECTOR('',#8655,10.);
#2557=VECTOR('',#8658,10.);
#2558=VECTOR('',#8659,10.);
#2559=VECTOR('',#8662,10.);
#2560=VECTOR('',#8663,10.);
#2561=VECTOR('',#8666,10.);
#2562=VECTOR('',#8669,10.);
#2563=VECTOR('',#8670,10.);
#2564=VECTOR('',#8671,10.);
#2565=VECTOR('',#8674,10.);
#2566=VECTOR('',#8675,10.);
#2567=VECTOR('',#8678,10.);
#2568=VECTOR('',#8679,10.);
#2569=VECTOR('',#8682,10.);
#2570=VECTOR('',#8685,10.);
#2571=VECTOR('',#8686,10.);
#2572=VECTOR('',#8687,10.);
#2573=VECTOR('',#8690,10.);
#2574=VECTOR('',#8691,10.);
#2575=VECTOR('',#8694,10.);
#2576=VECTOR('',#8695,10.);
#2577=VECTOR('',#8698,10.);
#2578=VECTOR('',#8701,10.);
#2579=VECTOR('',#8702,10.);
#2580=VECTOR('',#8703,10.);
#2581=VECTOR('',#8706,10.);
#2582=VECTOR('',#8707,10.);
#2583=VECTOR('',#8710,10.);
#2584=VECTOR('',#8711,10.);
#2585=VECTOR('',#8714,10.);
#2586=VECTOR('',#8717,10.);
#2587=VECTOR('',#8718,10.);
#2588=VECTOR('',#8719,10.);
#2589=VECTOR('',#8722,10.);
#2590=VECTOR('',#8723,10.);
#2591=VECTOR('',#8726,10.);
#2592=VECTOR('',#8727,10.);
#2593=VECTOR('',#8730,10.);
#2594=VECTOR('',#8733,10.);
#2595=VECTOR('',#8734,10.);
#2596=VECTOR('',#8735,10.);
#2597=VECTOR('',#8738,10.);
#2598=VECTOR('',#8739,10.);
#2599=VECTOR('',#8742,10.);
#2600=VECTOR('',#8743,10.);
#2601=VECTOR('',#8746,10.);
#2602=VECTOR('',#8749,10.);
#2603=VECTOR('',#8750,10.);
#2604=VECTOR('',#8751,10.);
#2605=VECTOR('',#8754,10.);
#2606=VECTOR('',#8755,10.);
#2607=VECTOR('',#8758,10.);
#2608=VECTOR('',#8759,10.);
#2609=VECTOR('',#8762,10.);
#2610=VECTOR('',#8765,10.);
#2611=VECTOR('',#8766,10.);
#2612=VECTOR('',#8767,10.);
#2613=VECTOR('',#8770,10.);
#2614=VECTOR('',#8771,10.);
#2615=VECTOR('',#8774,10.);
#2616=VECTOR('',#8775,10.);
#2617=VECTOR('',#8778,10.);
#2618=VECTOR('',#8781,10.);
#2619=VECTOR('',#8782,10.);
#2620=VECTOR('',#8783,10.);
#2621=VECTOR('',#8786,10.);
#2622=VECTOR('',#8787,10.);
#2623=VECTOR('',#8790,10.);
#2624=VECTOR('',#8791,10.);
#2625=VECTOR('',#8794,10.);
#2626=VECTOR('',#8797,10.);
#2627=VECTOR('',#8798,10.);
#2628=VECTOR('',#8799,10.);
#2629=VECTOR('',#8802,10.);
#2630=VECTOR('',#8803,10.);
#2631=VECTOR('',#8806,10.);
#2632=VECTOR('',#8807,10.);
#2633=VECTOR('',#8810,10.);
#2634=VECTOR('',#8813,10.);
#2635=VECTOR('',#8814,10.);
#2636=VECTOR('',#8815,10.);
#2637=VECTOR('',#8818,10.);
#2638=VECTOR('',#8819,10.);
#2639=VECTOR('',#8822,10.);
#2640=VECTOR('',#8823,10.);
#2641=VECTOR('',#8826,10.);
#2642=VECTOR('',#8829,10.);
#2643=VECTOR('',#8830,10.);
#2644=VECTOR('',#8831,10.);
#2645=VECTOR('',#8834,10.);
#2646=VECTOR('',#8835,10.);
#2647=VECTOR('',#8838,10.);
#2648=VECTOR('',#8839,10.);
#2649=VECTOR('',#8842,10.);
#2650=VECTOR('',#8845,10.);
#2651=VECTOR('',#8846,10.);
#2652=VECTOR('',#8849,10.);
#2653=VECTOR('',#8850,10.);
#2654=VECTOR('',#8853,10.);
#2655=VECTOR('',#8854,10.);
#2656=VECTOR('',#8857,10.);
#2657=VECTOR('',#8858,10.);
#2658=VECTOR('',#8861,10.);
#2659=VECTOR('',#8866,10.);
#2660=VECTOR('',#8869,10.);
#2661=VECTOR('',#8874,10.);
#2662=VECTOR('',#8877,10.);
#2663=VECTOR('',#8880,10.);
#2664=VECTOR('',#8883,10.);
#2665=VECTOR('',#8886,10.);
#2666=VECTOR('',#8889,10.);
#2667=VECTOR('',#8892,10.);
#2668=VECTOR('',#8895,10.);
#2669=VECTOR('',#8896,10.);
#2670=VECTOR('',#8899,10.);
#2671=VECTOR('',#8900,10.);
#2672=VECTOR('',#8905,10.);
#2673=VECTOR('',#8908,10.);
#2674=VECTOR('',#8909,10.);
#2675=VECTOR('',#8912,10.);
#2676=VECTOR('',#8913,10.);
#2677=VECTOR('',#8918,10.);
#2678=VECTOR('',#8919,10.);
#2679=VECTOR('',#8922,10.);
#2680=VECTOR('',#8923,10.);
#2681=VECTOR('',#8924,10.);
#2682=VECTOR('',#8927,10.);
#2683=VECTOR('',#8928,10.);
#2684=VECTOR('',#8931,10.);
#2685=VECTOR('',#8932,10.);
#2686=VECTOR('',#8935,10.);
#2687=VECTOR('',#8936,10.);
#2688=VECTOR('',#8939,10.);
#2689=VECTOR('',#8940,10.);
#2690=VECTOR('',#8955,10.);
#2691=VECTOR('',#8956,10.);
#2692=VECTOR('',#8957,10.);
#2693=VECTOR('',#8958,10.);
#2694=VECTOR('',#8959,10.);
#2695=VECTOR('',#8960,10.);
#2696=VECTOR('',#8961,10.);
#2697=VECTOR('',#8962,10.);
#2698=VECTOR('',#8963,10.);
#2699=VECTOR('',#8964,10.);
#2700=VECTOR('',#8965,10.);
#2701=VECTOR('',#8966,10.);
#2702=VECTOR('',#8969,10.);
#2703=VECTOR('',#8970,10.);
#2704=VECTOR('',#8971,10.);
#2705=VECTOR('',#8972,10.);
#2706=VECTOR('',#8975,10.);
#2707=VECTOR('',#8976,10.);
#2708=VECTOR('',#8977,10.);
#2709=VECTOR('',#8978,10.);
#2710=VECTOR('',#8979,10.);
#2711=VECTOR('',#8980,10.);
#2712=VECTOR('',#8981,10.);
#2713=VECTOR('',#8982,10.);
#2714=VECTOR('',#8983,10.);
#2715=VECTOR('',#8984,10.);
#2716=VECTOR('',#8985,10.);
#2717=VECTOR('',#8986,10.);
#2718=VECTOR('',#8987,10.);
#2719=VECTOR('',#8988,10.);
#2720=VECTOR('',#8989,10.);
#2721=VECTOR('',#8990,10.);
#2722=VECTOR('',#8991,10.);
#2723=VECTOR('',#8992,10.);
#2724=VECTOR('',#8993,10.);
#2725=VECTOR('',#8994,10.);
#2726=VECTOR('',#8999,10.);
#2727=VECTOR('',#9000,10.);
#2728=VECTOR('',#9001,10.);
#2729=VECTOR('',#9002,10.);
#2730=VECTOR('',#9003,10.);
#2731=VECTOR('',#9004,10.);
#2732=VECTOR('',#9005,10.);
#2733=VECTOR('',#9006,10.);
#2734=VECTOR('',#9007,10.);
#2735=VECTOR('',#9008,10.);
#2736=VECTOR('',#9009,10.);
#2737=VECTOR('',#9010,10.);
#2738=VECTOR('',#9013,10.);
#2739=VECTOR('',#9014,10.);
#2740=VECTOR('',#9015,10.);
#2741=VECTOR('',#9016,10.);
#2742=VECTOR('',#9017,10.);
#2743=VECTOR('',#9018,10.);
#2744=VECTOR('',#9019,10.);
#2745=VECTOR('',#9020,10.);
#2746=VECTOR('',#9021,10.);
#2747=VECTOR('',#9022,10.);
#2748=VECTOR('',#9023,10.);
#2749=VECTOR('',#9024,10.);
#2750=VECTOR('',#9025,10.);
#2751=VECTOR('',#9026,10.);
#2752=VECTOR('',#9027,10.);
#2753=VECTOR('',#9028,10.);
#2754=VECTOR('',#9039,10.);
#2755=VECTOR('',#9046,10.);
#2756=VECTOR('',#9051,10.);
#2757=VECTOR('',#9054,10.);
#2758=VECTOR('',#9057,10.);
#2759=VECTOR('',#9058,10.);
#2760=VECTOR('',#9059,10.);
#2761=VECTOR('',#9062,10.);
#2762=VECTOR('',#9063,10.);
#2763=VECTOR('',#9068,10.);
#2764=VECTOR('',#9075,10.);
#2765=VECTOR('',#9080,10.);
#2766=VECTOR('',#9083,10.);
#2767=VECTOR('',#9086,10.);
#2768=VECTOR('',#9087,10.);
#2769=VECTOR('',#9088,10.);
#2770=VECTOR('',#9091,10.);
#2771=VECTOR('',#9092,10.);
#2772=VECTOR('',#9097,10.);
#2773=VECTOR('',#9104,10.);
#2774=VECTOR('',#9109,10.);
#2775=VECTOR('',#9112,10.);
#2776=VECTOR('',#9115,10.);
#2777=VECTOR('',#9116,10.);
#2778=VECTOR('',#9117,10.);
#2779=VECTOR('',#9120,10.);
#2780=VECTOR('',#9121,10.);
#2781=VECTOR('',#9126,10.);
#2782=VECTOR('',#9133,10.);
#2783=VECTOR('',#9138,10.);
#2784=VECTOR('',#9141,10.);
#2785=VECTOR('',#9144,10.);
#2786=VECTOR('',#9145,10.);
#2787=VECTOR('',#9146,10.);
#2788=VECTOR('',#9149,10.);
#2789=VECTOR('',#9150,10.);
#2790=VECTOR('',#9155,10.);
#2791=VECTOR('',#9162,10.);
#2792=VECTOR('',#9167,10.);
#2793=VECTOR('',#9170,10.);
#2794=VECTOR('',#9173,10.);
#2795=VECTOR('',#9174,10.);
#2796=VECTOR('',#9175,10.);
#2797=VECTOR('',#9178,10.);
#2798=VECTOR('',#9179,10.);
#2799=VECTOR('',#9184,10.);
#2800=VECTOR('',#9191,10.);
#2801=VECTOR('',#9196,10.);
#2802=VECTOR('',#9199,10.);
#2803=VECTOR('',#9202,10.);
#2804=VECTOR('',#9203,10.);
#2805=VECTOR('',#9204,10.);
#2806=VECTOR('',#9207,10.);
#2807=VECTOR('',#9208,10.);
#2808=VECTOR('',#9217,1.59999999999997);
#2809=VECTOR('',#9224,10.);
#2810=VECTOR('',#9231,10.);
#2811=VECTOR('',#9236,10.);
#2812=VECTOR('',#9239,10.);
#2813=VECTOR('',#9242,10.);
#2814=VECTOR('',#9243,10.);
#2815=VECTOR('',#9244,10.);
#2816=VECTOR('',#9247,10.);
#2817=VECTOR('',#9248,10.);
#2818=VECTOR('',#9253,10.);
#2819=VECTOR('',#9260,10.);
#2820=VECTOR('',#9265,10.);
#2821=VECTOR('',#9268,10.);
#2822=VECTOR('',#9271,10.);
#2823=VECTOR('',#9272,10.);
#2824=VECTOR('',#9273,10.);
#2825=VECTOR('',#9276,10.);
#2826=VECTOR('',#9277,10.);
#2827=VECTOR('',#9286,1.6);
#2828=VECTOR('',#9291,1.60000000000004);
#2829=VECTOR('',#9298,10.);
#2830=VECTOR('',#9305,10.);
#2831=VECTOR('',#9310,10.);
#2832=VECTOR('',#9313,10.);
#2833=VECTOR('',#9316,10.);
#2834=VECTOR('',#9317,10.);
#2835=VECTOR('',#9318,10.);
#2836=VECTOR('',#9321,10.);
#2837=VECTOR('',#9322,10.);
#2838=VECTOR('',#9331,1.6);
#2839=VECTOR('',#9338,10.);
#2840=VECTOR('',#9345,10.);
#2841=VECTOR('',#9350,10.);
#2842=VECTOR('',#9353,10.);
#2843=VECTOR('',#9356,10.);
#2844=VECTOR('',#9357,10.);
#2845=VECTOR('',#9358,10.);
#2846=VECTOR('',#9361,10.);
#2847=VECTOR('',#9362,10.);
#2848=VECTOR('',#9367,10.);
#2849=VECTOR('',#9374,10.);
#2850=VECTOR('',#9379,10.);
#2851=VECTOR('',#9382,10.);
#2852=VECTOR('',#9385,10.);
#2853=VECTOR('',#9386,10.);
#2854=VECTOR('',#9387,10.);
#2855=VECTOR('',#9390,10.);
#2856=VECTOR('',#9391,10.);
#2857=VECTOR('',#9396,10.);
#2858=VECTOR('',#9403,10.);
#2859=VECTOR('',#9408,10.);
#2860=VECTOR('',#9411,10.);
#2861=VECTOR('',#9414,10.);
#2862=VECTOR('',#9415,10.);
#2863=VECTOR('',#9416,10.);
#2864=VECTOR('',#9419,10.);
#2865=VECTOR('',#9420,10.);
#2866=VECTOR('',#9425,10.);
#2867=VECTOR('',#9432,10.);
#2868=VECTOR('',#9437,10.);
#2869=VECTOR('',#9440,10.);
#2870=VECTOR('',#9443,10.);
#2871=VECTOR('',#9444,10.);
#2872=VECTOR('',#9445,10.);
#2873=VECTOR('',#9448,10.);
#2874=VECTOR('',#9449,10.);
#2875=VECTOR('',#9452,1.60000000000004);
#2876=VECTOR('',#9459,10.);
#2877=VECTOR('',#9466,10.);
#2878=VECTOR('',#9471,10.);
#2879=VECTOR('',#9474,10.);
#2880=VECTOR('',#9477,10.);
#2881=VECTOR('',#9478,10.);
#2882=VECTOR('',#9479,10.);
#2883=VECTOR('',#9482,10.);
#2884=VECTOR('',#9483,10.);
#2885=VECTOR('',#9492,1.6);
#2886=VECTOR('',#9499,10.);
#2887=VECTOR('',#9506,10.);
#2888=VECTOR('',#9511,10.);
#2889=VECTOR('',#9514,10.);
#2890=VECTOR('',#9517,10.);
#2891=VECTOR('',#9518,10.);
#2892=VECTOR('',#9519,10.);
#2893=VECTOR('',#9522,10.);
#2894=VECTOR('',#9523,10.);
#2895=VECTOR('',#9532,1.69999999999998);
#2896=VECTOR('',#9539,10.);
#2897=VECTOR('',#9546,10.);
#2898=VECTOR('',#9551,10.);
#2899=VECTOR('',#9554,10.);
#2900=VECTOR('',#9557,10.);
#2901=VECTOR('',#9558,10.);
#2902=VECTOR('',#9559,10.);
#2903=VECTOR('',#9562,10.);
#2904=VECTOR('',#9563,10.);
#2905=VECTOR('',#9566,10.);
#2906=VECTOR('',#9567,10.);
#2907=VECTOR('',#9570,10.);
#2908=VECTOR('',#9573,10.);
#2909=VECTOR('',#9574,10.);
#2910=VECTOR('',#9577,10.);
#2911=VECTOR('',#9580,10.);
#2912=VECTOR('',#9581,10.);
#2913=VECTOR('',#9584,10.);
#2914=VECTOR('',#9587,10.);
#2915=VECTOR('',#9588,10.);
#2916=VECTOR('',#9591,10.);
#2917=VECTOR('',#9594,10.);
#2918=VECTOR('',#9595,10.);
#2919=VECTOR('',#9598,10.);
#2920=VECTOR('',#9601,10.);
#2921=VECTOR('',#9602,10.);
#2922=VECTOR('',#9605,10.);
#2923=VECTOR('',#9608,10.);
#2924=VECTOR('',#9609,10.);
#2925=VECTOR('',#9612,10.);
#2926=VECTOR('',#9615,10.);
#2927=VECTOR('',#9616,10.);
#2928=VECTOR('',#9619,10.);
#2929=VECTOR('',#9622,10.);
#2930=VECTOR('',#9623,10.);
#2931=VECTOR('',#9626,10.);
#2932=VECTOR('',#9629,10.);
#2933=VECTOR('',#9630,10.);
#2934=VECTOR('',#9633,10.);
#2935=VECTOR('',#9636,10.);
#2936=VECTOR('',#9637,10.);
#2937=VECTOR('',#9640,10.);
#2938=VECTOR('',#9643,10.);
#2939=VECTOR('',#9644,10.);
#2940=VECTOR('',#9647,10.);
#2941=VECTOR('',#9650,10.);
#2942=VECTOR('',#9651,10.);
#2943=VECTOR('',#9654,10.);
#2944=VECTOR('',#9657,10.);
#2945=VECTOR('',#9658,10.);
#2946=VECTOR('',#9661,10.);
#2947=VECTOR('',#9664,10.);
#2948=VECTOR('',#9665,10.);
#2949=VECTOR('',#9668,10.);
#2950=VECTOR('',#9671,10.);
#2951=VECTOR('',#9672,10.);
#2952=VECTOR('',#9675,10.);
#2953=VECTOR('',#9678,10.);
#2954=VECTOR('',#9679,10.);
#2955=VECTOR('',#9682,10.);
#2956=VECTOR('',#9683,10.);
#2957=VECTOR('',#9686,10.);
#2958=VECTOR('',#9687,10.);
#2959=VECTOR('',#9690,10.);
#2960=VERTEX_POINT('',#9695);
#2961=VERTEX_POINT('',#9696);
#2962=VERTEX_POINT('',#9698);
#2963=VERTEX_POINT('',#9700);
#2964=VERTEX_POINT('',#9702);
#2965=VERTEX_POINT('',#9704);
#2966=VERTEX_POINT('',#9706);
#2967=VERTEX_POINT('',#9708);
#2968=VERTEX_POINT('',#9710);
#2969=VERTEX_POINT('',#9712);
#2970=VERTEX_POINT('',#9714);
#2971=VERTEX_POINT('',#9718);
#2972=VERTEX_POINT('',#9720);
#2973=VERTEX_POINT('',#9724);
#2974=VERTEX_POINT('',#9728);
#2975=VERTEX_POINT('',#9732);
#2976=VERTEX_POINT('',#9736);
#2977=VERTEX_POINT('',#9740);
#2978=VERTEX_POINT('',#9742);
#2979=VERTEX_POINT('',#9745);
#2980=VERTEX_POINT('',#9747);
#2981=VERTEX_POINT('',#9750);
#2982=VERTEX_POINT('',#9752);
#2983=VERTEX_POINT('',#9755);
#2984=VERTEX_POINT('',#9757);
#2985=VERTEX_POINT('',#9760);
#2986=VERTEX_POINT('',#9762);
#2987=VERTEX_POINT('',#9765);
#2988=VERTEX_POINT('',#9767);
#2989=VERTEX_POINT('',#9770);
#2990=VERTEX_POINT('',#9774);
#2991=VERTEX_POINT('',#9778);
#2992=VERTEX_POINT('',#9782);
#2993=VERTEX_POINT('',#9786);
#2994=VERTEX_POINT('',#9790);
#2995=VERTEX_POINT('',#9794);
#2996=VERTEX_POINT('',#9795);
#2997=VERTEX_POINT('',#9797);
#2998=VERTEX_POINT('',#9799);
#2999=VERTEX_POINT('',#9803);
#3000=VERTEX_POINT('',#9805);
#3001=VERTEX_POINT('',#9809);
#3002=VERTEX_POINT('',#9811);
#3003=VERTEX_POINT('',#9815);
#3004=VERTEX_POINT('',#9817);
#3005=VERTEX_POINT('',#9821);
#3006=VERTEX_POINT('',#9823);
#3007=VERTEX_POINT('',#9827);
#3008=VERTEX_POINT('',#9829);
#3009=VERTEX_POINT('',#9833);
#3010=VERTEX_POINT('',#9835);
#3011=VERTEX_POINT('',#9839);
#3012=VERTEX_POINT('',#9841);
#3013=VERTEX_POINT('',#9845);
#3014=VERTEX_POINT('',#9847);
#3015=VERTEX_POINT('',#9851);
#3016=VERTEX_POINT('',#9853);
#3017=VERTEX_POINT('',#9857);
#3018=VERTEX_POINT('',#9859);
#3019=VERTEX_POINT('',#9863);
#3020=VERTEX_POINT('',#9865);
#3021=VERTEX_POINT('',#9869);
#3022=VERTEX_POINT('',#9871);
#3023=VERTEX_POINT('',#9875);
#3024=VERTEX_POINT('',#9877);
#3025=VERTEX_POINT('',#9881);
#3026=VERTEX_POINT('',#9883);
#3027=VERTEX_POINT('',#9885);
#3028=VERTEX_POINT('',#9887);
#3029=VERTEX_POINT('',#9889);
#3030=VERTEX_POINT('',#9891);
#3031=VERTEX_POINT('',#9893);
#3032=VERTEX_POINT('',#9895);
#3033=VERTEX_POINT('',#9897);
#3034=VERTEX_POINT('',#9899);
#3035=VERTEX_POINT('',#9901);
#3036=VERTEX_POINT('',#9905);
#3037=VERTEX_POINT('',#9906);
#3038=VERTEX_POINT('',#9908);
#3039=VERTEX_POINT('',#9910);
#3040=VERTEX_POINT('',#9914);
#3041=VERTEX_POINT('',#9916);
#3042=VERTEX_POINT('',#9920);
#3043=VERTEX_POINT('',#9922);
#3044=VERTEX_POINT('',#9930);
#3045=VERTEX_POINT('',#9932);
#3046=VERTEX_POINT('',#9934);
#3047=VERTEX_POINT('',#9936);
#3048=VERTEX_POINT('',#9938);
#3049=VERTEX_POINT('',#9942);
#3050=VERTEX_POINT('',#9946);
#3051=VERTEX_POINT('',#9950);
#3052=VERTEX_POINT('',#9965);
#3053=VERTEX_POINT('',#9969);
#3054=VERTEX_POINT('',#9973);
#3055=VERTEX_POINT('',#9977);
#3056=VERTEX_POINT('',#9979);
#3057=VERTEX_POINT('',#9983);
#3058=VERTEX_POINT('',#9987);
#3059=VERTEX_POINT('',#9991);
#3060=VERTEX_POINT('',#9995);
#3061=VERTEX_POINT('',#9999);
#3062=VERTEX_POINT('',#10003);
#3063=VERTEX_POINT('',#10007);
#3064=VERTEX_POINT('',#10011);
#3065=VERTEX_POINT('',#10015);
#3066=VERTEX_POINT('',#10022);
#3067=VERTEX_POINT('',#10023);
#3068=VERTEX_POINT('',#10025);
#3069=VERTEX_POINT('',#10027);
#3070=VERTEX_POINT('',#10031);
#3071=VERTEX_POINT('',#10032);
#3072=VERTEX_POINT('',#10034);
#3073=VERTEX_POINT('',#10036);
#3074=VERTEX_POINT('',#10038);
#3075=VERTEX_POINT('',#10040);
#3076=VERTEX_POINT('',#10042);
#3077=VERTEX_POINT('',#10044);
#3078=VERTEX_POINT('',#10046);
#3079=VERTEX_POINT('',#10048);
#3080=VERTEX_POINT('',#10050);
#3081=VERTEX_POINT('',#10052);
#3082=VERTEX_POINT('',#10054);
#3083=VERTEX_POINT('',#10056);
#3084=VERTEX_POINT('',#10058);
#3085=VERTEX_POINT('',#10060);
#3086=VERTEX_POINT('',#10062);
#3087=VERTEX_POINT('',#10064);
#3088=VERTEX_POINT('',#10067);
#3089=VERTEX_POINT('',#10069);
#3090=VERTEX_POINT('',#10071);
#3091=VERTEX_POINT('',#10073);
#3092=VERTEX_POINT('',#10076);
#3093=VERTEX_POINT('',#10078);
#3094=VERTEX_POINT('',#10080);
#3095=VERTEX_POINT('',#10082);
#3096=VERTEX_POINT('',#10085);
#3097=VERTEX_POINT('',#10086);
#3098=VERTEX_POINT('',#10088);
#3099=VERTEX_POINT('',#10090);
#3100=VERTEX_POINT('',#10094);
#3101=VERTEX_POINT('',#10095);
#3102=VERTEX_POINT('',#10097);
#3103=VERTEX_POINT('',#10099);
#3104=VERTEX_POINT('',#10101);
#3105=VERTEX_POINT('',#10103);
#3106=VERTEX_POINT('',#10105);
#3107=VERTEX_POINT('',#10107);
#3108=VERTEX_POINT('',#10109);
#3109=VERTEX_POINT('',#10111);
#3110=VERTEX_POINT('',#10113);
#3111=VERTEX_POINT('',#10115);
#3112=VERTEX_POINT('',#10117);
#3113=VERTEX_POINT('',#10119);
#3114=VERTEX_POINT('',#10121);
#3115=VERTEX_POINT('',#10123);
#3116=VERTEX_POINT('',#10125);
#3117=VERTEX_POINT('',#10127);
#3118=VERTEX_POINT('',#10129);
#3119=VERTEX_POINT('',#10131);
#3120=VERTEX_POINT('',#10133);
#3121=VERTEX_POINT('',#10135);
#3122=VERTEX_POINT('',#10137);
#3123=VERTEX_POINT('',#10139);
#3124=VERTEX_POINT('',#10142);
#3125=VERTEX_POINT('',#10144);
#3126=VERTEX_POINT('',#10146);
#3127=VERTEX_POINT('',#10148);
#3128=VERTEX_POINT('',#10150);
#3129=VERTEX_POINT('',#10152);
#3130=VERTEX_POINT('',#10154);
#3131=VERTEX_POINT('',#10160);
#3132=VERTEX_POINT('',#10185);
#3133=VERTEX_POINT('',#10189);
#3134=VERTEX_POINT('',#10193);
#3135=VERTEX_POINT('',#10197);
#3136=VERTEX_POINT('',#10199);
#3137=VERTEX_POINT('',#10202);
#3138=VERTEX_POINT('',#10204);
#3139=VERTEX_POINT('',#10207);
#3140=VERTEX_POINT('',#10209);
#3141=VERTEX_POINT('',#10212);
#3142=VERTEX_POINT('',#10214);
#3143=VERTEX_POINT('',#10217);
#3144=VERTEX_POINT('',#10219);
#3145=VERTEX_POINT('',#10222);
#3146=VERTEX_POINT('',#10224);
#3147=VERTEX_POINT('',#10227);
#3148=VERTEX_POINT('',#10229);
#3149=VERTEX_POINT('',#10246);
#3150=VERTEX_POINT('',#10250);
#3151=VERTEX_POINT('',#10254);
#3152=VERTEX_POINT('',#10258);
#3153=VERTEX_POINT('',#10262);
#3154=VERTEX_POINT('',#10266);
#3155=VERTEX_POINT('',#10270);
#3156=VERTEX_POINT('',#10274);
#3157=VERTEX_POINT('',#10278);
#3158=VERTEX_POINT('',#10282);
#3159=VERTEX_POINT('',#10292);
#3160=VERTEX_POINT('',#10317);
#3161=VERTEX_POINT('',#10319);
#3162=VERTEX_POINT('',#10323);
#3163=VERTEX_POINT('',#10324);
#3164=VERTEX_POINT('',#10326);
#3165=VERTEX_POINT('',#10328);
#3166=VERTEX_POINT('',#10330);
#3167=VERTEX_POINT('',#10332);
#3168=VERTEX_POINT('',#10334);
#3169=VERTEX_POINT('',#10336);
#3170=VERTEX_POINT('',#10338);
#3171=VERTEX_POINT('',#10340);
#3172=VERTEX_POINT('',#10342);
#3173=VERTEX_POINT('',#10344);
#3174=VERTEX_POINT('',#10346);
#3175=VERTEX_POINT('',#10349);
#3176=VERTEX_POINT('',#10351);
#3177=VERTEX_POINT('',#10353);
#3178=VERTEX_POINT('',#10354);
#3179=VERTEX_POINT('',#10356);
#3180=VERTEX_POINT('',#10358);
#3181=VERTEX_POINT('',#10361);
#3182=VERTEX_POINT('',#10362);
#3183=VERTEX_POINT('',#10364);
#3184=VERTEX_POINT('',#10366);
#3185=VERTEX_POINT('',#10369);
#3186=VERTEX_POINT('',#10370);
#3187=VERTEX_POINT('',#10372);
#3188=VERTEX_POINT('',#10374);
#3189=VERTEX_POINT('',#10377);
#3190=VERTEX_POINT('',#10378);
#3191=VERTEX_POINT('',#10380);
#3192=VERTEX_POINT('',#10382);
#3193=VERTEX_POINT('',#10385);
#3194=VERTEX_POINT('',#10386);
#3195=VERTEX_POINT('',#10388);
#3196=VERTEX_POINT('',#10390);
#3197=VERTEX_POINT('',#10393);
#3198=VERTEX_POINT('',#10394);
#3199=VERTEX_POINT('',#10396);
#3200=VERTEX_POINT('',#10398);
#3201=VERTEX_POINT('',#10401);
#3202=VERTEX_POINT('',#10402);
#3203=VERTEX_POINT('',#10404);
#3204=VERTEX_POINT('',#10406);
#3205=VERTEX_POINT('',#10409);
#3206=VERTEX_POINT('',#10410);
#3207=VERTEX_POINT('',#10412);
#3208=VERTEX_POINT('',#10414);
#3209=VERTEX_POINT('',#10417);
#3210=VERTEX_POINT('',#10418);
#3211=VERTEX_POINT('',#10420);
#3212=VERTEX_POINT('',#10422);
#3213=VERTEX_POINT('',#10425);
#3214=VERTEX_POINT('',#10426);
#3215=VERTEX_POINT('',#10428);
#3216=VERTEX_POINT('',#10430);
#3217=VERTEX_POINT('',#10433);
#3218=VERTEX_POINT('',#10434);
#3219=VERTEX_POINT('',#10436);
#3220=VERTEX_POINT('',#10438);
#3221=VERTEX_POINT('',#10441);
#3222=VERTEX_POINT('',#10442);
#3223=VERTEX_POINT('',#10444);
#3224=VERTEX_POINT('',#10446);
#3225=VERTEX_POINT('',#10449);
#3226=VERTEX_POINT('',#10450);
#3227=VERTEX_POINT('',#10452);
#3228=VERTEX_POINT('',#10454);
#3229=VERTEX_POINT('',#10457);
#3230=VERTEX_POINT('',#10458);
#3231=VERTEX_POINT('',#10460);
#3232=VERTEX_POINT('',#10462);
#3233=VERTEX_POINT('',#10465);
#3234=VERTEX_POINT('',#10466);
#3235=VERTEX_POINT('',#10468);
#3236=VERTEX_POINT('',#10470);
#3237=VERTEX_POINT('',#10473);
#3238=VERTEX_POINT('',#10474);
#3239=VERTEX_POINT('',#10476);
#3240=VERTEX_POINT('',#10478);
#3241=VERTEX_POINT('',#10481);
#3242=VERTEX_POINT('',#10483);
#3243=VERTEX_POINT('',#10486);
#3244=VERTEX_POINT('',#10490);
#3245=VERTEX_POINT('',#10494);
#3246=VERTEX_POINT('',#10498);
#3247=VERTEX_POINT('',#10505);
#3248=VERTEX_POINT('',#10515);
#3249=VERTEX_POINT('',#10517);
#3250=VERTEX_POINT('',#10521);
#3251=VERTEX_POINT('',#10525);
#3252=VERTEX_POINT('',#10529);
#3253=VERTEX_POINT('',#10533);
#3254=VERTEX_POINT('',#10537);
#3255=VERTEX_POINT('',#10541);
#3256=VERTEX_POINT('',#10545);
#3257=VERTEX_POINT('',#10549);
#3258=VERTEX_POINT('',#10551);
#3259=VERTEX_POINT('',#10555);
#3260=VERTEX_POINT('',#10561);
#3261=VERTEX_POINT('',#10565);
#3262=VERTEX_POINT('',#10569);
#3263=VERTEX_POINT('',#10573);
#3264=VERTEX_POINT('',#10577);
#3265=VERTEX_POINT('',#10581);
#3266=VERTEX_POINT('',#10587);
#3267=VERTEX_POINT('',#10589);
#3268=VERTEX_POINT('',#10593);
#3269=VERTEX_POINT('',#10597);
#3270=VERTEX_POINT('',#10601);
#3271=VERTEX_POINT('',#10605);
#3272=VERTEX_POINT('',#10609);
#3273=VERTEX_POINT('',#10613);
#3274=VERTEX_POINT('',#10614);
#3275=VERTEX_POINT('',#10619);
#3276=VERTEX_POINT('',#10623);
#3277=VERTEX_POINT('',#10629);
#3278=VERTEX_POINT('',#10630);
#3279=VERTEX_POINT('',#10635);
#3280=VERTEX_POINT('',#10639);
#3281=VERTEX_POINT('',#10645);
#3282=VERTEX_POINT('',#10646);
#3283=VERTEX_POINT('',#10651);
#3284=VERTEX_POINT('',#10655);
#3285=VERTEX_POINT('',#10661);
#3286=VERTEX_POINT('',#10662);
#3287=VERTEX_POINT('',#10667);
#3288=VERTEX_POINT('',#10671);
#3289=VERTEX_POINT('',#10677);
#3290=VERTEX_POINT('',#10678);
#3291=VERTEX_POINT('',#10683);
#3292=VERTEX_POINT('',#10687);
#3293=VERTEX_POINT('',#10693);
#3294=VERTEX_POINT('',#10694);
#3295=VERTEX_POINT('',#10699);
#3296=VERTEX_POINT('',#10703);
#3297=VERTEX_POINT('',#10709);
#3298=VERTEX_POINT('',#10710);
#3299=VERTEX_POINT('',#10715);
#3300=VERTEX_POINT('',#10719);
#3301=VERTEX_POINT('',#10725);
#3302=VERTEX_POINT('',#10726);
#3303=VERTEX_POINT('',#10731);
#3304=VERTEX_POINT('',#10735);
#3305=VERTEX_POINT('',#10741);
#3306=VERTEX_POINT('',#10742);
#3307=VERTEX_POINT('',#10747);
#3308=VERTEX_POINT('',#10751);
#3309=VERTEX_POINT('',#10757);
#3310=VERTEX_POINT('',#10758);
#3311=VERTEX_POINT('',#10763);
#3312=VERTEX_POINT('',#10767);
#3313=VERTEX_POINT('',#10773);
#3314=VERTEX_POINT('',#10774);
#3315=VERTEX_POINT('',#10779);
#3316=VERTEX_POINT('',#10783);
#3317=VERTEX_POINT('',#10789);
#3318=VERTEX_POINT('',#10790);
#3319=VERTEX_POINT('',#10795);
#3320=VERTEX_POINT('',#10799);
#3321=VERTEX_POINT('',#10805);
#3322=VERTEX_POINT('',#10806);
#3323=VERTEX_POINT('',#10811);
#3324=VERTEX_POINT('',#10815);
#3325=VERTEX_POINT('',#10821);
#3326=VERTEX_POINT('',#10822);
#3327=VERTEX_POINT('',#10827);
#3328=VERTEX_POINT('',#10831);
#3329=VERTEX_POINT('',#10837);
#3330=VERTEX_POINT('',#10838);
#3331=VERTEX_POINT('',#10843);
#3332=VERTEX_POINT('',#10847);
#3333=VERTEX_POINT('',#10853);
#3334=VERTEX_POINT('',#10854);
#3335=VERTEX_POINT('',#10859);
#3336=VERTEX_POINT('',#10863);
#3337=VERTEX_POINT('',#10869);
#3338=VERTEX_POINT('',#10873);
#3339=VERTEX_POINT('',#10877);
#3340=VERTEX_POINT('',#10881);
#3341=VERTEX_POINT('',#10888);
#3342=VERTEX_POINT('',#10889);
#3343=VERTEX_POINT('',#10891);
#3344=VERTEX_POINT('',#10893);
#3345=VERTEX_POINT('',#10897);
#3346=VERTEX_POINT('',#10899);
#3347=VERTEX_POINT('',#10903);
#3348=VERTEX_POINT('',#10905);
#3349=VERTEX_POINT('',#10909);
#3350=VERTEX_POINT('',#10911);
#3351=VERTEX_POINT('',#10915);
#3352=VERTEX_POINT('',#10916);
#3353=VERTEX_POINT('',#10927);
#3354=VERTEX_POINT('',#10940);
#3355=VERTEX_POINT('',#10942);
#3356=VERTEX_POINT('',#10947);
#3357=VERTEX_POINT('',#10949);
#3358=VERTEX_POINT('',#10953);
#3359=VERTEX_POINT('',#10954);
#3360=VERTEX_POINT('',#10965);
#3361=VERTEX_POINT('',#10967);
#3362=VERTEX_POINT('',#10972);
#3363=VERTEX_POINT('',#10974);
#3364=VERTEX_POINT('',#10981);
#3365=VERTEX_POINT('',#10983);
#3366=VERTEX_POINT('',#10987);
#3367=VERTEX_POINT('',#10991);
#3368=VERTEX_POINT('',#10995);
#3369=VERTEX_POINT('',#10999);
#3370=VERTEX_POINT('',#11004);
#3371=VERTEX_POINT('',#11008);
#3372=VERTEX_POINT('',#11011);
#3373=VERTEX_POINT('',#11012);
#3374=VERTEX_POINT('',#11014);
#3375=VERTEX_POINT('',#11016);
#3376=VERTEX_POINT('',#11019);
#3377=VERTEX_POINT('',#11020);
#3378=VERTEX_POINT('',#11022);
#3379=VERTEX_POINT('',#11024);
#3380=VERTEX_POINT('',#11027);
#3381=VERTEX_POINT('',#11028);
#3382=VERTEX_POINT('',#11030);
#3383=VERTEX_POINT('',#11032);
#3384=VERTEX_POINT('',#11035);
#3385=VERTEX_POINT('',#11037);
#3386=VERTEX_POINT('',#11038);
#3387=VERTEX_POINT('',#11040);
#3388=VERTEX_POINT('',#11042);
#3389=VERTEX_POINT('',#11045);
#3390=VERTEX_POINT('',#11047);
#3391=VERTEX_POINT('',#11048);
#3392=VERTEX_POINT('',#11050);
#3393=VERTEX_POINT('',#11052);
#3394=VERTEX_POINT('',#11055);
#3395=VERTEX_POINT('',#11056);
#3396=VERTEX_POINT('',#11058);
#3397=VERTEX_POINT('',#11060);
#3398=VERTEX_POINT('',#11063);
#3399=VERTEX_POINT('',#11064);
#3400=VERTEX_POINT('',#11066);
#3401=VERTEX_POINT('',#11068);
#3402=VERTEX_POINT('',#11071);
#3403=VERTEX_POINT('',#11072);
#3404=VERTEX_POINT('',#11074);
#3405=VERTEX_POINT('',#11076);
#3406=VERTEX_POINT('',#11079);
#3407=VERTEX_POINT('',#11080);
#3408=VERTEX_POINT('',#11082);
#3409=VERTEX_POINT('',#11084);
#3410=VERTEX_POINT('',#11087);
#3411=VERTEX_POINT('',#11089);
#3412=VERTEX_POINT('',#11091);
#3413=VERTEX_POINT('',#11092);
#3414=VERTEX_POINT('',#11094);
#3415=VERTEX_POINT('',#11096);
#3416=VERTEX_POINT('',#11099);
#3417=VERTEX_POINT('',#11100);
#3418=VERTEX_POINT('',#11102);
#3419=VERTEX_POINT('',#11104);
#3420=VERTEX_POINT('',#11107);
#3421=VERTEX_POINT('',#11108);
#3422=VERTEX_POINT('',#11110);
#3423=VERTEX_POINT('',#11112);
#3424=VERTEX_POINT('',#11115);
#3425=VERTEX_POINT('',#11117);
#3426=VERTEX_POINT('',#11118);
#3427=VERTEX_POINT('',#11120);
#3428=VERTEX_POINT('',#11122);
#3429=VERTEX_POINT('',#11125);
#3430=VERTEX_POINT('',#11126);
#3431=VERTEX_POINT('',#11128);
#3432=VERTEX_POINT('',#11130);
#3433=VERTEX_POINT('',#11133);
#3434=VERTEX_POINT('',#11134);
#3435=VERTEX_POINT('',#11136);
#3436=VERTEX_POINT('',#11138);
#3437=VERTEX_POINT('',#11141);
#3438=VERTEX_POINT('',#11142);
#3439=VERTEX_POINT('',#11144);
#3440=VERTEX_POINT('',#11146);
#3441=VERTEX_POINT('',#11150);
#3442=VERTEX_POINT('',#11154);
#3443=VERTEX_POINT('',#11156);
#3444=VERTEX_POINT('',#11160);
#3445=VERTEX_POINT('',#11164);
#3446=VERTEX_POINT('',#11170);
#3447=VERTEX_POINT('',#11172);
#3448=VERTEX_POINT('',#11176);
#3449=VERTEX_POINT('',#11180);
#3450=VERTEX_POINT('',#11182);
#3451=VERTEX_POINT('',#11186);
#3452=VERTEX_POINT('',#11190);
#3453=VERTEX_POINT('',#11196);
#3454=VERTEX_POINT('',#11198);
#3455=VERTEX_POINT('',#11202);
#3456=VERTEX_POINT('',#11206);
#3457=VERTEX_POINT('',#11208);
#3458=VERTEX_POINT('',#11212);
#3459=VERTEX_POINT('',#11216);
#3460=VERTEX_POINT('',#11222);
#3461=VERTEX_POINT('',#11224);
#3462=VERTEX_POINT('',#11228);
#3463=VERTEX_POINT('',#11232);
#3464=VERTEX_POINT('',#11234);
#3465=VERTEX_POINT('',#11238);
#3466=VERTEX_POINT('',#11242);
#3467=VERTEX_POINT('',#11248);
#3468=VERTEX_POINT('',#11250);
#3469=VERTEX_POINT('',#11254);
#3470=VERTEX_POINT('',#11258);
#3471=VERTEX_POINT('',#11260);
#3472=VERTEX_POINT('',#11264);
#3473=VERTEX_POINT('',#11268);
#3474=VERTEX_POINT('',#11274);
#3475=VERTEX_POINT('',#11276);
#3476=VERTEX_POINT('',#11280);
#3477=VERTEX_POINT('',#11284);
#3478=VERTEX_POINT('',#11286);
#3479=VERTEX_POINT('',#11290);
#3480=VERTEX_POINT('',#11294);
#3481=VERTEX_POINT('',#11300);
#3482=VERTEX_POINT('',#11302);
#3483=VERTEX_POINT('',#11306);
#3484=VERTEX_POINT('',#11310);
#3485=VERTEX_POINT('',#11314);
#3486=VERTEX_POINT('',#11318);
#3487=VERTEX_POINT('',#11320);
#3488=VERTEX_POINT('',#11324);
#3489=VERTEX_POINT('',#11328);
#3490=VERTEX_POINT('',#11334);
#3491=VERTEX_POINT('',#11336);
#3492=VERTEX_POINT('',#11340);
#3493=VERTEX_POINT('',#11344);
#3494=VERTEX_POINT('',#11346);
#3495=VERTEX_POINT('',#11350);
#3496=VERTEX_POINT('',#11354);
#3497=VERTEX_POINT('',#11360);
#3498=VERTEX_POINT('',#11362);
#3499=VERTEX_POINT('',#11366);
#3500=VERTEX_POINT('',#11370);
#3501=VERTEX_POINT('',#11374);
#3502=VERTEX_POINT('',#11378);
#3503=VERTEX_POINT('',#11382);
#3504=VERTEX_POINT('',#11384);
#3505=VERTEX_POINT('',#11388);
#3506=VERTEX_POINT('',#11392);
#3507=VERTEX_POINT('',#11398);
#3508=VERTEX_POINT('',#11400);
#3509=VERTEX_POINT('',#11404);
#3510=VERTEX_POINT('',#11408);
#3511=VERTEX_POINT('',#11412);
#3512=VERTEX_POINT('',#11416);
#3513=VERTEX_POINT('',#11418);
#3514=VERTEX_POINT('',#11422);
#3515=VERTEX_POINT('',#11426);
#3516=VERTEX_POINT('',#11432);
#3517=VERTEX_POINT('',#11434);
#3518=VERTEX_POINT('',#11438);
#3519=VERTEX_POINT('',#11442);
#3520=VERTEX_POINT('',#11444);
#3521=VERTEX_POINT('',#11448);
#3522=VERTEX_POINT('',#11452);
#3523=VERTEX_POINT('',#11458);
#3524=VERTEX_POINT('',#11460);
#3525=VERTEX_POINT('',#11464);
#3526=VERTEX_POINT('',#11468);
#3527=VERTEX_POINT('',#11470);
#3528=VERTEX_POINT('',#11474);
#3529=VERTEX_POINT('',#11478);
#3530=VERTEX_POINT('',#11484);
#3531=VERTEX_POINT('',#11486);
#3532=VERTEX_POINT('',#11490);
#3533=VERTEX_POINT('',#11494);
#3534=VERTEX_POINT('',#11496);
#3535=VERTEX_POINT('',#11500);
#3536=VERTEX_POINT('',#11504);
#3537=VERTEX_POINT('',#11510);
#3538=VERTEX_POINT('',#11512);
#3539=VERTEX_POINT('',#11516);
#3540=VERTEX_POINT('',#11520);
#3541=VERTEX_POINT('',#11524);
#3542=VERTEX_POINT('',#11526);
#3543=VERTEX_POINT('',#11530);
#3544=VERTEX_POINT('',#11534);
#3545=VERTEX_POINT('',#11540);
#3546=VERTEX_POINT('',#11542);
#3547=VERTEX_POINT('',#11546);
#3548=VERTEX_POINT('',#11550);
#3549=VERTEX_POINT('',#11554);
#3550=VERTEX_POINT('',#11558);
#3551=VERTEX_POINT('',#11560);
#3552=VERTEX_POINT('',#11564);
#3553=VERTEX_POINT('',#11568);
#3554=VERTEX_POINT('',#11574);
#3555=VERTEX_POINT('',#11576);
#3556=VERTEX_POINT('',#11580);
#3557=VERTEX_POINT('',#11584);
#3558=VERTEX_POINT('',#11588);
#3559=VERTEX_POINT('',#11592);
#3560=VERTEX_POINT('',#11594);
#3561=VERTEX_POINT('',#11598);
#3562=VERTEX_POINT('',#11602);
#3563=VERTEX_POINT('',#11608);
#3564=VERTEX_POINT('',#11610);
#3565=VERTEX_POINT('',#11614);
#3566=VERTEX_POINT('',#11618);
#3567=VERTEX_POINT('',#11624);
#3568=VERTEX_POINT('',#11630);
#3569=VERTEX_POINT('',#11636);
#3570=VERTEX_POINT('',#11642);
#3571=VERTEX_POINT('',#11648);
#3572=VERTEX_POINT('',#11654);
#3573=VERTEX_POINT('',#11660);
#3574=VERTEX_POINT('',#11666);
#3575=VERTEX_POINT('',#11672);
#3576=VERTEX_POINT('',#11678);
#3577=VERTEX_POINT('',#11684);
#3578=VERTEX_POINT('',#11690);
#3579=VERTEX_POINT('',#11696);
#3580=VERTEX_POINT('',#11702);
#3581=VERTEX_POINT('',#11708);
#3582=VERTEX_POINT('',#11714);
#3583=VERTEX_POINT('',#11718);
#3584=VERTEX_POINT('',#11722);
#3585=EDGE_CURVE('',#2960,#2961,#1374,.T.);
#3586=EDGE_CURVE('',#2962,#2960,#1375,.T.);
#3587=EDGE_CURVE('',#2963,#2962,#1376,.T.);
#3588=EDGE_CURVE('',#2964,#2963,#1377,.T.);
#3589=EDGE_CURVE('',#2965,#2964,#1378,.T.);
#3590=EDGE_CURVE('',#2966,#2965,#1379,.T.);
#3591=EDGE_CURVE('',#2967,#2966,#1380,.T.);
#3592=EDGE_CURVE('',#2968,#2967,#1381,.T.);
#3593=EDGE_CURVE('',#2969,#2968,#1382,.T.);
#3594=EDGE_CURVE('',#2970,#2969,#1383,.T.);
#3595=EDGE_CURVE('',#2961,#2970,#1384,.T.);
#3596=EDGE_CURVE('',#2971,#2965,#1385,.T.);
#3597=EDGE_CURVE('',#2972,#2971,#1386,.T.);
#3598=EDGE_CURVE('',#2972,#2966,#1387,.T.);
#3599=EDGE_CURVE('',#2973,#2964,#1388,.T.);
#3600=EDGE_CURVE('',#2971,#2973,#1389,.T.);
#3601=EDGE_CURVE('',#2974,#2963,#1390,.T.);
#3602=EDGE_CURVE('',#2973,#2974,#1391,.T.);
#3603=EDGE_CURVE('',#2975,#2962,#1392,.T.);
#3604=EDGE_CURVE('',#2974,#2975,#1393,.T.);
#3605=EDGE_CURVE('',#2976,#2960,#1394,.T.);
#3606=EDGE_CURVE('',#2975,#2976,#1395,.T.);
#3607=EDGE_CURVE('',#2977,#2977,#375,.T.);
#3608=EDGE_CURVE('',#2978,#2978,#376,.T.);
#3609=EDGE_CURVE('',#2979,#2979,#377,.T.);
#3610=EDGE_CURVE('',#2980,#2980,#378,.T.);
#3611=EDGE_CURVE('',#2981,#2981,#379,.T.);
#3612=EDGE_CURVE('',#2982,#2982,#380,.T.);
#3613=EDGE_CURVE('',#2983,#2983,#381,.T.);
#3614=EDGE_CURVE('',#2984,#2984,#382,.T.);
#3615=EDGE_CURVE('',#2985,#2985,#383,.T.);
#3616=EDGE_CURVE('',#2986,#2986,#384,.T.);
#3617=EDGE_CURVE('',#2987,#2987,#385,.T.);
#3618=EDGE_CURVE('',#2988,#2988,#386,.T.);
#3619=EDGE_CURVE('',#2989,#2989,#387,.T.);
#3620=EDGE_CURVE('',#2989,#2988,#1396,.T.);
#3621=EDGE_CURVE('',#2990,#2990,#388,.T.);
#3622=EDGE_CURVE('',#2990,#2978,#1397,.T.);
#3623=EDGE_CURVE('',#2991,#2991,#389,.T.);
#3624=EDGE_CURVE('',#2991,#2986,#1398,.T.);
#3625=EDGE_CURVE('',#2992,#2992,#390,.T.);
#3626=EDGE_CURVE('',#2992,#2982,#1399,.T.);
#3627=EDGE_CURVE('',#2993,#2993,#391,.T.);
#3628=EDGE_CURVE('',#2993,#2980,#1400,.T.);
#3629=EDGE_CURVE('',#2994,#2994,#392,.T.);
#3630=EDGE_CURVE('',#2994,#2984,#1401,.T.);
#3631=EDGE_CURVE('',#2995,#2996,#1402,.T.);
#3632=EDGE_CURVE('',#2995,#2997,#1403,.T.);
#3633=EDGE_CURVE('',#2998,#2997,#1404,.T.);
#3634=EDGE_CURVE('',#2996,#2998,#1405,.T.);
#3635=EDGE_CURVE('',#2996,#2999,#1406,.T.);
#3636=EDGE_CURVE('',#3000,#2998,#1407,.T.);
#3637=EDGE_CURVE('',#2999,#3000,#1408,.T.);
#3638=EDGE_CURVE('',#2999,#3001,#1409,.T.);
#3639=EDGE_CURVE('',#3002,#3000,#1410,.T.);
#3640=EDGE_CURVE('',#3001,#3002,#1411,.T.);
#3641=EDGE_CURVE('',#3001,#3003,#1412,.T.);
#3642=EDGE_CURVE('',#3004,#3002,#1413,.T.);
#3643=EDGE_CURVE('',#3003,#3004,#1414,.T.);
#3644=EDGE_CURVE('',#3003,#3005,#1415,.T.);
#3645=EDGE_CURVE('',#3006,#3004,#1416,.T.);
#3646=EDGE_CURVE('',#3005,#3006,#1417,.T.);
#3647=EDGE_CURVE('',#3005,#3007,#1418,.T.);
#3648=EDGE_CURVE('',#3008,#3006,#1419,.T.);
#3649=EDGE_CURVE('',#3007,#3008,#1420,.T.);
#3650=EDGE_CURVE('',#3007,#3009,#1421,.T.);
#3651=EDGE_CURVE('',#3010,#3008,#1422,.T.);
#3652=EDGE_CURVE('',#3009,#3010,#1423,.T.);
#3653=EDGE_CURVE('',#3009,#3011,#1424,.T.);
#3654=EDGE_CURVE('',#3012,#3010,#1425,.T.);
#3655=EDGE_CURVE('',#3011,#3012,#1426,.T.);
#3656=EDGE_CURVE('',#3011,#3013,#1427,.T.);
#3657=EDGE_CURVE('',#3014,#3012,#1428,.T.);
#3658=EDGE_CURVE('',#3013,#3014,#1429,.T.);
#3659=EDGE_CURVE('',#3013,#3015,#1430,.T.);
#3660=EDGE_CURVE('',#3016,#3014,#1431,.T.);
#3661=EDGE_CURVE('',#3015,#3016,#1432,.T.);
#3662=EDGE_CURVE('',#3015,#3017,#1433,.T.);
#3663=EDGE_CURVE('',#3018,#3016,#1434,.T.);
#3664=EDGE_CURVE('',#3017,#3018,#1435,.T.);
#3665=EDGE_CURVE('',#3017,#3019,#1436,.T.);
#3666=EDGE_CURVE('',#3020,#3018,#1437,.T.);
#3667=EDGE_CURVE('',#3019,#3020,#1438,.T.);
#3668=EDGE_CURVE('',#3019,#3021,#1439,.T.);
#3669=EDGE_CURVE('',#3022,#3020,#1440,.T.);
#3670=EDGE_CURVE('',#3021,#3022,#1441,.T.);
#3671=EDGE_CURVE('',#3021,#3023,#1442,.T.);
#3672=EDGE_CURVE('',#3024,#3022,#1443,.T.);
#3673=EDGE_CURVE('',#3023,#3024,#1444,.T.);
#3674=EDGE_CURVE('',#2997,#3025,#1445,.T.);
#3675=EDGE_CURVE('',#3025,#3026,#1446,.T.);
#3676=EDGE_CURVE('',#3026,#3027,#1447,.T.);
#3677=EDGE_CURVE('',#3027,#3028,#1448,.T.);
#3678=EDGE_CURVE('',#3028,#3029,#1449,.T.);
#3679=EDGE_CURVE('',#3029,#3030,#1450,.T.);
#3680=EDGE_CURVE('',#3030,#3031,#1451,.T.);
#3681=EDGE_CURVE('',#3031,#3032,#1452,.T.);
#3682=EDGE_CURVE('',#3032,#3033,#1453,.T.);
#3683=EDGE_CURVE('',#3033,#3034,#1454,.T.);
#3684=EDGE_CURVE('',#3034,#3035,#1455,.T.);
#3685=EDGE_CURVE('',#3035,#3024,#1456,.T.);
#3686=EDGE_CURVE('',#3036,#3037,#1457,.T.);
#3687=EDGE_CURVE('',#3036,#3038,#1458,.T.);
#3688=EDGE_CURVE('',#3039,#3038,#1459,.T.);
#3689=EDGE_CURVE('',#3037,#3039,#1460,.T.);
#3690=EDGE_CURVE('',#3037,#3040,#1461,.T.);
#3691=EDGE_CURVE('',#3041,#3039,#1462,.T.);
#3692=EDGE_CURVE('',#3040,#3041,#1463,.T.);
#3693=EDGE_CURVE('',#3040,#3042,#1464,.T.);
#3694=EDGE_CURVE('',#3043,#3041,#1465,.T.);
#3695=EDGE_CURVE('',#3042,#3043,#1466,.T.);
#3696=EDGE_CURVE('',#3038,#3043,#1467,.T.);
#3697=EDGE_CURVE('',#3023,#3036,#1468,.T.);
#3698=EDGE_CURVE('',#3042,#2995,#1469,.T.);
#3699=EDGE_CURVE('',#2976,#3044,#1470,.T.);
#3700=EDGE_CURVE('',#3044,#3045,#1471,.T.);
#3701=EDGE_CURVE('',#3045,#3046,#1472,.T.);
#3702=EDGE_CURVE('',#3046,#3047,#1473,.T.);
#3703=EDGE_CURVE('',#3047,#3048,#1474,.T.);
#3704=EDGE_CURVE('',#3048,#2972,#1475,.T.);
#3705=EDGE_CURVE('',#3049,#3049,#393,.T.);
#3706=EDGE_CURVE('',#3049,#2987,#1476,.T.);
#3707=EDGE_CURVE('',#3050,#3050,#394,.T.);
#3708=EDGE_CURVE('',#3050,#2985,#1477,.T.);
#3709=EDGE_CURVE('',#3051,#3051,#395,.T.);
#3710=EDGE_CURVE('',#3051,#2983,#1478,.T.);
#3711=EDGE_CURVE('',#3044,#2961,#1479,.T.);
#3712=EDGE_CURVE('',#3045,#2970,#1480,.T.);
#3713=EDGE_CURVE('',#3046,#2969,#1481,.T.);
#3714=EDGE_CURVE('',#3047,#2968,#1482,.T.);
#3715=EDGE_CURVE('',#3048,#2967,#1483,.T.);
#3716=EDGE_CURVE('',#3052,#3052,#396,.T.);
#3717=EDGE_CURVE('',#3052,#2981,#1484,.T.);
#3718=EDGE_CURVE('',#3053,#3053,#397,.T.);
#3719=EDGE_CURVE('',#3053,#2979,#1485,.T.);
#3720=EDGE_CURVE('',#3054,#3054,#398,.T.);
#3721=EDGE_CURVE('',#3054,#2977,#1486,.T.);
#3722=EDGE_CURVE('',#3055,#3033,#1487,.T.);
#3723=EDGE_CURVE('',#3056,#3055,#1488,.T.);
#3724=EDGE_CURVE('',#3056,#3034,#1489,.T.);
#3725=EDGE_CURVE('',#3057,#3056,#1490,.T.);
#3726=EDGE_CURVE('',#3057,#3035,#1491,.T.);
#3727=EDGE_CURVE('',#3058,#3057,#1492,.T.);
#3728=EDGE_CURVE('',#3058,#3025,#1493,.T.);
#3729=EDGE_CURVE('',#3059,#3058,#1494,.T.);
#3730=EDGE_CURVE('',#3059,#3026,#1495,.T.);
#3731=EDGE_CURVE('',#3060,#3059,#1496,.T.);
#3732=EDGE_CURVE('',#3060,#3027,#1497,.T.);
#3733=EDGE_CURVE('',#3061,#3060,#1498,.T.);
#3734=EDGE_CURVE('',#3061,#3028,#1499,.T.);
#3735=EDGE_CURVE('',#3062,#3061,#1500,.T.);
#3736=EDGE_CURVE('',#3062,#3029,#1501,.T.);
#3737=EDGE_CURVE('',#3063,#3062,#1502,.T.);
#3738=EDGE_CURVE('',#3063,#3030,#1503,.T.);
#3739=EDGE_CURVE('',#3064,#3063,#1504,.T.);
#3740=EDGE_CURVE('',#3064,#3031,#1505,.T.);
#3741=EDGE_CURVE('',#3065,#3064,#1506,.T.);
#3742=EDGE_CURVE('',#3032,#3065,#1507,.T.);
#3743=EDGE_CURVE('',#3055,#3065,#1508,.T.);
#3744=EDGE_CURVE('',#3066,#3067,#1509,.T.);
#3745=EDGE_CURVE('',#3068,#3067,#1510,.T.);
#3746=EDGE_CURVE('',#3069,#3068,#1511,.T.);
#3747=EDGE_CURVE('',#3069,#3066,#1512,.T.);
#3748=EDGE_CURVE('',#3070,#3071,#1513,.T.);
#3749=EDGE_CURVE('',#3071,#3072,#1514,.T.);
#3750=EDGE_CURVE('',#3072,#3073,#1515,.T.);
#3751=EDGE_CURVE('',#3073,#3074,#1516,.T.);
#3752=EDGE_CURVE('',#3074,#3075,#1517,.T.);
#3753=EDGE_CURVE('',#3075,#3076,#1518,.T.);
#3754=EDGE_CURVE('',#3076,#3077,#1519,.T.);
#3755=EDGE_CURVE('',#3077,#3078,#1520,.T.);
#3756=EDGE_CURVE('',#3078,#3079,#1521,.T.);
#3757=EDGE_CURVE('',#3079,#3080,#1522,.T.);
#3758=EDGE_CURVE('',#3080,#3081,#1523,.T.);
#3759=EDGE_CURVE('',#3081,#3082,#1524,.T.);
#3760=EDGE_CURVE('',#3082,#3083,#1525,.T.);
#3761=EDGE_CURVE('',#3083,#3084,#1526,.T.);
#3762=EDGE_CURVE('',#3084,#3085,#1527,.T.);
#3763=EDGE_CURVE('',#3085,#3086,#1528,.T.);
#3764=EDGE_CURVE('',#3086,#3087,#1529,.T.);
#3765=EDGE_CURVE('',#3087,#3070,#1530,.T.);
#3766=EDGE_CURVE('',#3088,#3088,#399,.T.);
#3767=EDGE_CURVE('',#3089,#3089,#400,.T.);
#3768=EDGE_CURVE('',#3090,#3090,#401,.T.);
#3769=EDGE_CURVE('',#3066,#3091,#1531,.T.);
#3770=EDGE_CURVE('',#3091,#3067,#1532,.T.);
#3771=EDGE_CURVE('',#3092,#3092,#402,.T.);
#3772=EDGE_CURVE('',#3093,#3093,#403,.T.);
#3773=EDGE_CURVE('',#3094,#3094,#404,.T.);
#3774=EDGE_CURVE('',#3095,#3095,#405,.T.);
#3775=EDGE_CURVE('',#3096,#3097,#1533,.T.);
#3776=EDGE_CURVE('',#3098,#3096,#1534,.T.);
#3777=EDGE_CURVE('',#3099,#3098,#1535,.T.);
#3778=EDGE_CURVE('',#3097,#3099,#1536,.T.);
#3779=EDGE_CURVE('',#3100,#3101,#1537,.T.);
#3780=EDGE_CURVE('',#3102,#3100,#1538,.T.);
#3781=EDGE_CURVE('',#3103,#3102,#1539,.T.);
#3782=EDGE_CURVE('',#3104,#3103,#1540,.T.);
#3783=EDGE_CURVE('',#3105,#3104,#1541,.T.);
#3784=EDGE_CURVE('',#3106,#3105,#1542,.T.);
#3785=EDGE_CURVE('',#3107,#3106,#1543,.T.);
#3786=EDGE_CURVE('',#3108,#3107,#1544,.T.);
#3787=EDGE_CURVE('',#3109,#3108,#1545,.T.);
#3788=EDGE_CURVE('',#3110,#3109,#1546,.T.);
#3789=EDGE_CURVE('',#3111,#3110,#1547,.T.);
#3790=EDGE_CURVE('',#3112,#3111,#1548,.T.);
#3791=EDGE_CURVE('',#3113,#3112,#1549,.T.);
#3792=EDGE_CURVE('',#3114,#3113,#1550,.T.);
#3793=EDGE_CURVE('',#3115,#3114,#1551,.T.);
#3794=EDGE_CURVE('',#3116,#3115,#1552,.T.);
#3795=EDGE_CURVE('',#3117,#3116,#1553,.T.);
#3796=EDGE_CURVE('',#3118,#3117,#1554,.T.);
#3797=EDGE_CURVE('',#3119,#3118,#1555,.T.);
#3798=EDGE_CURVE('',#3120,#3119,#1556,.T.);
#3799=EDGE_CURVE('',#3121,#3120,#1557,.T.);
#3800=EDGE_CURVE('',#3122,#3121,#1558,.T.);
#3801=EDGE_CURVE('',#3123,#3122,#1559,.T.);
#3802=EDGE_CURVE('',#3101,#3123,#1560,.T.);
#3803=EDGE_CURVE('',#3124,#3124,#406,.T.);
#3804=EDGE_CURVE('',#3125,#3125,#407,.T.);
#3805=EDGE_CURVE('',#3126,#3126,#408,.T.);
#3806=EDGE_CURVE('',#3127,#3127,#409,.T.);
#3807=EDGE_CURVE('',#3128,#3128,#410,.T.);
#3808=EDGE_CURVE('',#3129,#3129,#411,.T.);
#3809=EDGE_CURVE('',#3130,#3130,#412,.T.);
#3810=EDGE_CURVE('',#3072,#3099,#1561,.T.);
#3811=EDGE_CURVE('',#3097,#3071,#1562,.T.);
#3812=EDGE_CURVE('',#3131,#3098,#1563,.T.);
#3813=EDGE_CURVE('',#3131,#3073,#1564,.T.);
#3814=EDGE_CURVE('',#3077,#3109,#1565,.T.);
#3815=EDGE_CURVE('',#3076,#3110,#1566,.T.);
#3816=EDGE_CURVE('',#3078,#3108,#1567,.T.);
#3817=EDGE_CURVE('',#3079,#3107,#1568,.T.);
#3818=EDGE_CURVE('',#3080,#3106,#1569,.T.);
#3819=EDGE_CURVE('',#3081,#3105,#1570,.T.);
#3820=EDGE_CURVE('',#3082,#3104,#1571,.T.);
#3821=EDGE_CURVE('',#3083,#3103,#1572,.T.);
#3822=EDGE_CURVE('',#3084,#3102,#1573,.T.);
#3823=EDGE_CURVE('',#3085,#3100,#1574,.T.);
#3824=EDGE_CURVE('',#3086,#3101,#1575,.T.);
#3825=EDGE_CURVE('',#3132,#3123,#1576,.T.);
#3826=EDGE_CURVE('',#3132,#3087,#1577,.T.);
#3827=EDGE_CURVE('',#3133,#3122,#1578,.T.);
#3828=EDGE_CURVE('',#3132,#3133,#1579,.T.);
#3829=EDGE_CURVE('',#3134,#3096,#1580,.T.);
#3830=EDGE_CURVE('',#3131,#3134,#1581,.T.);
#3831=EDGE_CURVE('',#3135,#3135,#413,.T.);
#3832=EDGE_CURVE('',#3136,#3136,#414,.T.);
#3833=EDGE_CURVE('',#3137,#3137,#415,.T.);
#3834=EDGE_CURVE('',#3138,#3138,#416,.T.);
#3835=EDGE_CURVE('',#3139,#3139,#417,.T.);
#3836=EDGE_CURVE('',#3140,#3140,#418,.T.);
#3837=EDGE_CURVE('',#3141,#3141,#419,.T.);
#3838=EDGE_CURVE('',#3142,#3142,#420,.T.);
#3839=EDGE_CURVE('',#3143,#3143,#421,.T.);
#3840=EDGE_CURVE('',#3144,#3144,#422,.T.);
#3841=EDGE_CURVE('',#3145,#3145,#423,.T.);
#3842=EDGE_CURVE('',#3146,#3146,#424,.T.);
#3843=EDGE_CURVE('',#3147,#3147,#425,.T.);
#3844=EDGE_CURVE('',#3148,#3148,#426,.T.);
#3845=EDGE_CURVE('',#3130,#3144,#1582,.T.);
#3846=EDGE_CURVE('',#3129,#3146,#1583,.T.);
#3847=EDGE_CURVE('',#3128,#3138,#1584,.T.);
#3848=EDGE_CURVE('',#3127,#3140,#1585,.T.);
#3849=EDGE_CURVE('',#3126,#3142,#1586,.T.);
#3850=EDGE_CURVE('',#3125,#3136,#1587,.T.);
#3851=EDGE_CURVE('',#3124,#3148,#1588,.T.);
#3852=EDGE_CURVE('',#3149,#3121,#1589,.T.);
#3853=EDGE_CURVE('',#3133,#3149,#1590,.T.);
#3854=EDGE_CURVE('',#3150,#3120,#1591,.T.);
#3855=EDGE_CURVE('',#3149,#3150,#1592,.T.);
#3856=EDGE_CURVE('',#3151,#3119,#1593,.T.);
#3857=EDGE_CURVE('',#3150,#3151,#1594,.T.);
#3858=EDGE_CURVE('',#3152,#3118,#1595,.T.);
#3859=EDGE_CURVE('',#3151,#3152,#1596,.T.);
#3860=EDGE_CURVE('',#3153,#3117,#1597,.T.);
#3861=EDGE_CURVE('',#3152,#3153,#1598,.T.);
#3862=EDGE_CURVE('',#3154,#3116,#1599,.T.);
#3863=EDGE_CURVE('',#3153,#3154,#1600,.T.);
#3864=EDGE_CURVE('',#3155,#3115,#1601,.T.);
#3865=EDGE_CURVE('',#3154,#3155,#1602,.T.);
#3866=EDGE_CURVE('',#3156,#3114,#1603,.T.);
#3867=EDGE_CURVE('',#3155,#3156,#1604,.T.);
#3868=EDGE_CURVE('',#3157,#3113,#1605,.T.);
#3869=EDGE_CURVE('',#3156,#3157,#1606,.T.);
#3870=EDGE_CURVE('',#3158,#3112,#1607,.T.);
#3871=EDGE_CURVE('',#3157,#3158,#1608,.T.);
#3872=EDGE_CURVE('',#3088,#3147,#1609,.T.);
#3873=EDGE_CURVE('',#3089,#3145,#1610,.T.);
#3874=EDGE_CURVE('',#3090,#3143,#1611,.T.);
#3875=EDGE_CURVE('',#3068,#3159,#1612,.T.);
#3876=EDGE_CURVE('',#3159,#3091,#1613,.T.);
#3877=EDGE_CURVE('',#3159,#3069,#1614,.T.);
#3878=EDGE_CURVE('',#3092,#3141,#1615,.T.);
#3879=EDGE_CURVE('',#3093,#3139,#1616,.T.);
#3880=EDGE_CURVE('',#3094,#3137,#1617,.T.);
#3881=EDGE_CURVE('',#3095,#3135,#1618,.T.);
#3882=EDGE_CURVE('',#3134,#3132,#1619,.T.);
#3883=EDGE_CURVE('',#3134,#3070,#1620,.T.);
#3884=EDGE_CURVE('',#3075,#3111,#1621,.T.);
#3885=EDGE_CURVE('',#3158,#3074,#1622,.T.);
#3886=EDGE_CURVE('',#3158,#3131,#1623,.T.);
#3887=EDGE_CURVE('',#3160,#3160,#427,.T.);
#3888=EDGE_CURVE('',#3160,#3161,#428,.T.);
#3889=EDGE_CURVE('',#3161,#3161,#429,.T.);
#3890=EDGE_CURVE('',#3162,#3163,#430,.T.);
#3891=EDGE_CURVE('',#3164,#3162,#1624,.T.);
#3892=EDGE_CURVE('',#3165,#3164,#1625,.T.);
#3893=EDGE_CURVE('',#3166,#3165,#1626,.T.);
#3894=EDGE_CURVE('',#3167,#3166,#1627,.T.);
#3895=EDGE_CURVE('',#3168,#3167,#1628,.T.);
#3896=EDGE_CURVE('',#3169,#3168,#1629,.T.);
#3897=EDGE_CURVE('',#3170,#3169,#1630,.T.);
#3898=EDGE_CURVE('',#3171,#3170,#1631,.T.);
#3899=EDGE_CURVE('',#3172,#3171,#1632,.T.);
#3900=EDGE_CURVE('',#3173,#3172,#1633,.T.);
#3901=EDGE_CURVE('',#3174,#3173,#1634,.T.);
#3902=EDGE_CURVE('',#3163,#3174,#431,.T.);
#3903=EDGE_CURVE('',#3175,#3175,#432,.T.);
#3904=EDGE_CURVE('',#3176,#3176,#433,.T.);
#3905=EDGE_CURVE('',#3177,#3178,#1635,.T.);
#3906=EDGE_CURVE('',#3178,#3179,#1636,.T.);
#3907=EDGE_CURVE('',#3179,#3180,#1637,.T.);
#3908=EDGE_CURVE('',#3180,#3177,#1638,.T.);
#3909=EDGE_CURVE('',#3181,#3182,#1639,.T.);
#3910=EDGE_CURVE('',#3182,#3183,#1640,.T.);
#3911=EDGE_CURVE('',#3183,#3184,#1641,.T.);
#3912=EDGE_CURVE('',#3184,#3181,#1642,.T.);
#3913=EDGE_CURVE('',#3185,#3186,#1643,.T.);
#3914=EDGE_CURVE('',#3186,#3187,#1644,.T.);
#3915=EDGE_CURVE('',#3187,#3188,#1645,.T.);
#3916=EDGE_CURVE('',#3188,#3185,#1646,.T.);
#3917=EDGE_CURVE('',#3189,#3190,#1647,.T.);
#3918=EDGE_CURVE('',#3190,#3191,#1648,.T.);
#3919=EDGE_CURVE('',#3191,#3192,#1649,.T.);
#3920=EDGE_CURVE('',#3192,#3189,#1650,.T.);
#3921=EDGE_CURVE('',#3193,#3194,#1651,.T.);
#3922=EDGE_CURVE('',#3194,#3195,#1652,.T.);
#3923=EDGE_CURVE('',#3195,#3196,#1653,.T.);
#3924=EDGE_CURVE('',#3196,#3193,#1654,.T.);
#3925=EDGE_CURVE('',#3197,#3198,#1655,.T.);
#3926=EDGE_CURVE('',#3198,#3199,#1656,.T.);
#3927=EDGE_CURVE('',#3199,#3200,#1657,.T.);
#3928=EDGE_CURVE('',#3200,#3197,#1658,.T.);
#3929=EDGE_CURVE('',#3201,#3202,#1659,.T.);
#3930=EDGE_CURVE('',#3202,#3203,#1660,.T.);
#3931=EDGE_CURVE('',#3203,#3204,#1661,.T.);
#3932=EDGE_CURVE('',#3204,#3201,#1662,.T.);
#3933=EDGE_CURVE('',#3205,#3206,#1663,.T.);
#3934=EDGE_CURVE('',#3206,#3207,#1664,.T.);
#3935=EDGE_CURVE('',#3207,#3208,#1665,.T.);
#3936=EDGE_CURVE('',#3208,#3205,#1666,.T.);
#3937=EDGE_CURVE('',#3209,#3210,#1667,.T.);
#3938=EDGE_CURVE('',#3210,#3211,#1668,.T.);
#3939=EDGE_CURVE('',#3211,#3212,#1669,.T.);
#3940=EDGE_CURVE('',#3212,#3209,#1670,.T.);
#3941=EDGE_CURVE('',#3213,#3214,#1671,.T.);
#3942=EDGE_CURVE('',#3214,#3215,#1672,.T.);
#3943=EDGE_CURVE('',#3215,#3216,#1673,.T.);
#3944=EDGE_CURVE('',#3216,#3213,#1674,.T.);
#3945=EDGE_CURVE('',#3217,#3218,#1675,.T.);
#3946=EDGE_CURVE('',#3218,#3219,#1676,.T.);
#3947=EDGE_CURVE('',#3219,#3220,#1677,.T.);
#3948=EDGE_CURVE('',#3220,#3217,#1678,.T.);
#3949=EDGE_CURVE('',#3221,#3222,#1679,.T.);
#3950=EDGE_CURVE('',#3222,#3223,#1680,.T.);
#3951=EDGE_CURVE('',#3223,#3224,#1681,.T.);
#3952=EDGE_CURVE('',#3224,#3221,#1682,.T.);
#3953=EDGE_CURVE('',#3225,#3226,#1683,.T.);
#3954=EDGE_CURVE('',#3226,#3227,#1684,.T.);
#3955=EDGE_CURVE('',#3227,#3228,#1685,.T.);
#3956=EDGE_CURVE('',#3228,#3225,#1686,.T.);
#3957=EDGE_CURVE('',#3229,#3230,#1687,.T.);
#3958=EDGE_CURVE('',#3230,#3231,#1688,.T.);
#3959=EDGE_CURVE('',#3231,#3232,#1689,.T.);
#3960=EDGE_CURVE('',#3232,#3229,#1690,.T.);
#3961=EDGE_CURVE('',#3233,#3234,#1691,.T.);
#3962=EDGE_CURVE('',#3234,#3235,#1692,.T.);
#3963=EDGE_CURVE('',#3235,#3236,#1693,.T.);
#3964=EDGE_CURVE('',#3236,#3233,#1694,.T.);
#3965=EDGE_CURVE('',#3237,#3238,#1695,.T.);
#3966=EDGE_CURVE('',#3238,#3239,#1696,.T.);
#3967=EDGE_CURVE('',#3239,#3240,#1697,.T.);
#3968=EDGE_CURVE('',#3240,#3237,#1698,.T.);
#3969=EDGE_CURVE('',#3241,#3241,#434,.T.);
#3970=EDGE_CURVE('',#3242,#3242,#435,.T.);
#3971=EDGE_CURVE('',#3161,#3243,#1699,.T.);
#3972=EDGE_CURVE('',#3243,#3243,#436,.T.);
#3973=EDGE_CURVE('',#3175,#3244,#437,.T.);
#3974=EDGE_CURVE('',#3244,#3244,#438,.T.);
#3975=EDGE_CURVE('',#3244,#3245,#1700,.T.);
#3976=EDGE_CURVE('',#3245,#3245,#439,.T.);
#3977=EDGE_CURVE('',#3246,#3162,#97,.T.);
#3978=EDGE_CURVE('',#3163,#3247,#440,.T.);
#3979=EDGE_CURVE('',#3247,#3247,#441,.T.);
#3980=EDGE_CURVE('',#3174,#3246,#98,.T.);
#3981=EDGE_CURVE('',#3173,#3248,#13,.T.);
#3982=EDGE_CURVE('',#3248,#3249,#1701,.T.);
#3983=EDGE_CURVE('',#3246,#3249,#14,.T.);
#3984=EDGE_CURVE('',#3247,#3250,#1702,.T.);
#3985=EDGE_CURVE('',#3250,#3250,#442,.T.);
#3986=EDGE_CURVE('',#3242,#3251,#443,.T.);
#3987=EDGE_CURVE('',#3251,#3251,#444,.T.);
#3988=EDGE_CURVE('',#3251,#3252,#1703,.T.);
#3989=EDGE_CURVE('',#3252,#3252,#445,.T.);
#3990=EDGE_CURVE('',#3176,#3253,#446,.T.);
#3991=EDGE_CURVE('',#3253,#3253,#447,.T.);
#3992=EDGE_CURVE('',#3253,#3254,#1704,.T.);
#3993=EDGE_CURVE('',#3254,#3254,#448,.T.);
#3994=EDGE_CURVE('',#3241,#3255,#449,.T.);
#3995=EDGE_CURVE('',#3255,#3255,#450,.T.);
#3996=EDGE_CURVE('',#3255,#3256,#1705,.T.);
#3997=EDGE_CURVE('',#3256,#3256,#451,.T.);
#3998=EDGE_CURVE('',#3165,#3257,#15,.T.);
#3999=EDGE_CURVE('',#3257,#3258,#1706,.T.);
#4000=EDGE_CURVE('',#3166,#3258,#16,.T.);
#4001=EDGE_CURVE('',#3164,#3259,#17,.T.);
#4002=EDGE_CURVE('',#3259,#3257,#1707,.T.);
#4003=EDGE_CURVE('',#3249,#3259,#1708,.T.);
#4004=EDGE_CURVE('',#3172,#3260,#18,.T.);
#4005=EDGE_CURVE('',#3260,#3248,#1709,.T.);
#4006=EDGE_CURVE('',#3171,#3261,#19,.T.);
#4007=EDGE_CURVE('',#3261,#3260,#1710,.T.);
#4008=EDGE_CURVE('',#3262,#3261,#1711,.T.);
#4009=EDGE_CURVE('',#3170,#3262,#20,.T.);
#4010=EDGE_CURVE('',#3263,#3262,#1712,.T.);
#4011=EDGE_CURVE('',#3169,#3263,#21,.T.);
#4012=EDGE_CURVE('',#3264,#3263,#1713,.T.);
#4013=EDGE_CURVE('',#3168,#3264,#22,.T.);
#4014=EDGE_CURVE('',#3265,#3264,#1714,.T.);
#4015=EDGE_CURVE('',#3167,#3265,#23,.T.);
#4016=EDGE_CURVE('',#3258,#3265,#1715,.T.);
#4017=EDGE_CURVE('',#3266,#3262,#1716,.T.);
#4018=EDGE_CURVE('',#3266,#3267,#1717,.T.);
#4019=EDGE_CURVE('',#3267,#3261,#1718,.T.);
#4020=EDGE_CURVE('',#3268,#3263,#1719,.T.);
#4021=EDGE_CURVE('',#3268,#3266,#1720,.T.);
#4022=EDGE_CURVE('',#3269,#3264,#1721,.T.);
#4023=EDGE_CURVE('',#3268,#3269,#1722,.T.);
#4024=EDGE_CURVE('',#3270,#3265,#1723,.T.);
#4025=EDGE_CURVE('',#3270,#3269,#1724,.T.);
#4026=EDGE_CURVE('',#3271,#3258,#1725,.T.);
#4027=EDGE_CURVE('',#3271,#3270,#1726,.T.);
#4028=EDGE_CURVE('',#3272,#3257,#1727,.T.);
#4029=EDGE_CURVE('',#3272,#3271,#1728,.T.);
#4030=EDGE_CURVE('',#3273,#3274,#1729,.T.);
#4031=EDGE_CURVE('',#3274,#3237,#1730,.T.);
#4032=EDGE_CURVE('',#3273,#3240,#1731,.T.);
#4033=EDGE_CURVE('',#3275,#3273,#1732,.T.);
#4034=EDGE_CURVE('',#3275,#3239,#1733,.T.);
#4035=EDGE_CURVE('',#3276,#3275,#1734,.T.);
#4036=EDGE_CURVE('',#3276,#3238,#1735,.T.);
#4037=EDGE_CURVE('',#3274,#3276,#1736,.T.);
#4038=EDGE_CURVE('',#3277,#3278,#1737,.T.);
#4039=EDGE_CURVE('',#3278,#3233,#1738,.T.);
#4040=EDGE_CURVE('',#3277,#3236,#1739,.T.);
#4041=EDGE_CURVE('',#3279,#3277,#1740,.T.);
#4042=EDGE_CURVE('',#3279,#3235,#1741,.T.);
#4043=EDGE_CURVE('',#3280,#3279,#1742,.T.);
#4044=EDGE_CURVE('',#3280,#3234,#1743,.T.);
#4045=EDGE_CURVE('',#3278,#3280,#1744,.T.);
#4046=EDGE_CURVE('',#3281,#3282,#1745,.T.);
#4047=EDGE_CURVE('',#3282,#3229,#1746,.T.);
#4048=EDGE_CURVE('',#3281,#3232,#1747,.T.);
#4049=EDGE_CURVE('',#3283,#3281,#1748,.T.);
#4050=EDGE_CURVE('',#3283,#3231,#1749,.T.);
#4051=EDGE_CURVE('',#3284,#3283,#1750,.T.);
#4052=EDGE_CURVE('',#3284,#3230,#1751,.T.);
#4053=EDGE_CURVE('',#3282,#3284,#1752,.T.);
#4054=EDGE_CURVE('',#3285,#3286,#1753,.T.);
#4055=EDGE_CURVE('',#3286,#3225,#1754,.T.);
#4056=EDGE_CURVE('',#3285,#3228,#1755,.T.);
#4057=EDGE_CURVE('',#3287,#3285,#1756,.T.);
#4058=EDGE_CURVE('',#3287,#3227,#1757,.T.);
#4059=EDGE_CURVE('',#3288,#3287,#1758,.T.);
#4060=EDGE_CURVE('',#3288,#3226,#1759,.T.);
#4061=EDGE_CURVE('',#3286,#3288,#1760,.T.);
#4062=EDGE_CURVE('',#3289,#3290,#1761,.T.);
#4063=EDGE_CURVE('',#3290,#3221,#1762,.T.);
#4064=EDGE_CURVE('',#3289,#3224,#1763,.T.);
#4065=EDGE_CURVE('',#3291,#3289,#1764,.T.);
#4066=EDGE_CURVE('',#3291,#3223,#1765,.T.);
#4067=EDGE_CURVE('',#3292,#3291,#1766,.T.);
#4068=EDGE_CURVE('',#3292,#3222,#1767,.T.);
#4069=EDGE_CURVE('',#3290,#3292,#1768,.T.);
#4070=EDGE_CURVE('',#3293,#3294,#1769,.T.);
#4071=EDGE_CURVE('',#3294,#3217,#1770,.T.);
#4072=EDGE_CURVE('',#3293,#3220,#1771,.T.);
#4073=EDGE_CURVE('',#3295,#3293,#1772,.T.);
#4074=EDGE_CURVE('',#3295,#3219,#1773,.T.);
#4075=EDGE_CURVE('',#3296,#3295,#1774,.T.);
#4076=EDGE_CURVE('',#3296,#3218,#1775,.T.);
#4077=EDGE_CURVE('',#3294,#3296,#1776,.T.);
#4078=EDGE_CURVE('',#3297,#3298,#1777,.T.);
#4079=EDGE_CURVE('',#3298,#3213,#1778,.T.);
#4080=EDGE_CURVE('',#3297,#3216,#1779,.T.);
#4081=EDGE_CURVE('',#3299,#3297,#1780,.T.);
#4082=EDGE_CURVE('',#3299,#3215,#1781,.T.);
#4083=EDGE_CURVE('',#3300,#3299,#1782,.T.);
#4084=EDGE_CURVE('',#3300,#3214,#1783,.T.);
#4085=EDGE_CURVE('',#3298,#3300,#1784,.T.);
#4086=EDGE_CURVE('',#3301,#3302,#1785,.T.);
#4087=EDGE_CURVE('',#3302,#3209,#1786,.T.);
#4088=EDGE_CURVE('',#3301,#3212,#1787,.T.);
#4089=EDGE_CURVE('',#3303,#3301,#1788,.T.);
#4090=EDGE_CURVE('',#3303,#3211,#1789,.T.);
#4091=EDGE_CURVE('',#3304,#3303,#1790,.T.);
#4092=EDGE_CURVE('',#3304,#3210,#1791,.T.);
#4093=EDGE_CURVE('',#3302,#3304,#1792,.T.);
#4094=EDGE_CURVE('',#3305,#3306,#1793,.T.);
#4095=EDGE_CURVE('',#3306,#3205,#1794,.T.);
#4096=EDGE_CURVE('',#3305,#3208,#1795,.T.);
#4097=EDGE_CURVE('',#3307,#3305,#1796,.T.);
#4098=EDGE_CURVE('',#3307,#3207,#1797,.T.);
#4099=EDGE_CURVE('',#3308,#3307,#1798,.T.);
#4100=EDGE_CURVE('',#3308,#3206,#1799,.T.);
#4101=EDGE_CURVE('',#3306,#3308,#1800,.T.);
#4102=EDGE_CURVE('',#3309,#3310,#1801,.T.);
#4103=EDGE_CURVE('',#3310,#3201,#1802,.T.);
#4104=EDGE_CURVE('',#3309,#3204,#1803,.T.);
#4105=EDGE_CURVE('',#3311,#3309,#1804,.T.);
#4106=EDGE_CURVE('',#3311,#3203,#1805,.T.);
#4107=EDGE_CURVE('',#3312,#3311,#1806,.T.);
#4108=EDGE_CURVE('',#3312,#3202,#1807,.T.);
#4109=EDGE_CURVE('',#3310,#3312,#1808,.T.);
#4110=EDGE_CURVE('',#3313,#3314,#1809,.T.);
#4111=EDGE_CURVE('',#3314,#3197,#1810,.T.);
#4112=EDGE_CURVE('',#3313,#3200,#1811,.T.);
#4113=EDGE_CURVE('',#3315,#3313,#1812,.T.);
#4114=EDGE_CURVE('',#3315,#3199,#1813,.T.);
#4115=EDGE_CURVE('',#3316,#3315,#1814,.T.);
#4116=EDGE_CURVE('',#3316,#3198,#1815,.T.);
#4117=EDGE_CURVE('',#3314,#3316,#1816,.T.);
#4118=EDGE_CURVE('',#3317,#3318,#1817,.T.);
#4119=EDGE_CURVE('',#3318,#3193,#1818,.T.);
#4120=EDGE_CURVE('',#3317,#3196,#1819,.T.);
#4121=EDGE_CURVE('',#3319,#3317,#1820,.T.);
#4122=EDGE_CURVE('',#3319,#3195,#1821,.T.);
#4123=EDGE_CURVE('',#3320,#3319,#1822,.T.);
#4124=EDGE_CURVE('',#3320,#3194,#1823,.T.);
#4125=EDGE_CURVE('',#3318,#3320,#1824,.T.);
#4126=EDGE_CURVE('',#3321,#3322,#1825,.T.);
#4127=EDGE_CURVE('',#3322,#3189,#1826,.T.);
#4128=EDGE_CURVE('',#3321,#3192,#1827,.T.);
#4129=EDGE_CURVE('',#3323,#3321,#1828,.T.);
#4130=EDGE_CURVE('',#3323,#3191,#1829,.T.);
#4131=EDGE_CURVE('',#3324,#3323,#1830,.T.);
#4132=EDGE_CURVE('',#3324,#3190,#1831,.T.);
#4133=EDGE_CURVE('',#3322,#3324,#1832,.T.);
#4134=EDGE_CURVE('',#3325,#3326,#1833,.T.);
#4135=EDGE_CURVE('',#3326,#3185,#1834,.T.);
#4136=EDGE_CURVE('',#3325,#3188,#1835,.T.);
#4137=EDGE_CURVE('',#3327,#3325,#1836,.T.);
#4138=EDGE_CURVE('',#3327,#3187,#1837,.T.);
#4139=EDGE_CURVE('',#3328,#3327,#1838,.T.);
#4140=EDGE_CURVE('',#3328,#3186,#1839,.T.);
#4141=EDGE_CURVE('',#3326,#3328,#1840,.T.);
#4142=EDGE_CURVE('',#3329,#3330,#1841,.T.);
#4143=EDGE_CURVE('',#3330,#3181,#1842,.T.);
#4144=EDGE_CURVE('',#3329,#3184,#1843,.T.);
#4145=EDGE_CURVE('',#3331,#3329,#1844,.T.);
#4146=EDGE_CURVE('',#3331,#3183,#1845,.T.);
#4147=EDGE_CURVE('',#3332,#3331,#1846,.T.);
#4148=EDGE_CURVE('',#3332,#3182,#1847,.T.);
#4149=EDGE_CURVE('',#3330,#3332,#1848,.T.);
#4150=EDGE_CURVE('',#3333,#3334,#1849,.T.);
#4151=EDGE_CURVE('',#3334,#3177,#1850,.T.);
#4152=EDGE_CURVE('',#3333,#3180,#1851,.T.);
#4153=EDGE_CURVE('',#3335,#3333,#1852,.T.);
#4154=EDGE_CURVE('',#3335,#3179,#1853,.T.);
#4155=EDGE_CURVE('',#3336,#3335,#1854,.T.);
#4156=EDGE_CURVE('',#3336,#3178,#1855,.T.);
#4157=EDGE_CURVE('',#3334,#3336,#1856,.T.);
#4158=EDGE_CURVE('',#3337,#3259,#1857,.T.);
#4159=EDGE_CURVE('',#3337,#3272,#1858,.T.);
#4160=EDGE_CURVE('',#3338,#3249,#1859,.T.);
#4161=EDGE_CURVE('',#3338,#3337,#1860,.T.);
#4162=EDGE_CURVE('',#3339,#3248,#1861,.T.);
#4163=EDGE_CURVE('',#3339,#3338,#1862,.T.);
#4164=EDGE_CURVE('',#3340,#3260,#1863,.T.);
#4165=EDGE_CURVE('',#3340,#3339,#1864,.T.);
#4166=EDGE_CURVE('',#3267,#3340,#1865,.T.);
#4167=EDGE_CURVE('',#3341,#3342,#1866,.T.);
#4168=EDGE_CURVE('',#3342,#3343,#24,.T.);
#4169=EDGE_CURVE('',#3343,#3344,#1867,.T.);
#4170=EDGE_CURVE('',#3341,#3344,#25,.T.);
#4171=EDGE_CURVE('',#3342,#3345,#1868,.T.);
#4172=EDGE_CURVE('',#3345,#3346,#26,.T.);
#4173=EDGE_CURVE('',#3346,#3343,#1869,.T.);
#4174=EDGE_CURVE('',#3345,#3347,#1870,.T.);
#4175=EDGE_CURVE('',#3347,#3348,#27,.T.);
#4176=EDGE_CURVE('',#3348,#3346,#1871,.T.);
#4177=EDGE_CURVE('',#3347,#3349,#1872,.T.);
#4178=EDGE_CURVE('',#3349,#3350,#28,.T.);
#4179=EDGE_CURVE('',#3350,#3348,#1873,.T.);
#4180=EDGE_CURVE('',#3351,#3352,#99,.T.);
#4181=EDGE_CURVE('',#3352,#3353,#100,.T.);
#4182=EDGE_CURVE('',#3353,#3354,#1874,.T.);
#4183=EDGE_CURVE('',#3354,#3355,#29,.T.);
#4184=EDGE_CURVE('',#3355,#3350,#1875,.T.);
#4185=EDGE_CURVE('',#3349,#3351,#1876,.T.);
#4186=EDGE_CURVE('',#3356,#3355,#1877,.T.);
#4187=EDGE_CURVE('',#3354,#3357,#1878,.T.);
#4188=EDGE_CURVE('',#3357,#3356,#30,.T.);
#4189=EDGE_CURVE('',#3358,#3359,#101,.T.);
#4190=EDGE_CURVE('',#3359,#3360,#1879,.T.);
#4191=EDGE_CURVE('',#3360,#3361,#31,.T.);
#4192=EDGE_CURVE('',#3361,#3356,#1880,.T.);
#4193=EDGE_CURVE('',#3357,#3358,#1881,.T.);
#4194=EDGE_CURVE('',#3362,#3361,#1882,.T.);
#4195=EDGE_CURVE('',#3360,#3363,#1883,.T.);
#4196=EDGE_CURVE('',#3363,#3362,#32,.T.);
#4197=EDGE_CURVE('',#3344,#3362,#1884,.T.);
#4198=EDGE_CURVE('',#3363,#3341,#1885,.T.);
#4199=EDGE_CURVE('',#3364,#3356,#1886,.T.);
#4200=EDGE_CURVE('',#3365,#3364,#1887,.T.);
#4201=EDGE_CURVE('',#3365,#3355,#1888,.T.);
#4202=EDGE_CURVE('',#3366,#3361,#1889,.T.);
#4203=EDGE_CURVE('',#3364,#3366,#1890,.T.);
#4204=EDGE_CURVE('',#3367,#3362,#1891,.T.);
#4205=EDGE_CURVE('',#3366,#3367,#1892,.T.);
#4206=EDGE_CURVE('',#3368,#3344,#1893,.T.);
#4207=EDGE_CURVE('',#3368,#3367,#1894,.T.);
#4208=EDGE_CURVE('',#3369,#3343,#1895,.T.);
#4209=EDGE_CURVE('',#3368,#3369,#1896,.T.);
#4210=EDGE_CURVE('',#3351,#3353,#452,.T.);
#4211=EDGE_CURVE('',#3352,#3370,#453,.T.);
#4212=EDGE_CURVE('',#3370,#3370,#454,.T.);
#4213=EDGE_CURVE('',#3371,#3359,#455,.T.);
#4214=EDGE_CURVE('',#3358,#3371,#456,.T.);
#4215=EDGE_CURVE('',#3372,#3373,#1897,.T.);
#4216=EDGE_CURVE('',#3374,#3372,#1898,.T.);
#4217=EDGE_CURVE('',#3375,#3374,#1899,.T.);
#4218=EDGE_CURVE('',#3373,#3375,#1900,.T.);
#4219=EDGE_CURVE('',#3376,#3377,#1901,.T.);
#4220=EDGE_CURVE('',#3378,#3376,#1902,.T.);
#4221=EDGE_CURVE('',#3379,#3378,#1903,.T.);
#4222=EDGE_CURVE('',#3377,#3379,#1904,.T.);
#4223=EDGE_CURVE('',#3380,#3381,#1905,.T.);
#4224=EDGE_CURVE('',#3382,#3380,#1906,.T.);
#4225=EDGE_CURVE('',#3383,#3382,#1907,.T.);
#4226=EDGE_CURVE('',#3381,#3383,#1908,.T.);
#4227=EDGE_CURVE('',#3384,#3384,#457,.T.);
#4228=EDGE_CURVE('',#3385,#3386,#1909,.T.);
#4229=EDGE_CURVE('',#3387,#3385,#1910,.T.);
#4230=EDGE_CURVE('',#3388,#3387,#1911,.T.);
#4231=EDGE_CURVE('',#3386,#3388,#1912,.T.);
#4232=EDGE_CURVE('',#3389,#3389,#458,.T.);
#4233=EDGE_CURVE('',#3390,#3391,#1913,.T.);
#4234=EDGE_CURVE('',#3392,#3390,#1914,.T.);
#4235=EDGE_CURVE('',#3393,#3392,#1915,.T.);
#4236=EDGE_CURVE('',#3391,#3393,#1916,.T.);
#4237=EDGE_CURVE('',#3394,#3395,#1917,.T.);
#4238=EDGE_CURVE('',#3396,#3394,#1918,.T.);
#4239=EDGE_CURVE('',#3397,#3396,#1919,.T.);
#4240=EDGE_CURVE('',#3395,#3397,#1920,.T.);
#4241=EDGE_CURVE('',#3398,#3399,#1921,.T.);
#4242=EDGE_CURVE('',#3400,#3398,#1922,.T.);
#4243=EDGE_CURVE('',#3401,#3400,#1923,.T.);
#4244=EDGE_CURVE('',#3399,#3401,#1924,.T.);
#4245=EDGE_CURVE('',#3402,#3403,#1925,.T.);
#4246=EDGE_CURVE('',#3404,#3402,#1926,.T.);
#4247=EDGE_CURVE('',#3405,#3404,#1927,.T.);
#4248=EDGE_CURVE('',#3403,#3405,#1928,.T.);
#4249=EDGE_CURVE('',#3406,#3407,#1929,.T.);
#4250=EDGE_CURVE('',#3408,#3406,#1930,.T.);
#4251=EDGE_CURVE('',#3409,#3408,#1931,.T.);
#4252=EDGE_CURVE('',#3407,#3409,#1932,.T.);
#4253=EDGE_CURVE('',#3410,#3410,#459,.T.);
#4254=EDGE_CURVE('',#3411,#3411,#460,.T.);
#4255=EDGE_CURVE('',#3412,#3413,#1933,.T.);
#4256=EDGE_CURVE('',#3414,#3412,#1934,.T.);
#4257=EDGE_CURVE('',#3415,#3414,#1935,.T.);
#4258=EDGE_CURVE('',#3413,#3415,#1936,.T.);
#4259=EDGE_CURVE('',#3416,#3417,#1937,.T.);
#4260=EDGE_CURVE('',#3418,#3416,#1938,.T.);
#4261=EDGE_CURVE('',#3419,#3418,#1939,.T.);
#4262=EDGE_CURVE('',#3417,#3419,#1940,.T.);
#4263=EDGE_CURVE('',#3420,#3421,#1941,.T.);
#4264=EDGE_CURVE('',#3422,#3420,#1942,.T.);
#4265=EDGE_CURVE('',#3423,#3422,#1943,.T.);
#4266=EDGE_CURVE('',#3421,#3423,#1944,.T.);
#4267=EDGE_CURVE('',#3424,#3424,#461,.T.);
#4268=EDGE_CURVE('',#3425,#3426,#1945,.T.);
#4269=EDGE_CURVE('',#3427,#3425,#1946,.T.);
#4270=EDGE_CURVE('',#3428,#3427,#1947,.T.);
#4271=EDGE_CURVE('',#3426,#3428,#1948,.T.);
#4272=EDGE_CURVE('',#3429,#3430,#1949,.T.);
#4273=EDGE_CURVE('',#3431,#3429,#1950,.T.);
#4274=EDGE_CURVE('',#3432,#3431,#1951,.T.);
#4275=EDGE_CURVE('',#3430,#3432,#1952,.T.);
#4276=EDGE_CURVE('',#3433,#3434,#1953,.T.);
#4277=EDGE_CURVE('',#3435,#3433,#1954,.T.);
#4278=EDGE_CURVE('',#3436,#3435,#1955,.T.);
#4279=EDGE_CURVE('',#3434,#3436,#1956,.T.);
#4280=EDGE_CURVE('',#3437,#3438,#1957,.T.);
#4281=EDGE_CURVE('',#3439,#3437,#1958,.T.);
#4282=EDGE_CURVE('',#3440,#3439,#1959,.T.);
#4283=EDGE_CURVE('',#3438,#3440,#1960,.T.);
#4284=EDGE_CURVE('',#3371,#3441,#462,.T.);
#4285=EDGE_CURVE('',#3441,#3441,#463,.T.);
#4286=EDGE_CURVE('',#3373,#3442,#33,.T.);
#4287=EDGE_CURVE('',#3442,#3443,#1961,.T.);
#4288=EDGE_CURVE('',#3372,#3443,#34,.T.);
#4289=EDGE_CURVE('',#3375,#3444,#35,.T.);
#4290=EDGE_CURVE('',#3444,#3442,#1962,.T.);
#4291=EDGE_CURVE('',#3374,#3445,#36,.T.);
#4292=EDGE_CURVE('',#3445,#3444,#1963,.T.);
#4293=EDGE_CURVE('',#3443,#3445,#1964,.T.);
#4294=EDGE_CURVE('',#3446,#3443,#1965,.T.);
#4295=EDGE_CURVE('',#3446,#3447,#1966,.T.);
#4296=EDGE_CURVE('',#3447,#3445,#1967,.T.);
#4297=EDGE_CURVE('',#3448,#3442,#1968,.T.);
#4298=EDGE_CURVE('',#3448,#3446,#1969,.T.);
#4299=EDGE_CURVE('',#3438,#3449,#37,.T.);
#4300=EDGE_CURVE('',#3449,#3450,#1970,.T.);
#4301=EDGE_CURVE('',#3437,#3450,#38,.T.);
#4302=EDGE_CURVE('',#3440,#3451,#39,.T.);
#4303=EDGE_CURVE('',#3451,#3449,#1971,.T.);
#4304=EDGE_CURVE('',#3439,#3452,#40,.T.);
#4305=EDGE_CURVE('',#3452,#3451,#1972,.T.);
#4306=EDGE_CURVE('',#3450,#3452,#1973,.T.);
#4307=EDGE_CURVE('',#3453,#3450,#1974,.T.);
#4308=EDGE_CURVE('',#3453,#3454,#1975,.T.);
#4309=EDGE_CURVE('',#3454,#3452,#1976,.T.);
#4310=EDGE_CURVE('',#3455,#3449,#1977,.T.);
#4311=EDGE_CURVE('',#3455,#3453,#1978,.T.);
#4312=EDGE_CURVE('',#3377,#3456,#41,.T.);
#4313=EDGE_CURVE('',#3456,#3457,#1979,.T.);
#4314=EDGE_CURVE('',#3376,#3457,#42,.T.);
#4315=EDGE_CURVE('',#3379,#3458,#43,.T.);
#4316=EDGE_CURVE('',#3458,#3456,#1980,.T.);
#4317=EDGE_CURVE('',#3378,#3459,#44,.T.);
#4318=EDGE_CURVE('',#3459,#3458,#1981,.T.);
#4319=EDGE_CURVE('',#3457,#3459,#1982,.T.);
#4320=EDGE_CURVE('',#3460,#3457,#1983,.T.);
#4321=EDGE_CURVE('',#3460,#3461,#1984,.T.);
#4322=EDGE_CURVE('',#3461,#3459,#1985,.T.);
#4323=EDGE_CURVE('',#3462,#3456,#1986,.T.);
#4324=EDGE_CURVE('',#3462,#3460,#1987,.T.);
#4325=EDGE_CURVE('',#3434,#3463,#45,.T.);
#4326=EDGE_CURVE('',#3463,#3464,#1988,.T.);
#4327=EDGE_CURVE('',#3433,#3464,#46,.T.);
#4328=EDGE_CURVE('',#3436,#3465,#47,.T.);
#4329=EDGE_CURVE('',#3465,#3463,#1989,.T.);
#4330=EDGE_CURVE('',#3435,#3466,#48,.T.);
#4331=EDGE_CURVE('',#3466,#3465,#1990,.T.);
#4332=EDGE_CURVE('',#3464,#3466,#1991,.T.);
#4333=EDGE_CURVE('',#3467,#3464,#1992,.T.);
#4334=EDGE_CURVE('',#3467,#3468,#1993,.T.);
#4335=EDGE_CURVE('',#3468,#3466,#1994,.T.);
#4336=EDGE_CURVE('',#3469,#3463,#1995,.T.);
#4337=EDGE_CURVE('',#3469,#3467,#1996,.T.);
#4338=EDGE_CURVE('',#3381,#3470,#49,.T.);
#4339=EDGE_CURVE('',#3470,#3471,#1997,.T.);
#4340=EDGE_CURVE('',#3380,#3471,#50,.T.);
#4341=EDGE_CURVE('',#3383,#3472,#51,.T.);
#4342=EDGE_CURVE('',#3472,#3470,#1998,.T.);
#4343=EDGE_CURVE('',#3382,#3473,#52,.T.);
#4344=EDGE_CURVE('',#3473,#3472,#1999,.T.);
#4345=EDGE_CURVE('',#3471,#3473,#2000,.T.);
#4346=EDGE_CURVE('',#3474,#3471,#2001,.T.);
#4347=EDGE_CURVE('',#3474,#3475,#2002,.T.);
#4348=EDGE_CURVE('',#3475,#3473,#2003,.T.);
#4349=EDGE_CURVE('',#3476,#3470,#2004,.T.);
#4350=EDGE_CURVE('',#3476,#3474,#2005,.T.);
#4351=EDGE_CURVE('',#3430,#3477,#53,.T.);
#4352=EDGE_CURVE('',#3477,#3478,#2006,.T.);
#4353=EDGE_CURVE('',#3429,#3478,#54,.T.);
#4354=EDGE_CURVE('',#3432,#3479,#55,.T.);
#4355=EDGE_CURVE('',#3479,#3477,#2007,.T.);
#4356=EDGE_CURVE('',#3431,#3480,#56,.T.);
#4357=EDGE_CURVE('',#3480,#3479,#2008,.T.);
#4358=EDGE_CURVE('',#3478,#3480,#2009,.T.);
#4359=EDGE_CURVE('',#3481,#3478,#2010,.T.);
#4360=EDGE_CURVE('',#3481,#3482,#2011,.T.);
#4361=EDGE_CURVE('',#3482,#3480,#2012,.T.);
#4362=EDGE_CURVE('',#3483,#3477,#2013,.T.);
#4363=EDGE_CURVE('',#3483,#3481,#2014,.T.);
#4364=EDGE_CURVE('',#3384,#3484,#464,.T.);
#4365=EDGE_CURVE('',#3484,#3484,#465,.T.);
#4366=EDGE_CURVE('',#3484,#3485,#2015,.T.);
#4367=EDGE_CURVE('',#3485,#3485,#466,.T.);
#4368=EDGE_CURVE('',#3426,#3486,#57,.T.);
#4369=EDGE_CURVE('',#3486,#3487,#2016,.T.);
#4370=EDGE_CURVE('',#3425,#3487,#58,.T.);
#4371=EDGE_CURVE('',#3428,#3488,#59,.T.);
#4372=EDGE_CURVE('',#3488,#3486,#2017,.T.);
#4373=EDGE_CURVE('',#3427,#3489,#60,.T.);
#4374=EDGE_CURVE('',#3489,#3488,#2018,.T.);
#4375=EDGE_CURVE('',#3487,#3489,#2019,.T.);
#4376=EDGE_CURVE('',#3490,#3487,#2020,.T.);
#4377=EDGE_CURVE('',#3490,#3491,#2021,.T.);
#4378=EDGE_CURVE('',#3491,#3489,#2022,.T.);
#4379=EDGE_CURVE('',#3492,#3486,#2023,.T.);
#4380=EDGE_CURVE('',#3492,#3490,#2024,.T.);
#4381=EDGE_CURVE('',#3386,#3493,#61,.T.);
#4382=EDGE_CURVE('',#3493,#3494,#2025,.T.);
#4383=EDGE_CURVE('',#3385,#3494,#62,.T.);
#4384=EDGE_CURVE('',#3388,#3495,#63,.T.);
#4385=EDGE_CURVE('',#3495,#3493,#2026,.T.);
#4386=EDGE_CURVE('',#3387,#3496,#64,.T.);
#4387=EDGE_CURVE('',#3496,#3495,#2027,.T.);
#4388=EDGE_CURVE('',#3494,#3496,#2028,.T.);
#4389=EDGE_CURVE('',#3497,#3494,#2029,.T.);
#4390=EDGE_CURVE('',#3497,#3498,#2030,.T.);
#4391=EDGE_CURVE('',#3498,#3496,#2031,.T.);
#4392=EDGE_CURVE('',#3499,#3493,#2032,.T.);
#4393=EDGE_CURVE('',#3499,#3497,#2033,.T.);
#4394=EDGE_CURVE('',#3424,#3500,#467,.T.);
#4395=EDGE_CURVE('',#3500,#3500,#468,.T.);
#4396=EDGE_CURVE('',#3500,#3501,#2034,.T.);
#4397=EDGE_CURVE('',#3501,#3501,#469,.T.);
#4398=EDGE_CURVE('',#3370,#3502,#2035,.T.);
#4399=EDGE_CURVE('',#3502,#3502,#470,.T.);
#4400=EDGE_CURVE('',#3421,#3503,#65,.T.);
#4401=EDGE_CURVE('',#3503,#3504,#2036,.T.);
#4402=EDGE_CURVE('',#3420,#3504,#66,.T.);
#4403=EDGE_CURVE('',#3423,#3505,#67,.T.);
#4404=EDGE_CURVE('',#3505,#3503,#2037,.T.);
#4405=EDGE_CURVE('',#3422,#3506,#68,.T.);
#4406=EDGE_CURVE('',#3506,#3505,#2038,.T.);
#4407=EDGE_CURVE('',#3504,#3506,#2039,.T.);
#4408=EDGE_CURVE('',#3507,#3504,#2040,.T.);
#4409=EDGE_CURVE('',#3507,#3508,#2041,.T.);
#4410=EDGE_CURVE('',#3508,#3506,#2042,.T.);
#4411=EDGE_CURVE('',#3509,#3503,#2043,.T.);
#4412=EDGE_CURVE('',#3509,#3507,#2044,.T.);
#4413=EDGE_CURVE('',#3389,#3510,#471,.T.);
#4414=EDGE_CURVE('',#3510,#3510,#472,.T.);
#4415=EDGE_CURVE('',#3510,#3511,#2045,.T.);
#4416=EDGE_CURVE('',#3511,#3511,#473,.T.);
#4417=EDGE_CURVE('',#3417,#3512,#69,.T.);
#4418=EDGE_CURVE('',#3512,#3513,#2046,.T.);
#4419=EDGE_CURVE('',#3416,#3513,#70,.T.);
#4420=EDGE_CURVE('',#3419,#3514,#71,.T.);
#4421=EDGE_CURVE('',#3514,#3512,#2047,.T.);
#4422=EDGE_CURVE('',#3418,#3515,#72,.T.);
#4423=EDGE_CURVE('',#3515,#3514,#2048,.T.);
#4424=EDGE_CURVE('',#3513,#3515,#2049,.T.);
#4425=EDGE_CURVE('',#3516,#3513,#2050,.T.);
#4426=EDGE_CURVE('',#3516,#3517,#2051,.T.);
#4427=EDGE_CURVE('',#3517,#3515,#2052,.T.);
#4428=EDGE_CURVE('',#3518,#3512,#2053,.T.);
#4429=EDGE_CURVE('',#3518,#3516,#2054,.T.);
#4430=EDGE_CURVE('',#3391,#3519,#73,.T.);
#4431=EDGE_CURVE('',#3519,#3520,#2055,.T.);
#4432=EDGE_CURVE('',#3390,#3520,#74,.T.);
#4433=EDGE_CURVE('',#3393,#3521,#75,.T.);
#4434=EDGE_CURVE('',#3521,#3519,#2056,.T.);
#4435=EDGE_CURVE('',#3392,#3522,#76,.T.);
#4436=EDGE_CURVE('',#3522,#3521,#2057,.T.);
#4437=EDGE_CURVE('',#3520,#3522,#2058,.T.);
#4438=EDGE_CURVE('',#3523,#3520,#2059,.T.);
#4439=EDGE_CURVE('',#3523,#3524,#2060,.T.);
#4440=EDGE_CURVE('',#3524,#3522,#2061,.T.);
#4441=EDGE_CURVE('',#3525,#3519,#2062,.T.);
#4442=EDGE_CURVE('',#3525,#3523,#2063,.T.);
#4443=EDGE_CURVE('',#3413,#3526,#77,.T.);
#4444=EDGE_CURVE('',#3526,#3527,#2064,.T.);
#4445=EDGE_CURVE('',#3412,#3527,#78,.T.);
#4446=EDGE_CURVE('',#3415,#3528,#79,.T.);
#4447=EDGE_CURVE('',#3528,#3526,#2065,.T.);
#4448=EDGE_CURVE('',#3414,#3529,#80,.T.);
#4449=EDGE_CURVE('',#3529,#3528,#2066,.T.);
#4450=EDGE_CURVE('',#3527,#3529,#2067,.T.);
#4451=EDGE_CURVE('',#3530,#3527,#2068,.T.);
#4452=EDGE_CURVE('',#3530,#3531,#2069,.T.);
#4453=EDGE_CURVE('',#3531,#3529,#2070,.T.);
#4454=EDGE_CURVE('',#3532,#3526,#2071,.T.);
#4455=EDGE_CURVE('',#3532,#3530,#2072,.T.);
#4456=EDGE_CURVE('',#3395,#3533,#81,.T.);
#4457=EDGE_CURVE('',#3533,#3534,#2073,.T.);
#4458=EDGE_CURVE('',#3394,#3534,#82,.T.);
#4459=EDGE_CURVE('',#3397,#3535,#83,.T.);
#4460=EDGE_CURVE('',#3535,#3533,#2074,.T.);
#4461=EDGE_CURVE('',#3396,#3536,#84,.T.);
#4462=EDGE_CURVE('',#3536,#3535,#2075,.T.);
#4463=EDGE_CURVE('',#3534,#3536,#2076,.T.);
#4464=EDGE_CURVE('',#3537,#3534,#2077,.T.);
#4465=EDGE_CURVE('',#3537,#3538,#2078,.T.);
#4466=EDGE_CURVE('',#3538,#3536,#2079,.T.);
#4467=EDGE_CURVE('',#3539,#3533,#2080,.T.);
#4468=EDGE_CURVE('',#3539,#3537,#2081,.T.);
#4469=EDGE_CURVE('',#3441,#3540,#2082,.T.);
#4470=EDGE_CURVE('',#3540,#3540,#474,.T.);
#4471=EDGE_CURVE('',#3399,#3541,#85,.T.);
#4472=EDGE_CURVE('',#3541,#3542,#2083,.T.);
#4473=EDGE_CURVE('',#3398,#3542,#86,.T.);
#4474=EDGE_CURVE('',#3401,#3543,#87,.T.);
#4475=EDGE_CURVE('',#3543,#3541,#2084,.T.);
#4476=EDGE_CURVE('',#3400,#3544,#88,.T.);
#4477=EDGE_CURVE('',#3544,#3543,#2085,.T.);
#4478=EDGE_CURVE('',#3542,#3544,#2086,.T.);
#4479=EDGE_CURVE('',#3545,#3542,#2087,.T.);
#4480=EDGE_CURVE('',#3545,#3546,#2088,.T.);
#4481=EDGE_CURVE('',#3546,#3544,#2089,.T.);
#4482=EDGE_CURVE('',#3547,#3541,#2090,.T.);
#4483=EDGE_CURVE('',#3547,#3545,#2091,.T.);
#4484=EDGE_CURVE('',#3411,#3548,#475,.T.);
#4485=EDGE_CURVE('',#3548,#3548,#476,.T.);
#4486=EDGE_CURVE('',#3548,#3549,#2092,.T.);
#4487=EDGE_CURVE('',#3549,#3549,#477,.T.);
#4488=EDGE_CURVE('',#3403,#3550,#89,.T.);
#4489=EDGE_CURVE('',#3550,#3551,#2093,.T.);
#4490=EDGE_CURVE('',#3402,#3551,#90,.T.);
#4491=EDGE_CURVE('',#3405,#3552,#91,.T.);
#4492=EDGE_CURVE('',#3552,#3550,#2094,.T.);
#4493=EDGE_CURVE('',#3404,#3553,#92,.T.);
#4494=EDGE_CURVE('',#3553,#3552,#2095,.T.);
#4495=EDGE_CURVE('',#3551,#3553,#2096,.T.);
#4496=EDGE_CURVE('',#3554,#3551,#2097,.T.);
#4497=EDGE_CURVE('',#3554,#3555,#2098,.T.);
#4498=EDGE_CURVE('',#3555,#3553,#2099,.T.);
#4499=EDGE_CURVE('',#3556,#3550,#2100,.T.);
#4500=EDGE_CURVE('',#3556,#3554,#2101,.T.);
#4501=EDGE_CURVE('',#3410,#3557,#478,.T.);
#4502=EDGE_CURVE('',#3557,#3557,#479,.T.);
#4503=EDGE_CURVE('',#3557,#3558,#2102,.T.);
#4504=EDGE_CURVE('',#3558,#3558,#480,.T.);
#4505=EDGE_CURVE('',#3407,#3559,#93,.T.);
#4506=EDGE_CURVE('',#3559,#3560,#2103,.T.);
#4507=EDGE_CURVE('',#3406,#3560,#94,.T.);
#4508=EDGE_CURVE('',#3409,#3561,#95,.T.);
#4509=EDGE_CURVE('',#3561,#3559,#2104,.T.);
#4510=EDGE_CURVE('',#3408,#3562,#96,.T.);
#4511=EDGE_CURVE('',#3562,#3561,#2105,.T.);
#4512=EDGE_CURVE('',#3560,#3562,#2106,.T.);
#4513=EDGE_CURVE('',#3563,#3560,#2107,.T.);
#4514=EDGE_CURVE('',#3563,#3564,#2108,.T.);
#4515=EDGE_CURVE('',#3564,#3562,#2109,.T.);
#4516=EDGE_CURVE('',#3565,#3559,#2110,.T.);
#4517=EDGE_CURVE('',#3565,#3563,#2111,.T.);
#4518=EDGE_CURVE('',#3566,#3444,#2112,.T.);
#4519=EDGE_CURVE('',#3566,#3448,#2113,.T.);
#4520=EDGE_CURVE('',#3447,#3566,#2114,.T.);
#4521=EDGE_CURVE('',#3567,#3451,#2115,.T.);
#4522=EDGE_CURVE('',#3567,#3455,#2116,.T.);
#4523=EDGE_CURVE('',#3454,#3567,#2117,.T.);
#4524=EDGE_CURVE('',#3568,#3458,#2118,.T.);
#4525=EDGE_CURVE('',#3568,#3462,#2119,.T.);
#4526=EDGE_CURVE('',#3461,#3568,#2120,.T.);
#4527=EDGE_CURVE('',#3569,#3465,#2121,.T.);
#4528=EDGE_CURVE('',#3569,#3469,#2122,.T.);
#4529=EDGE_CURVE('',#3468,#3569,#2123,.T.);
#4530=EDGE_CURVE('',#3570,#3472,#2124,.T.);
#4531=EDGE_CURVE('',#3570,#3476,#2125,.T.);
#4532=EDGE_CURVE('',#3475,#3570,#2126,.T.);
#4533=EDGE_CURVE('',#3571,#3479,#2127,.T.);
#4534=EDGE_CURVE('',#3571,#3483,#2128,.T.);
#4535=EDGE_CURVE('',#3482,#3571,#2129,.T.);
#4536=EDGE_CURVE('',#3572,#3488,#2130,.T.);
#4537=EDGE_CURVE('',#3572,#3492,#2131,.T.);
#4538=EDGE_CURVE('',#3491,#3572,#2132,.T.);
#4539=EDGE_CURVE('',#3573,#3495,#2133,.T.);
#4540=EDGE_CURVE('',#3573,#3499,#2134,.T.);
#4541=EDGE_CURVE('',#3498,#3573,#2135,.T.);
#4542=EDGE_CURVE('',#3574,#3505,#2136,.T.);
#4543=EDGE_CURVE('',#3574,#3509,#2137,.T.);
#4544=EDGE_CURVE('',#3508,#3574,#2138,.T.);
#4545=EDGE_CURVE('',#3575,#3514,#2139,.T.);
#4546=EDGE_CURVE('',#3575,#3518,#2140,.T.);
#4547=EDGE_CURVE('',#3517,#3575,#2141,.T.);
#4548=EDGE_CURVE('',#3576,#3521,#2142,.T.);
#4549=EDGE_CURVE('',#3576,#3525,#2143,.T.);
#4550=EDGE_CURVE('',#3524,#3576,#2144,.T.);
#4551=EDGE_CURVE('',#3577,#3528,#2145,.T.);
#4552=EDGE_CURVE('',#3577,#3532,#2146,.T.);
#4553=EDGE_CURVE('',#3531,#3577,#2147,.T.);
#4554=EDGE_CURVE('',#3578,#3535,#2148,.T.);
#4555=EDGE_CURVE('',#3578,#3539,#2149,.T.);
#4556=EDGE_CURVE('',#3538,#3578,#2150,.T.);
#4557=EDGE_CURVE('',#3579,#3543,#2151,.T.);
#4558=EDGE_CURVE('',#3579,#3547,#2152,.T.);
#4559=EDGE_CURVE('',#3546,#3579,#2153,.T.);
#4560=EDGE_CURVE('',#3580,#3552,#2154,.T.);
#4561=EDGE_CURVE('',#3580,#3556,#2155,.T.);
#4562=EDGE_CURVE('',#3555,#3580,#2156,.T.);
#4563=EDGE_CURVE('',#3581,#3561,#2157,.T.);
#4564=EDGE_CURVE('',#3581,#3565,#2158,.T.);
#4565=EDGE_CURVE('',#3564,#3581,#2159,.T.);
#4566=EDGE_CURVE('',#3582,#3346,#2160,.T.);
#4567=EDGE_CURVE('',#3582,#3369,#2161,.T.);
#4568=EDGE_CURVE('',#3583,#3348,#2162,.T.);
#4569=EDGE_CURVE('',#3582,#3583,#2163,.T.);
#4570=EDGE_CURVE('',#3584,#3350,#2164,.T.);
#4571=EDGE_CURVE('',#3584,#3583,#2165,.T.);
#4572=EDGE_CURVE('',#3584,#3365,#2166,.T.);
#4573=ORIENTED_EDGE('',*,*,#3585,.F.);
#4574=ORIENTED_EDGE('',*,*,#3586,.F.);
#4575=ORIENTED_EDGE('',*,*,#3587,.F.);
#4576=ORIENTED_EDGE('',*,*,#3588,.F.);
#4577=ORIENTED_EDGE('',*,*,#3589,.F.);
#4578=ORIENTED_EDGE('',*,*,#3590,.F.);
#4579=ORIENTED_EDGE('',*,*,#3591,.F.);
#4580=ORIENTED_EDGE('',*,*,#3592,.F.);
#4581=ORIENTED_EDGE('',*,*,#3593,.F.);
#4582=ORIENTED_EDGE('',*,*,#3594,.F.);
#4583=ORIENTED_EDGE('',*,*,#3595,.F.);
#4584=ORIENTED_EDGE('',*,*,#3590,.T.);
#4585=ORIENTED_EDGE('',*,*,#3596,.F.);
#4586=ORIENTED_EDGE('',*,*,#3597,.F.);
#4587=ORIENTED_EDGE('',*,*,#3598,.T.);
#4588=ORIENTED_EDGE('',*,*,#3589,.T.);
#4589=ORIENTED_EDGE('',*,*,#3599,.F.);
#4590=ORIENTED_EDGE('',*,*,#3600,.F.);
#4591=ORIENTED_EDGE('',*,*,#3596,.T.);
#4592=ORIENTED_EDGE('',*,*,#3588,.T.);
#4593=ORIENTED_EDGE('',*,*,#3601,.F.);
#4594=ORIENTED_EDGE('',*,*,#3602,.F.);
#4595=ORIENTED_EDGE('',*,*,#3599,.T.);
#4596=ORIENTED_EDGE('',*,*,#3587,.T.);
#4597=ORIENTED_EDGE('',*,*,#3603,.F.);
#4598=ORIENTED_EDGE('',*,*,#3604,.F.);
#4599=ORIENTED_EDGE('',*,*,#3601,.T.);
#4600=ORIENTED_EDGE('',*,*,#3586,.T.);
#4601=ORIENTED_EDGE('',*,*,#3605,.F.);
#4602=ORIENTED_EDGE('',*,*,#3606,.F.);
#4603=ORIENTED_EDGE('',*,*,#3603,.T.);
#4604=ORIENTED_EDGE('',*,*,#3607,.T.);
#4605=ORIENTED_EDGE('',*,*,#3608,.F.);
#4606=ORIENTED_EDGE('',*,*,#3609,.T.);
#4607=ORIENTED_EDGE('',*,*,#3610,.F.);
#4608=ORIENTED_EDGE('',*,*,#3611,.T.);
#4609=ORIENTED_EDGE('',*,*,#3612,.F.);
#4610=ORIENTED_EDGE('',*,*,#3613,.T.);
#4611=ORIENTED_EDGE('',*,*,#3614,.F.);
#4612=ORIENTED_EDGE('',*,*,#3615,.T.);
#4613=ORIENTED_EDGE('',*,*,#3616,.F.);
#4614=ORIENTED_EDGE('',*,*,#3617,.T.);
#4615=ORIENTED_EDGE('',*,*,#3618,.F.);
#4616=ORIENTED_EDGE('',*,*,#3619,.F.);
#4617=ORIENTED_EDGE('',*,*,#3620,.T.);
#4618=ORIENTED_EDGE('',*,*,#3618,.T.);
#4619=ORIENTED_EDGE('',*,*,#3620,.F.);
#4620=ORIENTED_EDGE('',*,*,#3621,.F.);
#4621=ORIENTED_EDGE('',*,*,#3622,.T.);
#4622=ORIENTED_EDGE('',*,*,#3608,.T.);
#4623=ORIENTED_EDGE('',*,*,#3622,.F.);
#4624=ORIENTED_EDGE('',*,*,#3623,.F.);
#4625=ORIENTED_EDGE('',*,*,#3624,.T.);
#4626=ORIENTED_EDGE('',*,*,#3616,.T.);
#4627=ORIENTED_EDGE('',*,*,#3624,.F.);
#4628=ORIENTED_EDGE('',*,*,#3625,.F.);
#4629=ORIENTED_EDGE('',*,*,#3626,.T.);
#4630=ORIENTED_EDGE('',*,*,#3612,.T.);
#4631=ORIENTED_EDGE('',*,*,#3626,.F.);
#4632=ORIENTED_EDGE('',*,*,#3627,.F.);
#4633=ORIENTED_EDGE('',*,*,#3628,.T.);
#4634=ORIENTED_EDGE('',*,*,#3610,.T.);
#4635=ORIENTED_EDGE('',*,*,#3628,.F.);
#4636=ORIENTED_EDGE('',*,*,#3629,.F.);
#4637=ORIENTED_EDGE('',*,*,#3630,.T.);
#4638=ORIENTED_EDGE('',*,*,#3614,.T.);
#4639=ORIENTED_EDGE('',*,*,#3630,.F.);
#4640=ORIENTED_EDGE('',*,*,#3631,.F.);
#4641=ORIENTED_EDGE('',*,*,#3632,.T.);
#4642=ORIENTED_EDGE('',*,*,#3633,.F.);
#4643=ORIENTED_EDGE('',*,*,#3634,.F.);
#4644=ORIENTED_EDGE('',*,*,#3635,.F.);
#4645=ORIENTED_EDGE('',*,*,#3634,.T.);
#4646=ORIENTED_EDGE('',*,*,#3636,.F.);
#4647=ORIENTED_EDGE('',*,*,#3637,.F.);
#4648=ORIENTED_EDGE('',*,*,#3638,.F.);
#4649=ORIENTED_EDGE('',*,*,#3637,.T.);
#4650=ORIENTED_EDGE('',*,*,#3639,.F.);
#4651=ORIENTED_EDGE('',*,*,#3640,.F.);
#4652=ORIENTED_EDGE('',*,*,#3641,.F.);
#4653=ORIENTED_EDGE('',*,*,#3640,.T.);
#4654=ORIENTED_EDGE('',*,*,#3642,.F.);
#4655=ORIENTED_EDGE('',*,*,#3643,.F.);
#4656=ORIENTED_EDGE('',*,*,#3644,.F.);
#4657=ORIENTED_EDGE('',*,*,#3643,.T.);
#4658=ORIENTED_EDGE('',*,*,#3645,.F.);
#4659=ORIENTED_EDGE('',*,*,#3646,.F.);
#4660=ORIENTED_EDGE('',*,*,#3647,.F.);
#4661=ORIENTED_EDGE('',*,*,#3646,.T.);
#4662=ORIENTED_EDGE('',*,*,#3648,.F.);
#4663=ORIENTED_EDGE('',*,*,#3649,.F.);
#4664=ORIENTED_EDGE('',*,*,#3650,.F.);
#4665=ORIENTED_EDGE('',*,*,#3649,.T.);
#4666=ORIENTED_EDGE('',*,*,#3651,.F.);
#4667=ORIENTED_EDGE('',*,*,#3652,.F.);
#4668=ORIENTED_EDGE('',*,*,#3653,.F.);
#4669=ORIENTED_EDGE('',*,*,#3652,.T.);
#4670=ORIENTED_EDGE('',*,*,#3654,.F.);
#4671=ORIENTED_EDGE('',*,*,#3655,.F.);
#4672=ORIENTED_EDGE('',*,*,#3656,.F.);
#4673=ORIENTED_EDGE('',*,*,#3655,.T.);
#4674=ORIENTED_EDGE('',*,*,#3657,.F.);
#4675=ORIENTED_EDGE('',*,*,#3658,.F.);
#4676=ORIENTED_EDGE('',*,*,#3659,.F.);
#4677=ORIENTED_EDGE('',*,*,#3658,.T.);
#4678=ORIENTED_EDGE('',*,*,#3660,.F.);
#4679=ORIENTED_EDGE('',*,*,#3661,.F.);
#4680=ORIENTED_EDGE('',*,*,#3662,.F.);
#4681=ORIENTED_EDGE('',*,*,#3661,.T.);
#4682=ORIENTED_EDGE('',*,*,#3663,.F.);
#4683=ORIENTED_EDGE('',*,*,#3664,.F.);
#4684=ORIENTED_EDGE('',*,*,#3665,.F.);
#4685=ORIENTED_EDGE('',*,*,#3664,.T.);
#4686=ORIENTED_EDGE('',*,*,#3666,.F.);
#4687=ORIENTED_EDGE('',*,*,#3667,.F.);
#4688=ORIENTED_EDGE('',*,*,#3668,.F.);
#4689=ORIENTED_EDGE('',*,*,#3667,.T.);
#4690=ORIENTED_EDGE('',*,*,#3669,.F.);
#4691=ORIENTED_EDGE('',*,*,#3670,.F.);
#4692=ORIENTED_EDGE('',*,*,#3671,.F.);
#4693=ORIENTED_EDGE('',*,*,#3670,.T.);
#4694=ORIENTED_EDGE('',*,*,#3672,.F.);
#4695=ORIENTED_EDGE('',*,*,#3673,.F.);
#4696=ORIENTED_EDGE('',*,*,#3674,.T.);
#4697=ORIENTED_EDGE('',*,*,#3675,.T.);
#4698=ORIENTED_EDGE('',*,*,#3676,.T.);
#4699=ORIENTED_EDGE('',*,*,#3677,.T.);
#4700=ORIENTED_EDGE('',*,*,#3678,.T.);
#4701=ORIENTED_EDGE('',*,*,#3679,.T.);
#4702=ORIENTED_EDGE('',*,*,#3680,.T.);
#4703=ORIENTED_EDGE('',*,*,#3681,.T.);
#4704=ORIENTED_EDGE('',*,*,#3682,.T.);
#4705=ORIENTED_EDGE('',*,*,#3683,.T.);
#4706=ORIENTED_EDGE('',*,*,#3684,.T.);
#4707=ORIENTED_EDGE('',*,*,#3685,.T.);
#4708=ORIENTED_EDGE('',*,*,#3672,.T.);
#4709=ORIENTED_EDGE('',*,*,#3669,.T.);
#4710=ORIENTED_EDGE('',*,*,#3666,.T.);
#4711=ORIENTED_EDGE('',*,*,#3663,.T.);
#4712=ORIENTED_EDGE('',*,*,#3660,.T.);
#4713=ORIENTED_EDGE('',*,*,#3657,.T.);
#4714=ORIENTED_EDGE('',*,*,#3654,.T.);
#4715=ORIENTED_EDGE('',*,*,#3651,.T.);
#4716=ORIENTED_EDGE('',*,*,#3648,.T.);
#4717=ORIENTED_EDGE('',*,*,#3645,.T.);
#4718=ORIENTED_EDGE('',*,*,#3642,.T.);
#4719=ORIENTED_EDGE('',*,*,#3639,.T.);
#4720=ORIENTED_EDGE('',*,*,#3636,.T.);
#4721=ORIENTED_EDGE('',*,*,#3633,.T.);
#4722=ORIENTED_EDGE('',*,*,#3629,.T.);
#4723=ORIENTED_EDGE('',*,*,#3627,.T.);
#4724=ORIENTED_EDGE('',*,*,#3625,.T.);
#4725=ORIENTED_EDGE('',*,*,#3623,.T.);
#4726=ORIENTED_EDGE('',*,*,#3621,.T.);
#4727=ORIENTED_EDGE('',*,*,#3619,.T.);
#4728=ORIENTED_EDGE('',*,*,#3686,.F.);
#4729=ORIENTED_EDGE('',*,*,#3687,.T.);
#4730=ORIENTED_EDGE('',*,*,#3688,.F.);
#4731=ORIENTED_EDGE('',*,*,#3689,.F.);
#4732=ORIENTED_EDGE('',*,*,#3690,.F.);
#4733=ORIENTED_EDGE('',*,*,#3689,.T.);
#4734=ORIENTED_EDGE('',*,*,#3691,.F.);
#4735=ORIENTED_EDGE('',*,*,#3692,.F.);
#4736=ORIENTED_EDGE('',*,*,#3693,.F.);
#4737=ORIENTED_EDGE('',*,*,#3692,.T.);
#4738=ORIENTED_EDGE('',*,*,#3694,.F.);
#4739=ORIENTED_EDGE('',*,*,#3695,.F.);
#4740=ORIENTED_EDGE('',*,*,#3694,.T.);
#4741=ORIENTED_EDGE('',*,*,#3691,.T.);
#4742=ORIENTED_EDGE('',*,*,#3688,.T.);
#4743=ORIENTED_EDGE('',*,*,#3696,.T.);
#4744=ORIENTED_EDGE('',*,*,#3671,.T.);
#4745=ORIENTED_EDGE('',*,*,#3697,.T.);
#4746=ORIENTED_EDGE('',*,*,#3686,.T.);
#4747=ORIENTED_EDGE('',*,*,#3690,.T.);
#4748=ORIENTED_EDGE('',*,*,#3693,.T.);
#4749=ORIENTED_EDGE('',*,*,#3698,.T.);
#4750=ORIENTED_EDGE('',*,*,#3631,.T.);
#4751=ORIENTED_EDGE('',*,*,#3635,.T.);
#4752=ORIENTED_EDGE('',*,*,#3638,.T.);
#4753=ORIENTED_EDGE('',*,*,#3641,.T.);
#4754=ORIENTED_EDGE('',*,*,#3644,.T.);
#4755=ORIENTED_EDGE('',*,*,#3647,.T.);
#4756=ORIENTED_EDGE('',*,*,#3650,.T.);
#4757=ORIENTED_EDGE('',*,*,#3653,.T.);
#4758=ORIENTED_EDGE('',*,*,#3656,.T.);
#4759=ORIENTED_EDGE('',*,*,#3659,.T.);
#4760=ORIENTED_EDGE('',*,*,#3662,.T.);
#4761=ORIENTED_EDGE('',*,*,#3665,.T.);
#4762=ORIENTED_EDGE('',*,*,#3668,.T.);
#4763=ORIENTED_EDGE('',*,*,#3606,.T.);
#4764=ORIENTED_EDGE('',*,*,#3699,.T.);
#4765=ORIENTED_EDGE('',*,*,#3700,.T.);
#4766=ORIENTED_EDGE('',*,*,#3701,.T.);
#4767=ORIENTED_EDGE('',*,*,#3702,.T.);
#4768=ORIENTED_EDGE('',*,*,#3703,.T.);
#4769=ORIENTED_EDGE('',*,*,#3704,.T.);
#4770=ORIENTED_EDGE('',*,*,#3597,.T.);
#4771=ORIENTED_EDGE('',*,*,#3600,.T.);
#4772=ORIENTED_EDGE('',*,*,#3602,.T.);
#4773=ORIENTED_EDGE('',*,*,#3604,.T.);
#4774=ORIENTED_EDGE('',*,*,#3705,.F.);
#4775=ORIENTED_EDGE('',*,*,#3706,.T.);
#4776=ORIENTED_EDGE('',*,*,#3617,.F.);
#4777=ORIENTED_EDGE('',*,*,#3706,.F.);
#4778=ORIENTED_EDGE('',*,*,#3707,.F.);
#4779=ORIENTED_EDGE('',*,*,#3708,.T.);
#4780=ORIENTED_EDGE('',*,*,#3615,.F.);
#4781=ORIENTED_EDGE('',*,*,#3708,.F.);
#4782=ORIENTED_EDGE('',*,*,#3709,.F.);
#4783=ORIENTED_EDGE('',*,*,#3710,.T.);
#4784=ORIENTED_EDGE('',*,*,#3613,.F.);
#4785=ORIENTED_EDGE('',*,*,#3710,.F.);
#4786=ORIENTED_EDGE('',*,*,#3585,.T.);
#4787=ORIENTED_EDGE('',*,*,#3711,.F.);
#4788=ORIENTED_EDGE('',*,*,#3699,.F.);
#4789=ORIENTED_EDGE('',*,*,#3605,.T.);
#4790=ORIENTED_EDGE('',*,*,#3595,.T.);
#4791=ORIENTED_EDGE('',*,*,#3712,.F.);
#4792=ORIENTED_EDGE('',*,*,#3700,.F.);
#4793=ORIENTED_EDGE('',*,*,#3711,.T.);
#4794=ORIENTED_EDGE('',*,*,#3594,.T.);
#4795=ORIENTED_EDGE('',*,*,#3713,.F.);
#4796=ORIENTED_EDGE('',*,*,#3701,.F.);
#4797=ORIENTED_EDGE('',*,*,#3712,.T.);
#4798=ORIENTED_EDGE('',*,*,#3593,.T.);
#4799=ORIENTED_EDGE('',*,*,#3714,.F.);
#4800=ORIENTED_EDGE('',*,*,#3702,.F.);
#4801=ORIENTED_EDGE('',*,*,#3713,.T.);
#4802=ORIENTED_EDGE('',*,*,#3592,.T.);
#4803=ORIENTED_EDGE('',*,*,#3715,.F.);
#4804=ORIENTED_EDGE('',*,*,#3703,.F.);
#4805=ORIENTED_EDGE('',*,*,#3714,.T.);
#4806=ORIENTED_EDGE('',*,*,#3591,.T.);
#4807=ORIENTED_EDGE('',*,*,#3598,.F.);
#4808=ORIENTED_EDGE('',*,*,#3704,.F.);
#4809=ORIENTED_EDGE('',*,*,#3715,.T.);
#4810=ORIENTED_EDGE('',*,*,#3716,.F.);
#4811=ORIENTED_EDGE('',*,*,#3717,.T.);
#4812=ORIENTED_EDGE('',*,*,#3611,.F.);
#4813=ORIENTED_EDGE('',*,*,#3717,.F.);
#4814=ORIENTED_EDGE('',*,*,#3718,.F.);
#4815=ORIENTED_EDGE('',*,*,#3719,.T.);
#4816=ORIENTED_EDGE('',*,*,#3609,.F.);
#4817=ORIENTED_EDGE('',*,*,#3719,.F.);
#4818=ORIENTED_EDGE('',*,*,#3720,.F.);
#4819=ORIENTED_EDGE('',*,*,#3721,.T.);
#4820=ORIENTED_EDGE('',*,*,#3607,.F.);
#4821=ORIENTED_EDGE('',*,*,#3721,.F.);
#4822=ORIENTED_EDGE('',*,*,#3722,.F.);
#4823=ORIENTED_EDGE('',*,*,#3723,.F.);
#4824=ORIENTED_EDGE('',*,*,#3724,.T.);
#4825=ORIENTED_EDGE('',*,*,#3683,.F.);
#4826=ORIENTED_EDGE('',*,*,#3724,.F.);
#4827=ORIENTED_EDGE('',*,*,#3725,.F.);
#4828=ORIENTED_EDGE('',*,*,#3726,.T.);
#4829=ORIENTED_EDGE('',*,*,#3684,.F.);
#4830=ORIENTED_EDGE('',*,*,#3726,.F.);
#4831=ORIENTED_EDGE('',*,*,#3727,.F.);
#4832=ORIENTED_EDGE('',*,*,#3728,.T.);
#4833=ORIENTED_EDGE('',*,*,#3674,.F.);
#4834=ORIENTED_EDGE('',*,*,#3632,.F.);
#4835=ORIENTED_EDGE('',*,*,#3698,.F.);
#4836=ORIENTED_EDGE('',*,*,#3695,.T.);
#4837=ORIENTED_EDGE('',*,*,#3696,.F.);
#4838=ORIENTED_EDGE('',*,*,#3687,.F.);
#4839=ORIENTED_EDGE('',*,*,#3697,.F.);
#4840=ORIENTED_EDGE('',*,*,#3673,.T.);
#4841=ORIENTED_EDGE('',*,*,#3685,.F.);
#4842=ORIENTED_EDGE('',*,*,#3728,.F.);
#4843=ORIENTED_EDGE('',*,*,#3729,.F.);
#4844=ORIENTED_EDGE('',*,*,#3730,.T.);
#4845=ORIENTED_EDGE('',*,*,#3675,.F.);
#4846=ORIENTED_EDGE('',*,*,#3730,.F.);
#4847=ORIENTED_EDGE('',*,*,#3731,.F.);
#4848=ORIENTED_EDGE('',*,*,#3732,.T.);
#4849=ORIENTED_EDGE('',*,*,#3676,.F.);
#4850=ORIENTED_EDGE('',*,*,#3732,.F.);
#4851=ORIENTED_EDGE('',*,*,#3733,.F.);
#4852=ORIENTED_EDGE('',*,*,#3734,.T.);
#4853=ORIENTED_EDGE('',*,*,#3677,.F.);
#4854=ORIENTED_EDGE('',*,*,#3734,.F.);
#4855=ORIENTED_EDGE('',*,*,#3735,.F.);
#4856=ORIENTED_EDGE('',*,*,#3736,.T.);
#4857=ORIENTED_EDGE('',*,*,#3678,.F.);
#4858=ORIENTED_EDGE('',*,*,#3736,.F.);
#4859=ORIENTED_EDGE('',*,*,#3737,.F.);
#4860=ORIENTED_EDGE('',*,*,#3738,.T.);
#4861=ORIENTED_EDGE('',*,*,#3679,.F.);
#4862=ORIENTED_EDGE('',*,*,#3738,.F.);
#4863=ORIENTED_EDGE('',*,*,#3739,.F.);
#4864=ORIENTED_EDGE('',*,*,#3740,.T.);
#4865=ORIENTED_EDGE('',*,*,#3680,.F.);
#4866=ORIENTED_EDGE('',*,*,#3740,.F.);
#4867=ORIENTED_EDGE('',*,*,#3741,.F.);
#4868=ORIENTED_EDGE('',*,*,#3742,.F.);
#4869=ORIENTED_EDGE('',*,*,#3681,.F.);
#4870=ORIENTED_EDGE('',*,*,#3742,.T.);
#4871=ORIENTED_EDGE('',*,*,#3743,.F.);
#4872=ORIENTED_EDGE('',*,*,#3722,.T.);
#4873=ORIENTED_EDGE('',*,*,#3682,.F.);
#4874=ORIENTED_EDGE('',*,*,#3743,.T.);
#4875=ORIENTED_EDGE('',*,*,#3741,.T.);
#4876=ORIENTED_EDGE('',*,*,#3739,.T.);
#4877=ORIENTED_EDGE('',*,*,#3737,.T.);
#4878=ORIENTED_EDGE('',*,*,#3735,.T.);
#4879=ORIENTED_EDGE('',*,*,#3733,.T.);
#4880=ORIENTED_EDGE('',*,*,#3731,.T.);
#4881=ORIENTED_EDGE('',*,*,#3729,.T.);
#4882=ORIENTED_EDGE('',*,*,#3727,.T.);
#4883=ORIENTED_EDGE('',*,*,#3725,.T.);
#4884=ORIENTED_EDGE('',*,*,#3723,.T.);
#4885=ORIENTED_EDGE('',*,*,#3720,.T.);
#4886=ORIENTED_EDGE('',*,*,#3718,.T.);
#4887=ORIENTED_EDGE('',*,*,#3716,.T.);
#4888=ORIENTED_EDGE('',*,*,#3709,.T.);
#4889=ORIENTED_EDGE('',*,*,#3707,.T.);
#4890=ORIENTED_EDGE('',*,*,#3705,.T.);
#4891=ORIENTED_EDGE('',*,*,#3744,.T.);
#4892=ORIENTED_EDGE('',*,*,#3745,.F.);
#4893=ORIENTED_EDGE('',*,*,#3746,.F.);
#4894=ORIENTED_EDGE('',*,*,#3747,.T.);
#4895=ORIENTED_EDGE('',*,*,#3748,.T.);
#4896=ORIENTED_EDGE('',*,*,#3749,.T.);
#4897=ORIENTED_EDGE('',*,*,#3750,.T.);
#4898=ORIENTED_EDGE('',*,*,#3751,.T.);
#4899=ORIENTED_EDGE('',*,*,#3752,.T.);
#4900=ORIENTED_EDGE('',*,*,#3753,.T.);
#4901=ORIENTED_EDGE('',*,*,#3754,.T.);
#4902=ORIENTED_EDGE('',*,*,#3755,.T.);
#4903=ORIENTED_EDGE('',*,*,#3756,.T.);
#4904=ORIENTED_EDGE('',*,*,#3757,.T.);
#4905=ORIENTED_EDGE('',*,*,#3758,.T.);
#4906=ORIENTED_EDGE('',*,*,#3759,.T.);
#4907=ORIENTED_EDGE('',*,*,#3760,.T.);
#4908=ORIENTED_EDGE('',*,*,#3761,.T.);
#4909=ORIENTED_EDGE('',*,*,#3762,.T.);
#4910=ORIENTED_EDGE('',*,*,#3763,.T.);
#4911=ORIENTED_EDGE('',*,*,#3764,.T.);
#4912=ORIENTED_EDGE('',*,*,#3765,.T.);
#4913=ORIENTED_EDGE('',*,*,#3766,.T.);
#4914=ORIENTED_EDGE('',*,*,#3767,.T.);
#4915=ORIENTED_EDGE('',*,*,#3768,.T.);
#4916=ORIENTED_EDGE('',*,*,#3744,.F.);
#4917=ORIENTED_EDGE('',*,*,#3769,.T.);
#4918=ORIENTED_EDGE('',*,*,#3770,.T.);
#4919=ORIENTED_EDGE('',*,*,#3771,.T.);
#4920=ORIENTED_EDGE('',*,*,#3772,.T.);
#4921=ORIENTED_EDGE('',*,*,#3773,.T.);
#4922=ORIENTED_EDGE('',*,*,#3774,.T.);
#4923=ORIENTED_EDGE('',*,*,#3775,.F.);
#4924=ORIENTED_EDGE('',*,*,#3776,.F.);
#4925=ORIENTED_EDGE('',*,*,#3777,.F.);
#4926=ORIENTED_EDGE('',*,*,#3778,.F.);
#4927=ORIENTED_EDGE('',*,*,#3779,.F.);
#4928=ORIENTED_EDGE('',*,*,#3780,.F.);
#4929=ORIENTED_EDGE('',*,*,#3781,.F.);
#4930=ORIENTED_EDGE('',*,*,#3782,.F.);
#4931=ORIENTED_EDGE('',*,*,#3783,.F.);
#4932=ORIENTED_EDGE('',*,*,#3784,.F.);
#4933=ORIENTED_EDGE('',*,*,#3785,.F.);
#4934=ORIENTED_EDGE('',*,*,#3786,.F.);
#4935=ORIENTED_EDGE('',*,*,#3787,.F.);
#4936=ORIENTED_EDGE('',*,*,#3788,.F.);
#4937=ORIENTED_EDGE('',*,*,#3789,.F.);
#4938=ORIENTED_EDGE('',*,*,#3790,.F.);
#4939=ORIENTED_EDGE('',*,*,#3791,.F.);
#4940=ORIENTED_EDGE('',*,*,#3792,.F.);
#4941=ORIENTED_EDGE('',*,*,#3793,.F.);
#4942=ORIENTED_EDGE('',*,*,#3794,.F.);
#4943=ORIENTED_EDGE('',*,*,#3795,.F.);
#4944=ORIENTED_EDGE('',*,*,#3796,.F.);
#4945=ORIENTED_EDGE('',*,*,#3797,.F.);
#4946=ORIENTED_EDGE('',*,*,#3798,.F.);
#4947=ORIENTED_EDGE('',*,*,#3799,.F.);
#4948=ORIENTED_EDGE('',*,*,#3800,.F.);
#4949=ORIENTED_EDGE('',*,*,#3801,.F.);
#4950=ORIENTED_EDGE('',*,*,#3802,.F.);
#4951=ORIENTED_EDGE('',*,*,#3803,.F.);
#4952=ORIENTED_EDGE('',*,*,#3804,.F.);
#4953=ORIENTED_EDGE('',*,*,#3805,.F.);
#4954=ORIENTED_EDGE('',*,*,#3806,.F.);
#4955=ORIENTED_EDGE('',*,*,#3807,.F.);
#4956=ORIENTED_EDGE('',*,*,#3808,.F.);
#4957=ORIENTED_EDGE('',*,*,#3809,.F.);
#4958=ORIENTED_EDGE('',*,*,#3778,.T.);
#4959=ORIENTED_EDGE('',*,*,#3810,.F.);
#4960=ORIENTED_EDGE('',*,*,#3749,.F.);
#4961=ORIENTED_EDGE('',*,*,#3811,.F.);
#4962=ORIENTED_EDGE('',*,*,#3777,.T.);
#4963=ORIENTED_EDGE('',*,*,#3812,.F.);
#4964=ORIENTED_EDGE('',*,*,#3813,.T.);
#4965=ORIENTED_EDGE('',*,*,#3750,.F.);
#4966=ORIENTED_EDGE('',*,*,#3810,.T.);
#4967=ORIENTED_EDGE('',*,*,#3788,.T.);
#4968=ORIENTED_EDGE('',*,*,#3814,.F.);
#4969=ORIENTED_EDGE('',*,*,#3754,.F.);
#4970=ORIENTED_EDGE('',*,*,#3815,.T.);
#4971=ORIENTED_EDGE('',*,*,#3787,.T.);
#4972=ORIENTED_EDGE('',*,*,#3816,.F.);
#4973=ORIENTED_EDGE('',*,*,#3755,.F.);
#4974=ORIENTED_EDGE('',*,*,#3814,.T.);
#4975=ORIENTED_EDGE('',*,*,#3786,.T.);
#4976=ORIENTED_EDGE('',*,*,#3817,.F.);
#4977=ORIENTED_EDGE('',*,*,#3756,.F.);
#4978=ORIENTED_EDGE('',*,*,#3816,.T.);
#4979=ORIENTED_EDGE('',*,*,#3785,.T.);
#4980=ORIENTED_EDGE('',*,*,#3818,.F.);
#4981=ORIENTED_EDGE('',*,*,#3757,.F.);
#4982=ORIENTED_EDGE('',*,*,#3817,.T.);
#4983=ORIENTED_EDGE('',*,*,#3784,.T.);
#4984=ORIENTED_EDGE('',*,*,#3819,.F.);
#4985=ORIENTED_EDGE('',*,*,#3758,.F.);
#4986=ORIENTED_EDGE('',*,*,#3818,.T.);
#4987=ORIENTED_EDGE('',*,*,#3783,.T.);
#4988=ORIENTED_EDGE('',*,*,#3820,.F.);
#4989=ORIENTED_EDGE('',*,*,#3759,.F.);
#4990=ORIENTED_EDGE('',*,*,#3819,.T.);
#4991=ORIENTED_EDGE('',*,*,#3782,.T.);
#4992=ORIENTED_EDGE('',*,*,#3821,.F.);
#4993=ORIENTED_EDGE('',*,*,#3760,.F.);
#4994=ORIENTED_EDGE('',*,*,#3820,.T.);
#4995=ORIENTED_EDGE('',*,*,#3781,.T.);
#4996=ORIENTED_EDGE('',*,*,#3822,.F.);
#4997=ORIENTED_EDGE('',*,*,#3761,.F.);
#4998=ORIENTED_EDGE('',*,*,#3821,.T.);
#4999=ORIENTED_EDGE('',*,*,#3780,.T.);
#5000=ORIENTED_EDGE('',*,*,#3823,.F.);
#5001=ORIENTED_EDGE('',*,*,#3762,.F.);
#5002=ORIENTED_EDGE('',*,*,#3822,.T.);
#5003=ORIENTED_EDGE('',*,*,#3779,.T.);
#5004=ORIENTED_EDGE('',*,*,#3824,.F.);
#5005=ORIENTED_EDGE('',*,*,#3763,.F.);
#5006=ORIENTED_EDGE('',*,*,#3823,.T.);
#5007=ORIENTED_EDGE('',*,*,#3802,.T.);
#5008=ORIENTED_EDGE('',*,*,#3825,.F.);
#5009=ORIENTED_EDGE('',*,*,#3826,.T.);
#5010=ORIENTED_EDGE('',*,*,#3764,.F.);
#5011=ORIENTED_EDGE('',*,*,#3824,.T.);
#5012=ORIENTED_EDGE('',*,*,#3801,.T.);
#5013=ORIENTED_EDGE('',*,*,#3827,.F.);
#5014=ORIENTED_EDGE('',*,*,#3828,.F.);
#5015=ORIENTED_EDGE('',*,*,#3825,.T.);
#5016=ORIENTED_EDGE('',*,*,#3776,.T.);
#5017=ORIENTED_EDGE('',*,*,#3829,.F.);
#5018=ORIENTED_EDGE('',*,*,#3830,.F.);
#5019=ORIENTED_EDGE('',*,*,#3812,.T.);
#5020=ORIENTED_EDGE('',*,*,#3831,.T.);
#5021=ORIENTED_EDGE('',*,*,#3832,.F.);
#5022=ORIENTED_EDGE('',*,*,#3833,.T.);
#5023=ORIENTED_EDGE('',*,*,#3834,.F.);
#5024=ORIENTED_EDGE('',*,*,#3835,.T.);
#5025=ORIENTED_EDGE('',*,*,#3836,.F.);
#5026=ORIENTED_EDGE('',*,*,#3837,.T.);
#5027=ORIENTED_EDGE('',*,*,#3838,.F.);
#5028=ORIENTED_EDGE('',*,*,#3839,.T.);
#5029=ORIENTED_EDGE('',*,*,#3840,.F.);
#5030=ORIENTED_EDGE('',*,*,#3841,.T.);
#5031=ORIENTED_EDGE('',*,*,#3842,.F.);
#5032=ORIENTED_EDGE('',*,*,#3843,.T.);
#5033=ORIENTED_EDGE('',*,*,#3844,.F.);
#5034=ORIENTED_EDGE('',*,*,#3809,.T.);
#5035=ORIENTED_EDGE('',*,*,#3845,.T.);
#5036=ORIENTED_EDGE('',*,*,#3840,.T.);
#5037=ORIENTED_EDGE('',*,*,#3845,.F.);
#5038=ORIENTED_EDGE('',*,*,#3808,.T.);
#5039=ORIENTED_EDGE('',*,*,#3846,.T.);
#5040=ORIENTED_EDGE('',*,*,#3842,.T.);
#5041=ORIENTED_EDGE('',*,*,#3846,.F.);
#5042=ORIENTED_EDGE('',*,*,#3807,.T.);
#5043=ORIENTED_EDGE('',*,*,#3847,.T.);
#5044=ORIENTED_EDGE('',*,*,#3834,.T.);
#5045=ORIENTED_EDGE('',*,*,#3847,.F.);
#5046=ORIENTED_EDGE('',*,*,#3806,.T.);
#5047=ORIENTED_EDGE('',*,*,#3848,.T.);
#5048=ORIENTED_EDGE('',*,*,#3836,.T.);
#5049=ORIENTED_EDGE('',*,*,#3848,.F.);
#5050=ORIENTED_EDGE('',*,*,#3805,.T.);
#5051=ORIENTED_EDGE('',*,*,#3849,.T.);
#5052=ORIENTED_EDGE('',*,*,#3838,.T.);
#5053=ORIENTED_EDGE('',*,*,#3849,.F.);
#5054=ORIENTED_EDGE('',*,*,#3804,.T.);
#5055=ORIENTED_EDGE('',*,*,#3850,.T.);
#5056=ORIENTED_EDGE('',*,*,#3832,.T.);
#5057=ORIENTED_EDGE('',*,*,#3850,.F.);
#5058=ORIENTED_EDGE('',*,*,#3803,.T.);
#5059=ORIENTED_EDGE('',*,*,#3851,.T.);
#5060=ORIENTED_EDGE('',*,*,#3844,.T.);
#5061=ORIENTED_EDGE('',*,*,#3851,.F.);
#5062=ORIENTED_EDGE('',*,*,#3800,.T.);
#5063=ORIENTED_EDGE('',*,*,#3852,.F.);
#5064=ORIENTED_EDGE('',*,*,#3853,.F.);
#5065=ORIENTED_EDGE('',*,*,#3827,.T.);
#5066=ORIENTED_EDGE('',*,*,#3799,.T.);
#5067=ORIENTED_EDGE('',*,*,#3854,.F.);
#5068=ORIENTED_EDGE('',*,*,#3855,.F.);
#5069=ORIENTED_EDGE('',*,*,#3852,.T.);
#5070=ORIENTED_EDGE('',*,*,#3798,.T.);
#5071=ORIENTED_EDGE('',*,*,#3856,.F.);
#5072=ORIENTED_EDGE('',*,*,#3857,.F.);
#5073=ORIENTED_EDGE('',*,*,#3854,.T.);
#5074=ORIENTED_EDGE('',*,*,#3797,.T.);
#5075=ORIENTED_EDGE('',*,*,#3858,.F.);
#5076=ORIENTED_EDGE('',*,*,#3859,.F.);
#5077=ORIENTED_EDGE('',*,*,#3856,.T.);
#5078=ORIENTED_EDGE('',*,*,#3796,.T.);
#5079=ORIENTED_EDGE('',*,*,#3860,.F.);
#5080=ORIENTED_EDGE('',*,*,#3861,.F.);
#5081=ORIENTED_EDGE('',*,*,#3858,.T.);
#5082=ORIENTED_EDGE('',*,*,#3795,.T.);
#5083=ORIENTED_EDGE('',*,*,#3862,.F.);
#5084=ORIENTED_EDGE('',*,*,#3863,.F.);
#5085=ORIENTED_EDGE('',*,*,#3860,.T.);
#5086=ORIENTED_EDGE('',*,*,#3794,.T.);
#5087=ORIENTED_EDGE('',*,*,#3864,.F.);
#5088=ORIENTED_EDGE('',*,*,#3865,.F.);
#5089=ORIENTED_EDGE('',*,*,#3862,.T.);
#5090=ORIENTED_EDGE('',*,*,#3793,.T.);
#5091=ORIENTED_EDGE('',*,*,#3866,.F.);
#5092=ORIENTED_EDGE('',*,*,#3867,.F.);
#5093=ORIENTED_EDGE('',*,*,#3864,.T.);
#5094=ORIENTED_EDGE('',*,*,#3792,.T.);
#5095=ORIENTED_EDGE('',*,*,#3868,.F.);
#5096=ORIENTED_EDGE('',*,*,#3869,.F.);
#5097=ORIENTED_EDGE('',*,*,#3866,.T.);
#5098=ORIENTED_EDGE('',*,*,#3791,.T.);
#5099=ORIENTED_EDGE('',*,*,#3870,.F.);
#5100=ORIENTED_EDGE('',*,*,#3871,.F.);
#5101=ORIENTED_EDGE('',*,*,#3868,.T.);
#5102=ORIENTED_EDGE('',*,*,#3766,.F.);
#5103=ORIENTED_EDGE('',*,*,#3872,.T.);
#5104=ORIENTED_EDGE('',*,*,#3843,.F.);
#5105=ORIENTED_EDGE('',*,*,#3872,.F.);
#5106=ORIENTED_EDGE('',*,*,#3767,.F.);
#5107=ORIENTED_EDGE('',*,*,#3873,.T.);
#5108=ORIENTED_EDGE('',*,*,#3841,.F.);
#5109=ORIENTED_EDGE('',*,*,#3873,.F.);
#5110=ORIENTED_EDGE('',*,*,#3768,.F.);
#5111=ORIENTED_EDGE('',*,*,#3874,.T.);
#5112=ORIENTED_EDGE('',*,*,#3839,.F.);
#5113=ORIENTED_EDGE('',*,*,#3874,.F.);
#5114=ORIENTED_EDGE('',*,*,#3875,.F.);
#5115=ORIENTED_EDGE('',*,*,#3745,.T.);
#5116=ORIENTED_EDGE('',*,*,#3770,.F.);
#5117=ORIENTED_EDGE('',*,*,#3876,.F.);
#5118=ORIENTED_EDGE('',*,*,#3877,.F.);
#5119=ORIENTED_EDGE('',*,*,#3876,.T.);
#5120=ORIENTED_EDGE('',*,*,#3769,.F.);
#5121=ORIENTED_EDGE('',*,*,#3747,.F.);
#5122=ORIENTED_EDGE('',*,*,#3771,.F.);
#5123=ORIENTED_EDGE('',*,*,#3878,.T.);
#5124=ORIENTED_EDGE('',*,*,#3837,.F.);
#5125=ORIENTED_EDGE('',*,*,#3878,.F.);
#5126=ORIENTED_EDGE('',*,*,#3772,.F.);
#5127=ORIENTED_EDGE('',*,*,#3879,.T.);
#5128=ORIENTED_EDGE('',*,*,#3835,.F.);
#5129=ORIENTED_EDGE('',*,*,#3879,.F.);
#5130=ORIENTED_EDGE('',*,*,#3773,.F.);
#5131=ORIENTED_EDGE('',*,*,#3880,.T.);
#5132=ORIENTED_EDGE('',*,*,#3833,.F.);
#5133=ORIENTED_EDGE('',*,*,#3880,.F.);
#5134=ORIENTED_EDGE('',*,*,#3774,.F.);
#5135=ORIENTED_EDGE('',*,*,#3881,.T.);
#5136=ORIENTED_EDGE('',*,*,#3831,.F.);
#5137=ORIENTED_EDGE('',*,*,#3881,.F.);
#5138=ORIENTED_EDGE('',*,*,#3882,.F.);
#5139=ORIENTED_EDGE('',*,*,#3883,.T.);
#5140=ORIENTED_EDGE('',*,*,#3765,.F.);
#5141=ORIENTED_EDGE('',*,*,#3826,.F.);
#5142=ORIENTED_EDGE('',*,*,#3789,.T.);
#5143=ORIENTED_EDGE('',*,*,#3815,.F.);
#5144=ORIENTED_EDGE('',*,*,#3753,.F.);
#5145=ORIENTED_EDGE('',*,*,#3884,.T.);
#5146=ORIENTED_EDGE('',*,*,#3790,.T.);
#5147=ORIENTED_EDGE('',*,*,#3884,.F.);
#5148=ORIENTED_EDGE('',*,*,#3752,.F.);
#5149=ORIENTED_EDGE('',*,*,#3885,.F.);
#5150=ORIENTED_EDGE('',*,*,#3870,.T.);
#5151=ORIENTED_EDGE('',*,*,#3886,.F.);
#5152=ORIENTED_EDGE('',*,*,#3885,.T.);
#5153=ORIENTED_EDGE('',*,*,#3751,.F.);
#5154=ORIENTED_EDGE('',*,*,#3813,.F.);
#5155=ORIENTED_EDGE('',*,*,#3775,.T.);
#5156=ORIENTED_EDGE('',*,*,#3811,.T.);
#5157=ORIENTED_EDGE('',*,*,#3748,.F.);
#5158=ORIENTED_EDGE('',*,*,#3883,.F.);
#5159=ORIENTED_EDGE('',*,*,#3829,.T.);
#5160=ORIENTED_EDGE('',*,*,#3830,.T.);
#5161=ORIENTED_EDGE('',*,*,#3882,.T.);
#5162=ORIENTED_EDGE('',*,*,#3828,.T.);
#5163=ORIENTED_EDGE('',*,*,#3853,.T.);
#5164=ORIENTED_EDGE('',*,*,#3855,.T.);
#5165=ORIENTED_EDGE('',*,*,#3857,.T.);
#5166=ORIENTED_EDGE('',*,*,#3859,.T.);
#5167=ORIENTED_EDGE('',*,*,#3861,.T.);
#5168=ORIENTED_EDGE('',*,*,#3863,.T.);
#5169=ORIENTED_EDGE('',*,*,#3865,.T.);
#5170=ORIENTED_EDGE('',*,*,#3867,.T.);
#5171=ORIENTED_EDGE('',*,*,#3869,.T.);
#5172=ORIENTED_EDGE('',*,*,#3871,.T.);
#5173=ORIENTED_EDGE('',*,*,#3886,.T.);
#5174=ORIENTED_EDGE('',*,*,#3875,.T.);
#5175=ORIENTED_EDGE('',*,*,#3877,.T.);
#5176=ORIENTED_EDGE('',*,*,#3746,.T.);
#5177=ORIENTED_EDGE('',*,*,#3887,.T.);
#5178=ORIENTED_EDGE('',*,*,#3888,.T.);
#5179=ORIENTED_EDGE('',*,*,#3889,.T.);
#5180=ORIENTED_EDGE('',*,*,#3888,.F.);
#5181=ORIENTED_EDGE('',*,*,#3890,.F.);
#5182=ORIENTED_EDGE('',*,*,#3891,.F.);
#5183=ORIENTED_EDGE('',*,*,#3892,.F.);
#5184=ORIENTED_EDGE('',*,*,#3893,.F.);
#5185=ORIENTED_EDGE('',*,*,#3894,.F.);
#5186=ORIENTED_EDGE('',*,*,#3895,.F.);
#5187=ORIENTED_EDGE('',*,*,#3896,.F.);
#5188=ORIENTED_EDGE('',*,*,#3897,.F.);
#5189=ORIENTED_EDGE('',*,*,#3898,.F.);
#5190=ORIENTED_EDGE('',*,*,#3899,.F.);
#5191=ORIENTED_EDGE('',*,*,#3900,.F.);
#5192=ORIENTED_EDGE('',*,*,#3901,.F.);
#5193=ORIENTED_EDGE('',*,*,#3902,.F.);
#5194=ORIENTED_EDGE('',*,*,#3903,.F.);
#5195=ORIENTED_EDGE('',*,*,#3904,.F.);
#5196=ORIENTED_EDGE('',*,*,#3905,.T.);
#5197=ORIENTED_EDGE('',*,*,#3906,.T.);
#5198=ORIENTED_EDGE('',*,*,#3907,.T.);
#5199=ORIENTED_EDGE('',*,*,#3908,.T.);
#5200=ORIENTED_EDGE('',*,*,#3909,.T.);
#5201=ORIENTED_EDGE('',*,*,#3910,.T.);
#5202=ORIENTED_EDGE('',*,*,#3911,.T.);
#5203=ORIENTED_EDGE('',*,*,#3912,.T.);
#5204=ORIENTED_EDGE('',*,*,#3913,.T.);
#5205=ORIENTED_EDGE('',*,*,#3914,.T.);
#5206=ORIENTED_EDGE('',*,*,#3915,.T.);
#5207=ORIENTED_EDGE('',*,*,#3916,.T.);
#5208=ORIENTED_EDGE('',*,*,#3917,.T.);
#5209=ORIENTED_EDGE('',*,*,#3918,.T.);
#5210=ORIENTED_EDGE('',*,*,#3919,.T.);
#5211=ORIENTED_EDGE('',*,*,#3920,.T.);
#5212=ORIENTED_EDGE('',*,*,#3921,.T.);
#5213=ORIENTED_EDGE('',*,*,#3922,.T.);
#5214=ORIENTED_EDGE('',*,*,#3923,.T.);
#5215=ORIENTED_EDGE('',*,*,#3924,.T.);
#5216=ORIENTED_EDGE('',*,*,#3925,.T.);
#5217=ORIENTED_EDGE('',*,*,#3926,.T.);
#5218=ORIENTED_EDGE('',*,*,#3927,.T.);
#5219=ORIENTED_EDGE('',*,*,#3928,.T.);
#5220=ORIENTED_EDGE('',*,*,#3929,.T.);
#5221=ORIENTED_EDGE('',*,*,#3930,.T.);
#5222=ORIENTED_EDGE('',*,*,#3931,.T.);
#5223=ORIENTED_EDGE('',*,*,#3932,.T.);
#5224=ORIENTED_EDGE('',*,*,#3933,.T.);
#5225=ORIENTED_EDGE('',*,*,#3934,.T.);
#5226=ORIENTED_EDGE('',*,*,#3935,.T.);
#5227=ORIENTED_EDGE('',*,*,#3936,.T.);
#5228=ORIENTED_EDGE('',*,*,#3937,.T.);
#5229=ORIENTED_EDGE('',*,*,#3938,.T.);
#5230=ORIENTED_EDGE('',*,*,#3939,.T.);
#5231=ORIENTED_EDGE('',*,*,#3940,.T.);
#5232=ORIENTED_EDGE('',*,*,#3941,.T.);
#5233=ORIENTED_EDGE('',*,*,#3942,.T.);
#5234=ORIENTED_EDGE('',*,*,#3943,.T.);
#5235=ORIENTED_EDGE('',*,*,#3944,.T.);
#5236=ORIENTED_EDGE('',*,*,#3945,.T.);
#5237=ORIENTED_EDGE('',*,*,#3946,.T.);
#5238=ORIENTED_EDGE('',*,*,#3947,.T.);
#5239=ORIENTED_EDGE('',*,*,#3948,.T.);
#5240=ORIENTED_EDGE('',*,*,#3949,.T.);
#5241=ORIENTED_EDGE('',*,*,#3950,.T.);
#5242=ORIENTED_EDGE('',*,*,#3951,.T.);
#5243=ORIENTED_EDGE('',*,*,#3952,.T.);
#5244=ORIENTED_EDGE('',*,*,#3953,.T.);
#5245=ORIENTED_EDGE('',*,*,#3954,.T.);
#5246=ORIENTED_EDGE('',*,*,#3955,.T.);
#5247=ORIENTED_EDGE('',*,*,#3956,.T.);
#5248=ORIENTED_EDGE('',*,*,#3957,.T.);
#5249=ORIENTED_EDGE('',*,*,#3958,.T.);
#5250=ORIENTED_EDGE('',*,*,#3959,.T.);
#5251=ORIENTED_EDGE('',*,*,#3960,.T.);
#5252=ORIENTED_EDGE('',*,*,#3961,.T.);
#5253=ORIENTED_EDGE('',*,*,#3962,.T.);
#5254=ORIENTED_EDGE('',*,*,#3963,.T.);
#5255=ORIENTED_EDGE('',*,*,#3964,.T.);
#5256=ORIENTED_EDGE('',*,*,#3965,.T.);
#5257=ORIENTED_EDGE('',*,*,#3966,.T.);
#5258=ORIENTED_EDGE('',*,*,#3967,.T.);
#5259=ORIENTED_EDGE('',*,*,#3968,.T.);
#5260=ORIENTED_EDGE('',*,*,#3969,.F.);
#5261=ORIENTED_EDGE('',*,*,#3970,.F.);
#5262=ORIENTED_EDGE('',*,*,#3887,.F.);
#5263=ORIENTED_EDGE('',*,*,#3889,.F.);
#5264=ORIENTED_EDGE('',*,*,#3971,.T.);
#5265=ORIENTED_EDGE('',*,*,#3972,.T.);
#5266=ORIENTED_EDGE('',*,*,#3971,.F.);
#5267=ORIENTED_EDGE('',*,*,#3903,.T.);
#5268=ORIENTED_EDGE('',*,*,#3973,.T.);
#5269=ORIENTED_EDGE('',*,*,#3974,.T.);
#5270=ORIENTED_EDGE('',*,*,#3973,.F.);
#5271=ORIENTED_EDGE('',*,*,#3974,.F.);
#5272=ORIENTED_EDGE('',*,*,#3975,.T.);
#5273=ORIENTED_EDGE('',*,*,#3976,.T.);
#5274=ORIENTED_EDGE('',*,*,#3975,.F.);
#5275=ORIENTED_EDGE('',*,*,#3977,.T.);
#5276=ORIENTED_EDGE('',*,*,#3890,.T.);
#5277=ORIENTED_EDGE('',*,*,#3978,.T.);
#5278=ORIENTED_EDGE('',*,*,#3979,.T.);
#5279=ORIENTED_EDGE('',*,*,#3978,.F.);
#5280=ORIENTED_EDGE('',*,*,#3902,.T.);
#5281=ORIENTED_EDGE('',*,*,#3980,.T.);
#5282=ORIENTED_EDGE('',*,*,#3980,.F.);
#5283=ORIENTED_EDGE('',*,*,#3901,.T.);
#5284=ORIENTED_EDGE('',*,*,#3981,.T.);
#5285=ORIENTED_EDGE('',*,*,#3982,.T.);
#5286=ORIENTED_EDGE('',*,*,#3983,.F.);
#5287=ORIENTED_EDGE('',*,*,#3979,.F.);
#5288=ORIENTED_EDGE('',*,*,#3984,.T.);
#5289=ORIENTED_EDGE('',*,*,#3985,.T.);
#5290=ORIENTED_EDGE('',*,*,#3984,.F.);
#5291=ORIENTED_EDGE('',*,*,#3970,.T.);
#5292=ORIENTED_EDGE('',*,*,#3986,.T.);
#5293=ORIENTED_EDGE('',*,*,#3987,.T.);
#5294=ORIENTED_EDGE('',*,*,#3986,.F.);
#5295=ORIENTED_EDGE('',*,*,#3987,.F.);
#5296=ORIENTED_EDGE('',*,*,#3988,.T.);
#5297=ORIENTED_EDGE('',*,*,#3989,.T.);
#5298=ORIENTED_EDGE('',*,*,#3988,.F.);
#5299=ORIENTED_EDGE('',*,*,#3904,.T.);
#5300=ORIENTED_EDGE('',*,*,#3990,.T.);
#5301=ORIENTED_EDGE('',*,*,#3991,.T.);
#5302=ORIENTED_EDGE('',*,*,#3990,.F.);
#5303=ORIENTED_EDGE('',*,*,#3991,.F.);
#5304=ORIENTED_EDGE('',*,*,#3992,.T.);
#5305=ORIENTED_EDGE('',*,*,#3993,.T.);
#5306=ORIENTED_EDGE('',*,*,#3992,.F.);
#5307=ORIENTED_EDGE('',*,*,#3969,.T.);
#5308=ORIENTED_EDGE('',*,*,#3994,.T.);
#5309=ORIENTED_EDGE('',*,*,#3995,.T.);
#5310=ORIENTED_EDGE('',*,*,#3994,.F.);
#5311=ORIENTED_EDGE('',*,*,#3995,.F.);
#5312=ORIENTED_EDGE('',*,*,#3996,.T.);
#5313=ORIENTED_EDGE('',*,*,#3997,.T.);
#5314=ORIENTED_EDGE('',*,*,#3996,.F.);
#5315=ORIENTED_EDGE('',*,*,#3893,.T.);
#5316=ORIENTED_EDGE('',*,*,#3998,.T.);
#5317=ORIENTED_EDGE('',*,*,#3999,.T.);
#5318=ORIENTED_EDGE('',*,*,#4000,.F.);
#5319=ORIENTED_EDGE('',*,*,#3892,.T.);
#5320=ORIENTED_EDGE('',*,*,#4001,.T.);
#5321=ORIENTED_EDGE('',*,*,#4002,.T.);
#5322=ORIENTED_EDGE('',*,*,#3998,.F.);
#5323=ORIENTED_EDGE('',*,*,#3977,.F.);
#5324=ORIENTED_EDGE('',*,*,#3983,.T.);
#5325=ORIENTED_EDGE('',*,*,#4003,.T.);
#5326=ORIENTED_EDGE('',*,*,#4001,.F.);
#5327=ORIENTED_EDGE('',*,*,#3891,.T.);
#5328=ORIENTED_EDGE('',*,*,#3900,.T.);
#5329=ORIENTED_EDGE('',*,*,#4004,.T.);
#5330=ORIENTED_EDGE('',*,*,#4005,.T.);
#5331=ORIENTED_EDGE('',*,*,#3981,.F.);
#5332=ORIENTED_EDGE('',*,*,#3899,.T.);
#5333=ORIENTED_EDGE('',*,*,#4006,.T.);
#5334=ORIENTED_EDGE('',*,*,#4007,.T.);
#5335=ORIENTED_EDGE('',*,*,#4004,.F.);
#5336=ORIENTED_EDGE('',*,*,#4008,.T.);
#5337=ORIENTED_EDGE('',*,*,#4006,.F.);
#5338=ORIENTED_EDGE('',*,*,#3898,.T.);
#5339=ORIENTED_EDGE('',*,*,#4009,.T.);
#5340=ORIENTED_EDGE('',*,*,#4010,.T.);
#5341=ORIENTED_EDGE('',*,*,#4009,.F.);
#5342=ORIENTED_EDGE('',*,*,#3897,.T.);
#5343=ORIENTED_EDGE('',*,*,#4011,.T.);
#5344=ORIENTED_EDGE('',*,*,#4012,.T.);
#5345=ORIENTED_EDGE('',*,*,#4011,.F.);
#5346=ORIENTED_EDGE('',*,*,#3896,.T.);
#5347=ORIENTED_EDGE('',*,*,#4013,.T.);
#5348=ORIENTED_EDGE('',*,*,#4014,.T.);
#5349=ORIENTED_EDGE('',*,*,#4013,.F.);
#5350=ORIENTED_EDGE('',*,*,#3895,.T.);
#5351=ORIENTED_EDGE('',*,*,#4015,.T.);
#5352=ORIENTED_EDGE('',*,*,#4016,.T.);
#5353=ORIENTED_EDGE('',*,*,#4015,.F.);
#5354=ORIENTED_EDGE('',*,*,#3894,.T.);
#5355=ORIENTED_EDGE('',*,*,#4000,.T.);
#5356=ORIENTED_EDGE('',*,*,#4008,.F.);
#5357=ORIENTED_EDGE('',*,*,#4017,.F.);
#5358=ORIENTED_EDGE('',*,*,#4018,.T.);
#5359=ORIENTED_EDGE('',*,*,#4019,.T.);
#5360=ORIENTED_EDGE('',*,*,#4010,.F.);
#5361=ORIENTED_EDGE('',*,*,#4020,.F.);
#5362=ORIENTED_EDGE('',*,*,#4021,.T.);
#5363=ORIENTED_EDGE('',*,*,#4017,.T.);
#5364=ORIENTED_EDGE('',*,*,#4012,.F.);
#5365=ORIENTED_EDGE('',*,*,#4022,.F.);
#5366=ORIENTED_EDGE('',*,*,#4023,.F.);
#5367=ORIENTED_EDGE('',*,*,#4020,.T.);
#5368=ORIENTED_EDGE('',*,*,#4014,.F.);
#5369=ORIENTED_EDGE('',*,*,#4024,.F.);
#5370=ORIENTED_EDGE('',*,*,#4025,.T.);
#5371=ORIENTED_EDGE('',*,*,#4022,.T.);
#5372=ORIENTED_EDGE('',*,*,#4016,.F.);
#5373=ORIENTED_EDGE('',*,*,#4026,.F.);
#5374=ORIENTED_EDGE('',*,*,#4027,.T.);
#5375=ORIENTED_EDGE('',*,*,#4024,.T.);
#5376=ORIENTED_EDGE('',*,*,#3999,.F.);
#5377=ORIENTED_EDGE('',*,*,#4028,.F.);
#5378=ORIENTED_EDGE('',*,*,#4029,.T.);
#5379=ORIENTED_EDGE('',*,*,#4026,.T.);
#5380=ORIENTED_EDGE('',*,*,#4030,.T.);
#5381=ORIENTED_EDGE('',*,*,#4031,.T.);
#5382=ORIENTED_EDGE('',*,*,#3968,.F.);
#5383=ORIENTED_EDGE('',*,*,#4032,.F.);
#5384=ORIENTED_EDGE('',*,*,#4033,.T.);
#5385=ORIENTED_EDGE('',*,*,#4032,.T.);
#5386=ORIENTED_EDGE('',*,*,#3967,.F.);
#5387=ORIENTED_EDGE('',*,*,#4034,.F.);
#5388=ORIENTED_EDGE('',*,*,#4035,.T.);
#5389=ORIENTED_EDGE('',*,*,#4034,.T.);
#5390=ORIENTED_EDGE('',*,*,#3966,.F.);
#5391=ORIENTED_EDGE('',*,*,#4036,.F.);
#5392=ORIENTED_EDGE('',*,*,#4037,.T.);
#5393=ORIENTED_EDGE('',*,*,#4036,.T.);
#5394=ORIENTED_EDGE('',*,*,#3965,.F.);
#5395=ORIENTED_EDGE('',*,*,#4031,.F.);
#5396=ORIENTED_EDGE('',*,*,#4038,.T.);
#5397=ORIENTED_EDGE('',*,*,#4039,.T.);
#5398=ORIENTED_EDGE('',*,*,#3964,.F.);
#5399=ORIENTED_EDGE('',*,*,#4040,.F.);
#5400=ORIENTED_EDGE('',*,*,#4041,.T.);
#5401=ORIENTED_EDGE('',*,*,#4040,.T.);
#5402=ORIENTED_EDGE('',*,*,#3963,.F.);
#5403=ORIENTED_EDGE('',*,*,#4042,.F.);
#5404=ORIENTED_EDGE('',*,*,#4043,.T.);
#5405=ORIENTED_EDGE('',*,*,#4042,.T.);
#5406=ORIENTED_EDGE('',*,*,#3962,.F.);
#5407=ORIENTED_EDGE('',*,*,#4044,.F.);
#5408=ORIENTED_EDGE('',*,*,#4045,.T.);
#5409=ORIENTED_EDGE('',*,*,#4044,.T.);
#5410=ORIENTED_EDGE('',*,*,#3961,.F.);
#5411=ORIENTED_EDGE('',*,*,#4039,.F.);
#5412=ORIENTED_EDGE('',*,*,#4046,.T.);
#5413=ORIENTED_EDGE('',*,*,#4047,.T.);
#5414=ORIENTED_EDGE('',*,*,#3960,.F.);
#5415=ORIENTED_EDGE('',*,*,#4048,.F.);
#5416=ORIENTED_EDGE('',*,*,#4049,.T.);
#5417=ORIENTED_EDGE('',*,*,#4048,.T.);
#5418=ORIENTED_EDGE('',*,*,#3959,.F.);
#5419=ORIENTED_EDGE('',*,*,#4050,.F.);
#5420=ORIENTED_EDGE('',*,*,#4051,.T.);
#5421=ORIENTED_EDGE('',*,*,#4050,.T.);
#5422=ORIENTED_EDGE('',*,*,#3958,.F.);
#5423=ORIENTED_EDGE('',*,*,#4052,.F.);
#5424=ORIENTED_EDGE('',*,*,#4053,.T.);
#5425=ORIENTED_EDGE('',*,*,#4052,.T.);
#5426=ORIENTED_EDGE('',*,*,#3957,.F.);
#5427=ORIENTED_EDGE('',*,*,#4047,.F.);
#5428=ORIENTED_EDGE('',*,*,#4054,.T.);
#5429=ORIENTED_EDGE('',*,*,#4055,.T.);
#5430=ORIENTED_EDGE('',*,*,#3956,.F.);
#5431=ORIENTED_EDGE('',*,*,#4056,.F.);
#5432=ORIENTED_EDGE('',*,*,#4057,.T.);
#5433=ORIENTED_EDGE('',*,*,#4056,.T.);
#5434=ORIENTED_EDGE('',*,*,#3955,.F.);
#5435=ORIENTED_EDGE('',*,*,#4058,.F.);
#5436=ORIENTED_EDGE('',*,*,#4059,.T.);
#5437=ORIENTED_EDGE('',*,*,#4058,.T.);
#5438=ORIENTED_EDGE('',*,*,#3954,.F.);
#5439=ORIENTED_EDGE('',*,*,#4060,.F.);
#5440=ORIENTED_EDGE('',*,*,#4061,.T.);
#5441=ORIENTED_EDGE('',*,*,#4060,.T.);
#5442=ORIENTED_EDGE('',*,*,#3953,.F.);
#5443=ORIENTED_EDGE('',*,*,#4055,.F.);
#5444=ORIENTED_EDGE('',*,*,#4062,.T.);
#5445=ORIENTED_EDGE('',*,*,#4063,.T.);
#5446=ORIENTED_EDGE('',*,*,#3952,.F.);
#5447=ORIENTED_EDGE('',*,*,#4064,.F.);
#5448=ORIENTED_EDGE('',*,*,#4065,.T.);
#5449=ORIENTED_EDGE('',*,*,#4064,.T.);
#5450=ORIENTED_EDGE('',*,*,#3951,.F.);
#5451=ORIENTED_EDGE('',*,*,#4066,.F.);
#5452=ORIENTED_EDGE('',*,*,#4067,.T.);
#5453=ORIENTED_EDGE('',*,*,#4066,.T.);
#5454=ORIENTED_EDGE('',*,*,#3950,.F.);
#5455=ORIENTED_EDGE('',*,*,#4068,.F.);
#5456=ORIENTED_EDGE('',*,*,#4069,.T.);
#5457=ORIENTED_EDGE('',*,*,#4068,.T.);
#5458=ORIENTED_EDGE('',*,*,#3949,.F.);
#5459=ORIENTED_EDGE('',*,*,#4063,.F.);
#5460=ORIENTED_EDGE('',*,*,#4070,.T.);
#5461=ORIENTED_EDGE('',*,*,#4071,.T.);
#5462=ORIENTED_EDGE('',*,*,#3948,.F.);
#5463=ORIENTED_EDGE('',*,*,#4072,.F.);
#5464=ORIENTED_EDGE('',*,*,#4073,.T.);
#5465=ORIENTED_EDGE('',*,*,#4072,.T.);
#5466=ORIENTED_EDGE('',*,*,#3947,.F.);
#5467=ORIENTED_EDGE('',*,*,#4074,.F.);
#5468=ORIENTED_EDGE('',*,*,#4075,.T.);
#5469=ORIENTED_EDGE('',*,*,#4074,.T.);
#5470=ORIENTED_EDGE('',*,*,#3946,.F.);
#5471=ORIENTED_EDGE('',*,*,#4076,.F.);
#5472=ORIENTED_EDGE('',*,*,#4077,.T.);
#5473=ORIENTED_EDGE('',*,*,#4076,.T.);
#5474=ORIENTED_EDGE('',*,*,#3945,.F.);
#5475=ORIENTED_EDGE('',*,*,#4071,.F.);
#5476=ORIENTED_EDGE('',*,*,#4078,.T.);
#5477=ORIENTED_EDGE('',*,*,#4079,.T.);
#5478=ORIENTED_EDGE('',*,*,#3944,.F.);
#5479=ORIENTED_EDGE('',*,*,#4080,.F.);
#5480=ORIENTED_EDGE('',*,*,#4081,.T.);
#5481=ORIENTED_EDGE('',*,*,#4080,.T.);
#5482=ORIENTED_EDGE('',*,*,#3943,.F.);
#5483=ORIENTED_EDGE('',*,*,#4082,.F.);
#5484=ORIENTED_EDGE('',*,*,#4083,.T.);
#5485=ORIENTED_EDGE('',*,*,#4082,.T.);
#5486=ORIENTED_EDGE('',*,*,#3942,.F.);
#5487=ORIENTED_EDGE('',*,*,#4084,.F.);
#5488=ORIENTED_EDGE('',*,*,#4085,.T.);
#5489=ORIENTED_EDGE('',*,*,#4084,.T.);
#5490=ORIENTED_EDGE('',*,*,#3941,.F.);
#5491=ORIENTED_EDGE('',*,*,#4079,.F.);
#5492=ORIENTED_EDGE('',*,*,#4086,.T.);
#5493=ORIENTED_EDGE('',*,*,#4087,.T.);
#5494=ORIENTED_EDGE('',*,*,#3940,.F.);
#5495=ORIENTED_EDGE('',*,*,#4088,.F.);
#5496=ORIENTED_EDGE('',*,*,#4089,.T.);
#5497=ORIENTED_EDGE('',*,*,#4088,.T.);
#5498=ORIENTED_EDGE('',*,*,#3939,.F.);
#5499=ORIENTED_EDGE('',*,*,#4090,.F.);
#5500=ORIENTED_EDGE('',*,*,#4091,.T.);
#5501=ORIENTED_EDGE('',*,*,#4090,.T.);
#5502=ORIENTED_EDGE('',*,*,#3938,.F.);
#5503=ORIENTED_EDGE('',*,*,#4092,.F.);
#5504=ORIENTED_EDGE('',*,*,#4093,.T.);
#5505=ORIENTED_EDGE('',*,*,#4092,.T.);
#5506=ORIENTED_EDGE('',*,*,#3937,.F.);
#5507=ORIENTED_EDGE('',*,*,#4087,.F.);
#5508=ORIENTED_EDGE('',*,*,#4094,.T.);
#5509=ORIENTED_EDGE('',*,*,#4095,.T.);
#5510=ORIENTED_EDGE('',*,*,#3936,.F.);
#5511=ORIENTED_EDGE('',*,*,#4096,.F.);
#5512=ORIENTED_EDGE('',*,*,#4097,.T.);
#5513=ORIENTED_EDGE('',*,*,#4096,.T.);
#5514=ORIENTED_EDGE('',*,*,#3935,.F.);
#5515=ORIENTED_EDGE('',*,*,#4098,.F.);
#5516=ORIENTED_EDGE('',*,*,#4099,.T.);
#5517=ORIENTED_EDGE('',*,*,#4098,.T.);
#5518=ORIENTED_EDGE('',*,*,#3934,.F.);
#5519=ORIENTED_EDGE('',*,*,#4100,.F.);
#5520=ORIENTED_EDGE('',*,*,#4101,.T.);
#5521=ORIENTED_EDGE('',*,*,#4100,.T.);
#5522=ORIENTED_EDGE('',*,*,#3933,.F.);
#5523=ORIENTED_EDGE('',*,*,#4095,.F.);
#5524=ORIENTED_EDGE('',*,*,#4102,.T.);
#5525=ORIENTED_EDGE('',*,*,#4103,.T.);
#5526=ORIENTED_EDGE('',*,*,#3932,.F.);
#5527=ORIENTED_EDGE('',*,*,#4104,.F.);
#5528=ORIENTED_EDGE('',*,*,#4105,.T.);
#5529=ORIENTED_EDGE('',*,*,#4104,.T.);
#5530=ORIENTED_EDGE('',*,*,#3931,.F.);
#5531=ORIENTED_EDGE('',*,*,#4106,.F.);
#5532=ORIENTED_EDGE('',*,*,#4107,.T.);
#5533=ORIENTED_EDGE('',*,*,#4106,.T.);
#5534=ORIENTED_EDGE('',*,*,#3930,.F.);
#5535=ORIENTED_EDGE('',*,*,#4108,.F.);
#5536=ORIENTED_EDGE('',*,*,#4109,.T.);
#5537=ORIENTED_EDGE('',*,*,#4108,.T.);
#5538=ORIENTED_EDGE('',*,*,#3929,.F.);
#5539=ORIENTED_EDGE('',*,*,#4103,.F.);
#5540=ORIENTED_EDGE('',*,*,#4110,.T.);
#5541=ORIENTED_EDGE('',*,*,#4111,.T.);
#5542=ORIENTED_EDGE('',*,*,#3928,.F.);
#5543=ORIENTED_EDGE('',*,*,#4112,.F.);
#5544=ORIENTED_EDGE('',*,*,#4113,.T.);
#5545=ORIENTED_EDGE('',*,*,#4112,.T.);
#5546=ORIENTED_EDGE('',*,*,#3927,.F.);
#5547=ORIENTED_EDGE('',*,*,#4114,.F.);
#5548=ORIENTED_EDGE('',*,*,#4115,.T.);
#5549=ORIENTED_EDGE('',*,*,#4114,.T.);
#5550=ORIENTED_EDGE('',*,*,#3926,.F.);
#5551=ORIENTED_EDGE('',*,*,#4116,.F.);
#5552=ORIENTED_EDGE('',*,*,#4117,.T.);
#5553=ORIENTED_EDGE('',*,*,#4116,.T.);
#5554=ORIENTED_EDGE('',*,*,#3925,.F.);
#5555=ORIENTED_EDGE('',*,*,#4111,.F.);
#5556=ORIENTED_EDGE('',*,*,#4118,.T.);
#5557=ORIENTED_EDGE('',*,*,#4119,.T.);
#5558=ORIENTED_EDGE('',*,*,#3924,.F.);
#5559=ORIENTED_EDGE('',*,*,#4120,.F.);
#5560=ORIENTED_EDGE('',*,*,#4121,.T.);
#5561=ORIENTED_EDGE('',*,*,#4120,.T.);
#5562=ORIENTED_EDGE('',*,*,#3923,.F.);
#5563=ORIENTED_EDGE('',*,*,#4122,.F.);
#5564=ORIENTED_EDGE('',*,*,#4123,.T.);
#5565=ORIENTED_EDGE('',*,*,#4122,.T.);
#5566=ORIENTED_EDGE('',*,*,#3922,.F.);
#5567=ORIENTED_EDGE('',*,*,#4124,.F.);
#5568=ORIENTED_EDGE('',*,*,#4125,.T.);
#5569=ORIENTED_EDGE('',*,*,#4124,.T.);
#5570=ORIENTED_EDGE('',*,*,#3921,.F.);
#5571=ORIENTED_EDGE('',*,*,#4119,.F.);
#5572=ORIENTED_EDGE('',*,*,#4126,.T.);
#5573=ORIENTED_EDGE('',*,*,#4127,.T.);
#5574=ORIENTED_EDGE('',*,*,#3920,.F.);
#5575=ORIENTED_EDGE('',*,*,#4128,.F.);
#5576=ORIENTED_EDGE('',*,*,#4129,.T.);
#5577=ORIENTED_EDGE('',*,*,#4128,.T.);
#5578=ORIENTED_EDGE('',*,*,#3919,.F.);
#5579=ORIENTED_EDGE('',*,*,#4130,.F.);
#5580=ORIENTED_EDGE('',*,*,#4131,.T.);
#5581=ORIENTED_EDGE('',*,*,#4130,.T.);
#5582=ORIENTED_EDGE('',*,*,#3918,.F.);
#5583=ORIENTED_EDGE('',*,*,#4132,.F.);
#5584=ORIENTED_EDGE('',*,*,#4133,.T.);
#5585=ORIENTED_EDGE('',*,*,#4132,.T.);
#5586=ORIENTED_EDGE('',*,*,#3917,.F.);
#5587=ORIENTED_EDGE('',*,*,#4127,.F.);
#5588=ORIENTED_EDGE('',*,*,#4134,.T.);
#5589=ORIENTED_EDGE('',*,*,#4135,.T.);
#5590=ORIENTED_EDGE('',*,*,#3916,.F.);
#5591=ORIENTED_EDGE('',*,*,#4136,.F.);
#5592=ORIENTED_EDGE('',*,*,#4137,.T.);
#5593=ORIENTED_EDGE('',*,*,#4136,.T.);
#5594=ORIENTED_EDGE('',*,*,#3915,.F.);
#5595=ORIENTED_EDGE('',*,*,#4138,.F.);
#5596=ORIENTED_EDGE('',*,*,#4139,.T.);
#5597=ORIENTED_EDGE('',*,*,#4138,.T.);
#5598=ORIENTED_EDGE('',*,*,#3914,.F.);
#5599=ORIENTED_EDGE('',*,*,#4140,.F.);
#5600=ORIENTED_EDGE('',*,*,#4141,.T.);
#5601=ORIENTED_EDGE('',*,*,#4140,.T.);
#5602=ORIENTED_EDGE('',*,*,#3913,.F.);
#5603=ORIENTED_EDGE('',*,*,#4135,.F.);
#5604=ORIENTED_EDGE('',*,*,#4142,.T.);
#5605=ORIENTED_EDGE('',*,*,#4143,.T.);
#5606=ORIENTED_EDGE('',*,*,#3912,.F.);
#5607=ORIENTED_EDGE('',*,*,#4144,.F.);
#5608=ORIENTED_EDGE('',*,*,#4145,.T.);
#5609=ORIENTED_EDGE('',*,*,#4144,.T.);
#5610=ORIENTED_EDGE('',*,*,#3911,.F.);
#5611=ORIENTED_EDGE('',*,*,#4146,.F.);
#5612=ORIENTED_EDGE('',*,*,#4147,.T.);
#5613=ORIENTED_EDGE('',*,*,#4146,.T.);
#5614=ORIENTED_EDGE('',*,*,#3910,.F.);
#5615=ORIENTED_EDGE('',*,*,#4148,.F.);
#5616=ORIENTED_EDGE('',*,*,#4149,.T.);
#5617=ORIENTED_EDGE('',*,*,#4148,.T.);
#5618=ORIENTED_EDGE('',*,*,#3909,.F.);
#5619=ORIENTED_EDGE('',*,*,#4143,.F.);
#5620=ORIENTED_EDGE('',*,*,#4150,.T.);
#5621=ORIENTED_EDGE('',*,*,#4151,.T.);
#5622=ORIENTED_EDGE('',*,*,#3908,.F.);
#5623=ORIENTED_EDGE('',*,*,#4152,.F.);
#5624=ORIENTED_EDGE('',*,*,#4153,.T.);
#5625=ORIENTED_EDGE('',*,*,#4152,.T.);
#5626=ORIENTED_EDGE('',*,*,#3907,.F.);
#5627=ORIENTED_EDGE('',*,*,#4154,.F.);
#5628=ORIENTED_EDGE('',*,*,#4155,.T.);
#5629=ORIENTED_EDGE('',*,*,#4154,.T.);
#5630=ORIENTED_EDGE('',*,*,#3906,.F.);
#5631=ORIENTED_EDGE('',*,*,#4156,.F.);
#5632=ORIENTED_EDGE('',*,*,#4157,.T.);
#5633=ORIENTED_EDGE('',*,*,#4156,.T.);
#5634=ORIENTED_EDGE('',*,*,#3905,.F.);
#5635=ORIENTED_EDGE('',*,*,#4151,.F.);
#5636=ORIENTED_EDGE('',*,*,#4002,.F.);
#5637=ORIENTED_EDGE('',*,*,#4158,.F.);
#5638=ORIENTED_EDGE('',*,*,#4159,.T.);
#5639=ORIENTED_EDGE('',*,*,#4028,.T.);
#5640=ORIENTED_EDGE('',*,*,#4003,.F.);
#5641=ORIENTED_EDGE('',*,*,#4160,.F.);
#5642=ORIENTED_EDGE('',*,*,#4161,.T.);
#5643=ORIENTED_EDGE('',*,*,#4158,.T.);
#5644=ORIENTED_EDGE('',*,*,#3982,.F.);
#5645=ORIENTED_EDGE('',*,*,#4162,.F.);
#5646=ORIENTED_EDGE('',*,*,#4163,.T.);
#5647=ORIENTED_EDGE('',*,*,#4160,.T.);
#5648=ORIENTED_EDGE('',*,*,#4005,.F.);
#5649=ORIENTED_EDGE('',*,*,#4164,.F.);
#5650=ORIENTED_EDGE('',*,*,#4165,.T.);
#5651=ORIENTED_EDGE('',*,*,#4162,.T.);
#5652=ORIENTED_EDGE('',*,*,#4007,.F.);
#5653=ORIENTED_EDGE('',*,*,#4019,.F.);
#5654=ORIENTED_EDGE('',*,*,#4166,.T.);
#5655=ORIENTED_EDGE('',*,*,#4164,.T.);
#5656=ORIENTED_EDGE('',*,*,#4018,.F.);
#5657=ORIENTED_EDGE('',*,*,#4021,.F.);
#5658=ORIENTED_EDGE('',*,*,#4023,.T.);
#5659=ORIENTED_EDGE('',*,*,#4025,.F.);
#5660=ORIENTED_EDGE('',*,*,#4027,.F.);
#5661=ORIENTED_EDGE('',*,*,#4029,.F.);
#5662=ORIENTED_EDGE('',*,*,#4159,.F.);
#5663=ORIENTED_EDGE('',*,*,#4161,.F.);
#5664=ORIENTED_EDGE('',*,*,#4163,.F.);
#5665=ORIENTED_EDGE('',*,*,#4165,.F.);
#5666=ORIENTED_EDGE('',*,*,#4166,.F.);
#5667=ORIENTED_EDGE('',*,*,#4157,.F.);
#5668=ORIENTED_EDGE('',*,*,#4150,.F.);
#5669=ORIENTED_EDGE('',*,*,#4153,.F.);
#5670=ORIENTED_EDGE('',*,*,#4155,.F.);
#5671=ORIENTED_EDGE('',*,*,#4149,.F.);
#5672=ORIENTED_EDGE('',*,*,#4142,.F.);
#5673=ORIENTED_EDGE('',*,*,#4145,.F.);
#5674=ORIENTED_EDGE('',*,*,#4147,.F.);
#5675=ORIENTED_EDGE('',*,*,#4141,.F.);
#5676=ORIENTED_EDGE('',*,*,#4134,.F.);
#5677=ORIENTED_EDGE('',*,*,#4137,.F.);
#5678=ORIENTED_EDGE('',*,*,#4139,.F.);
#5679=ORIENTED_EDGE('',*,*,#4133,.F.);
#5680=ORIENTED_EDGE('',*,*,#4126,.F.);
#5681=ORIENTED_EDGE('',*,*,#4129,.F.);
#5682=ORIENTED_EDGE('',*,*,#4131,.F.);
#5683=ORIENTED_EDGE('',*,*,#3985,.F.);
#5684=ORIENTED_EDGE('',*,*,#3989,.F.);
#5685=ORIENTED_EDGE('',*,*,#3997,.F.);
#5686=ORIENTED_EDGE('',*,*,#3976,.F.);
#5687=ORIENTED_EDGE('',*,*,#4125,.F.);
#5688=ORIENTED_EDGE('',*,*,#4118,.F.);
#5689=ORIENTED_EDGE('',*,*,#4121,.F.);
#5690=ORIENTED_EDGE('',*,*,#4123,.F.);
#5691=ORIENTED_EDGE('',*,*,#4117,.F.);
#5692=ORIENTED_EDGE('',*,*,#4110,.F.);
#5693=ORIENTED_EDGE('',*,*,#4113,.F.);
#5694=ORIENTED_EDGE('',*,*,#4115,.F.);
#5695=ORIENTED_EDGE('',*,*,#4109,.F.);
#5696=ORIENTED_EDGE('',*,*,#4102,.F.);
#5697=ORIENTED_EDGE('',*,*,#4105,.F.);
#5698=ORIENTED_EDGE('',*,*,#4107,.F.);
#5699=ORIENTED_EDGE('',*,*,#4101,.F.);
#5700=ORIENTED_EDGE('',*,*,#4094,.F.);
#5701=ORIENTED_EDGE('',*,*,#4097,.F.);
#5702=ORIENTED_EDGE('',*,*,#4099,.F.);
#5703=ORIENTED_EDGE('',*,*,#4093,.F.);
#5704=ORIENTED_EDGE('',*,*,#4086,.F.);
#5705=ORIENTED_EDGE('',*,*,#4089,.F.);
#5706=ORIENTED_EDGE('',*,*,#4091,.F.);
#5707=ORIENTED_EDGE('',*,*,#4085,.F.);
#5708=ORIENTED_EDGE('',*,*,#4078,.F.);
#5709=ORIENTED_EDGE('',*,*,#4081,.F.);
#5710=ORIENTED_EDGE('',*,*,#4083,.F.);
#5711=ORIENTED_EDGE('',*,*,#4077,.F.);
#5712=ORIENTED_EDGE('',*,*,#4070,.F.);
#5713=ORIENTED_EDGE('',*,*,#4073,.F.);
#5714=ORIENTED_EDGE('',*,*,#4075,.F.);
#5715=ORIENTED_EDGE('',*,*,#4069,.F.);
#5716=ORIENTED_EDGE('',*,*,#4062,.F.);
#5717=ORIENTED_EDGE('',*,*,#4065,.F.);
#5718=ORIENTED_EDGE('',*,*,#4067,.F.);
#5719=ORIENTED_EDGE('',*,*,#3972,.F.);
#5720=ORIENTED_EDGE('',*,*,#4061,.F.);
#5721=ORIENTED_EDGE('',*,*,#4054,.F.);
#5722=ORIENTED_EDGE('',*,*,#4057,.F.);
#5723=ORIENTED_EDGE('',*,*,#4059,.F.);
#5724=ORIENTED_EDGE('',*,*,#4053,.F.);
#5725=ORIENTED_EDGE('',*,*,#4046,.F.);
#5726=ORIENTED_EDGE('',*,*,#4049,.F.);
#5727=ORIENTED_EDGE('',*,*,#4051,.F.);
#5728=ORIENTED_EDGE('',*,*,#4045,.F.);
#5729=ORIENTED_EDGE('',*,*,#4038,.F.);
#5730=ORIENTED_EDGE('',*,*,#4041,.F.);
#5731=ORIENTED_EDGE('',*,*,#4043,.F.);
#5732=ORIENTED_EDGE('',*,*,#3993,.F.);
#5733=ORIENTED_EDGE('',*,*,#4037,.F.);
#5734=ORIENTED_EDGE('',*,*,#4030,.F.);
#5735=ORIENTED_EDGE('',*,*,#4033,.F.);
#5736=ORIENTED_EDGE('',*,*,#4035,.F.);
#5737=ORIENTED_EDGE('',*,*,#4167,.T.);
#5738=ORIENTED_EDGE('',*,*,#4168,.T.);
#5739=ORIENTED_EDGE('',*,*,#4169,.T.);
#5740=ORIENTED_EDGE('',*,*,#4170,.F.);
#5741=ORIENTED_EDGE('',*,*,#4171,.T.);
#5742=ORIENTED_EDGE('',*,*,#4172,.T.);
#5743=ORIENTED_EDGE('',*,*,#4173,.T.);
#5744=ORIENTED_EDGE('',*,*,#4168,.F.);
#5745=ORIENTED_EDGE('',*,*,#4174,.T.);
#5746=ORIENTED_EDGE('',*,*,#4175,.T.);
#5747=ORIENTED_EDGE('',*,*,#4176,.T.);
#5748=ORIENTED_EDGE('',*,*,#4172,.F.);
#5749=ORIENTED_EDGE('',*,*,#4177,.T.);
#5750=ORIENTED_EDGE('',*,*,#4178,.T.);
#5751=ORIENTED_EDGE('',*,*,#4179,.T.);
#5752=ORIENTED_EDGE('',*,*,#4175,.F.);
#5753=ORIENTED_EDGE('',*,*,#4180,.T.);
#5754=ORIENTED_EDGE('',*,*,#4181,.T.);
#5755=ORIENTED_EDGE('',*,*,#4182,.T.);
#5756=ORIENTED_EDGE('',*,*,#4183,.T.);
#5757=ORIENTED_EDGE('',*,*,#4184,.T.);
#5758=ORIENTED_EDGE('',*,*,#4178,.F.);
#5759=ORIENTED_EDGE('',*,*,#4185,.T.);
#5760=ORIENTED_EDGE('',*,*,#4186,.T.);
#5761=ORIENTED_EDGE('',*,*,#4183,.F.);
#5762=ORIENTED_EDGE('',*,*,#4187,.T.);
#5763=ORIENTED_EDGE('',*,*,#4188,.T.);
#5764=ORIENTED_EDGE('',*,*,#4189,.T.);
#5765=ORIENTED_EDGE('',*,*,#4190,.T.);
#5766=ORIENTED_EDGE('',*,*,#4191,.T.);
#5767=ORIENTED_EDGE('',*,*,#4192,.T.);
#5768=ORIENTED_EDGE('',*,*,#4188,.F.);
#5769=ORIENTED_EDGE('',*,*,#4193,.T.);
#5770=ORIENTED_EDGE('',*,*,#4194,.T.);
#5771=ORIENTED_EDGE('',*,*,#4191,.F.);
#5772=ORIENTED_EDGE('',*,*,#4195,.T.);
#5773=ORIENTED_EDGE('',*,*,#4196,.T.);
#5774=ORIENTED_EDGE('',*,*,#4197,.T.);
#5775=ORIENTED_EDGE('',*,*,#4196,.F.);
#5776=ORIENTED_EDGE('',*,*,#4198,.T.);
#5777=ORIENTED_EDGE('',*,*,#4170,.T.);
#5778=ORIENTED_EDGE('',*,*,#4186,.F.);
#5779=ORIENTED_EDGE('',*,*,#4199,.F.);
#5780=ORIENTED_EDGE('',*,*,#4200,.F.);
#5781=ORIENTED_EDGE('',*,*,#4201,.T.);
#5782=ORIENTED_EDGE('',*,*,#4192,.F.);
#5783=ORIENTED_EDGE('',*,*,#4202,.F.);
#5784=ORIENTED_EDGE('',*,*,#4203,.F.);
#5785=ORIENTED_EDGE('',*,*,#4199,.T.);
#5786=ORIENTED_EDGE('',*,*,#4194,.F.);
#5787=ORIENTED_EDGE('',*,*,#4204,.F.);
#5788=ORIENTED_EDGE('',*,*,#4205,.F.);
#5789=ORIENTED_EDGE('',*,*,#4202,.T.);
#5790=ORIENTED_EDGE('',*,*,#4197,.F.);
#5791=ORIENTED_EDGE('',*,*,#4206,.F.);
#5792=ORIENTED_EDGE('',*,*,#4207,.T.);
#5793=ORIENTED_EDGE('',*,*,#4204,.T.);
#5794=ORIENTED_EDGE('',*,*,#4169,.F.);
#5795=ORIENTED_EDGE('',*,*,#4208,.F.);
#5796=ORIENTED_EDGE('',*,*,#4209,.F.);
#5797=ORIENTED_EDGE('',*,*,#4206,.T.);
#5798=ORIENTED_EDGE('',*,*,#4180,.F.);
#5799=ORIENTED_EDGE('',*,*,#4210,.T.);
#5800=ORIENTED_EDGE('',*,*,#4181,.F.);
#5801=ORIENTED_EDGE('',*,*,#4211,.T.);
#5802=ORIENTED_EDGE('',*,*,#4212,.T.);
#5803=ORIENTED_EDGE('',*,*,#4211,.F.);
#5804=ORIENTED_EDGE('',*,*,#4185,.F.);
#5805=ORIENTED_EDGE('',*,*,#4177,.F.);
#5806=ORIENTED_EDGE('',*,*,#4174,.F.);
#5807=ORIENTED_EDGE('',*,*,#4171,.F.);
#5808=ORIENTED_EDGE('',*,*,#4167,.F.);
#5809=ORIENTED_EDGE('',*,*,#4198,.F.);
#5810=ORIENTED_EDGE('',*,*,#4195,.F.);
#5811=ORIENTED_EDGE('',*,*,#4190,.F.);
#5812=ORIENTED_EDGE('',*,*,#4213,.F.);
#5813=ORIENTED_EDGE('',*,*,#4214,.F.);
#5814=ORIENTED_EDGE('',*,*,#4193,.F.);
#5815=ORIENTED_EDGE('',*,*,#4187,.F.);
#5816=ORIENTED_EDGE('',*,*,#4182,.F.);
#5817=ORIENTED_EDGE('',*,*,#4210,.F.);
#5818=ORIENTED_EDGE('',*,*,#4215,.F.);
#5819=ORIENTED_EDGE('',*,*,#4216,.F.);
#5820=ORIENTED_EDGE('',*,*,#4217,.F.);
#5821=ORIENTED_EDGE('',*,*,#4218,.F.);
#5822=ORIENTED_EDGE('',*,*,#4219,.F.);
#5823=ORIENTED_EDGE('',*,*,#4220,.F.);
#5824=ORIENTED_EDGE('',*,*,#4221,.F.);
#5825=ORIENTED_EDGE('',*,*,#4222,.F.);
#5826=ORIENTED_EDGE('',*,*,#4223,.F.);
#5827=ORIENTED_EDGE('',*,*,#4224,.F.);
#5828=ORIENTED_EDGE('',*,*,#4225,.F.);
#5829=ORIENTED_EDGE('',*,*,#4226,.F.);
#5830=ORIENTED_EDGE('',*,*,#4227,.F.);
#5831=ORIENTED_EDGE('',*,*,#4228,.F.);
#5832=ORIENTED_EDGE('',*,*,#4229,.F.);
#5833=ORIENTED_EDGE('',*,*,#4230,.F.);
#5834=ORIENTED_EDGE('',*,*,#4231,.F.);
#5835=ORIENTED_EDGE('',*,*,#4232,.F.);
#5836=ORIENTED_EDGE('',*,*,#4233,.F.);
#5837=ORIENTED_EDGE('',*,*,#4234,.F.);
#5838=ORIENTED_EDGE('',*,*,#4235,.F.);
#5839=ORIENTED_EDGE('',*,*,#4236,.F.);
#5840=ORIENTED_EDGE('',*,*,#4237,.F.);
#5841=ORIENTED_EDGE('',*,*,#4238,.F.);
#5842=ORIENTED_EDGE('',*,*,#4239,.F.);
#5843=ORIENTED_EDGE('',*,*,#4240,.F.);
#5844=ORIENTED_EDGE('',*,*,#4241,.F.);
#5845=ORIENTED_EDGE('',*,*,#4242,.F.);
#5846=ORIENTED_EDGE('',*,*,#4243,.F.);
#5847=ORIENTED_EDGE('',*,*,#4244,.F.);
#5848=ORIENTED_EDGE('',*,*,#4245,.F.);
#5849=ORIENTED_EDGE('',*,*,#4246,.F.);
#5850=ORIENTED_EDGE('',*,*,#4247,.F.);
#5851=ORIENTED_EDGE('',*,*,#4248,.F.);
#5852=ORIENTED_EDGE('',*,*,#4249,.F.);
#5853=ORIENTED_EDGE('',*,*,#4250,.F.);
#5854=ORIENTED_EDGE('',*,*,#4251,.F.);
#5855=ORIENTED_EDGE('',*,*,#4252,.F.);
#5856=ORIENTED_EDGE('',*,*,#4253,.F.);
#5857=ORIENTED_EDGE('',*,*,#4254,.F.);
#5858=ORIENTED_EDGE('',*,*,#4255,.F.);
#5859=ORIENTED_EDGE('',*,*,#4256,.F.);
#5860=ORIENTED_EDGE('',*,*,#4257,.F.);
#5861=ORIENTED_EDGE('',*,*,#4258,.F.);
#5862=ORIENTED_EDGE('',*,*,#4259,.F.);
#5863=ORIENTED_EDGE('',*,*,#4260,.F.);
#5864=ORIENTED_EDGE('',*,*,#4261,.F.);
#5865=ORIENTED_EDGE('',*,*,#4262,.F.);
#5866=ORIENTED_EDGE('',*,*,#4263,.F.);
#5867=ORIENTED_EDGE('',*,*,#4264,.F.);
#5868=ORIENTED_EDGE('',*,*,#4265,.F.);
#5869=ORIENTED_EDGE('',*,*,#4266,.F.);
#5870=ORIENTED_EDGE('',*,*,#4267,.F.);
#5871=ORIENTED_EDGE('',*,*,#4268,.F.);
#5872=ORIENTED_EDGE('',*,*,#4269,.F.);
#5873=ORIENTED_EDGE('',*,*,#4270,.F.);
#5874=ORIENTED_EDGE('',*,*,#4271,.F.);
#5875=ORIENTED_EDGE('',*,*,#4272,.F.);
#5876=ORIENTED_EDGE('',*,*,#4273,.F.);
#5877=ORIENTED_EDGE('',*,*,#4274,.F.);
#5878=ORIENTED_EDGE('',*,*,#4275,.F.);
#5879=ORIENTED_EDGE('',*,*,#4276,.F.);
#5880=ORIENTED_EDGE('',*,*,#4277,.F.);
#5881=ORIENTED_EDGE('',*,*,#4278,.F.);
#5882=ORIENTED_EDGE('',*,*,#4279,.F.);
#5883=ORIENTED_EDGE('',*,*,#4280,.F.);
#5884=ORIENTED_EDGE('',*,*,#4281,.F.);
#5885=ORIENTED_EDGE('',*,*,#4282,.F.);
#5886=ORIENTED_EDGE('',*,*,#4283,.F.);
#5887=ORIENTED_EDGE('',*,*,#4189,.F.);
#5888=ORIENTED_EDGE('',*,*,#4214,.T.);
#5889=ORIENTED_EDGE('',*,*,#4284,.T.);
#5890=ORIENTED_EDGE('',*,*,#4285,.T.);
#5891=ORIENTED_EDGE('',*,*,#4284,.F.);
#5892=ORIENTED_EDGE('',*,*,#4213,.T.);
#5893=ORIENTED_EDGE('',*,*,#4215,.T.);
#5894=ORIENTED_EDGE('',*,*,#4286,.T.);
#5895=ORIENTED_EDGE('',*,*,#4287,.T.);
#5896=ORIENTED_EDGE('',*,*,#4288,.F.);
#5897=ORIENTED_EDGE('',*,*,#4218,.T.);
#5898=ORIENTED_EDGE('',*,*,#4289,.T.);
#5899=ORIENTED_EDGE('',*,*,#4290,.T.);
#5900=ORIENTED_EDGE('',*,*,#4286,.F.);
#5901=ORIENTED_EDGE('',*,*,#4217,.T.);
#5902=ORIENTED_EDGE('',*,*,#4291,.T.);
#5903=ORIENTED_EDGE('',*,*,#4292,.T.);
#5904=ORIENTED_EDGE('',*,*,#4289,.F.);
#5905=ORIENTED_EDGE('',*,*,#4293,.T.);
#5906=ORIENTED_EDGE('',*,*,#4291,.F.);
#5907=ORIENTED_EDGE('',*,*,#4216,.T.);
#5908=ORIENTED_EDGE('',*,*,#4288,.T.);
#5909=ORIENTED_EDGE('',*,*,#4293,.F.);
#5910=ORIENTED_EDGE('',*,*,#4294,.F.);
#5911=ORIENTED_EDGE('',*,*,#4295,.T.);
#5912=ORIENTED_EDGE('',*,*,#4296,.T.);
#5913=ORIENTED_EDGE('',*,*,#4287,.F.);
#5914=ORIENTED_EDGE('',*,*,#4297,.F.);
#5915=ORIENTED_EDGE('',*,*,#4298,.T.);
#5916=ORIENTED_EDGE('',*,*,#4294,.T.);
#5917=ORIENTED_EDGE('',*,*,#4280,.T.);
#5918=ORIENTED_EDGE('',*,*,#4299,.T.);
#5919=ORIENTED_EDGE('',*,*,#4300,.T.);
#5920=ORIENTED_EDGE('',*,*,#4301,.F.);
#5921=ORIENTED_EDGE('',*,*,#4283,.T.);
#5922=ORIENTED_EDGE('',*,*,#4302,.T.);
#5923=ORIENTED_EDGE('',*,*,#4303,.T.);
#5924=ORIENTED_EDGE('',*,*,#4299,.F.);
#5925=ORIENTED_EDGE('',*,*,#4282,.T.);
#5926=ORIENTED_EDGE('',*,*,#4304,.T.);
#5927=ORIENTED_EDGE('',*,*,#4305,.T.);
#5928=ORIENTED_EDGE('',*,*,#4302,.F.);
#5929=ORIENTED_EDGE('',*,*,#4306,.T.);
#5930=ORIENTED_EDGE('',*,*,#4304,.F.);
#5931=ORIENTED_EDGE('',*,*,#4281,.T.);
#5932=ORIENTED_EDGE('',*,*,#4301,.T.);
#5933=ORIENTED_EDGE('',*,*,#4306,.F.);
#5934=ORIENTED_EDGE('',*,*,#4307,.F.);
#5935=ORIENTED_EDGE('',*,*,#4308,.T.);
#5936=ORIENTED_EDGE('',*,*,#4309,.T.);
#5937=ORIENTED_EDGE('',*,*,#4300,.F.);
#5938=ORIENTED_EDGE('',*,*,#4310,.F.);
#5939=ORIENTED_EDGE('',*,*,#4311,.T.);
#5940=ORIENTED_EDGE('',*,*,#4307,.T.);
#5941=ORIENTED_EDGE('',*,*,#4219,.T.);
#5942=ORIENTED_EDGE('',*,*,#4312,.T.);
#5943=ORIENTED_EDGE('',*,*,#4313,.T.);
#5944=ORIENTED_EDGE('',*,*,#4314,.F.);
#5945=ORIENTED_EDGE('',*,*,#4222,.T.);
#5946=ORIENTED_EDGE('',*,*,#4315,.T.);
#5947=ORIENTED_EDGE('',*,*,#4316,.T.);
#5948=ORIENTED_EDGE('',*,*,#4312,.F.);
#5949=ORIENTED_EDGE('',*,*,#4221,.T.);
#5950=ORIENTED_EDGE('',*,*,#4317,.T.);
#5951=ORIENTED_EDGE('',*,*,#4318,.T.);
#5952=ORIENTED_EDGE('',*,*,#4315,.F.);
#5953=ORIENTED_EDGE('',*,*,#4319,.T.);
#5954=ORIENTED_EDGE('',*,*,#4317,.F.);
#5955=ORIENTED_EDGE('',*,*,#4220,.T.);
#5956=ORIENTED_EDGE('',*,*,#4314,.T.);
#5957=ORIENTED_EDGE('',*,*,#4319,.F.);
#5958=ORIENTED_EDGE('',*,*,#4320,.F.);
#5959=ORIENTED_EDGE('',*,*,#4321,.T.);
#5960=ORIENTED_EDGE('',*,*,#4322,.T.);
#5961=ORIENTED_EDGE('',*,*,#4313,.F.);
#5962=ORIENTED_EDGE('',*,*,#4323,.F.);
#5963=ORIENTED_EDGE('',*,*,#4324,.T.);
#5964=ORIENTED_EDGE('',*,*,#4320,.T.);
#5965=ORIENTED_EDGE('',*,*,#4276,.T.);
#5966=ORIENTED_EDGE('',*,*,#4325,.T.);
#5967=ORIENTED_EDGE('',*,*,#4326,.T.);
#5968=ORIENTED_EDGE('',*,*,#4327,.F.);
#5969=ORIENTED_EDGE('',*,*,#4279,.T.);
#5970=ORIENTED_EDGE('',*,*,#4328,.T.);
#5971=ORIENTED_EDGE('',*,*,#4329,.T.);
#5972=ORIENTED_EDGE('',*,*,#4325,.F.);
#5973=ORIENTED_EDGE('',*,*,#4278,.T.);
#5974=ORIENTED_EDGE('',*,*,#4330,.T.);
#5975=ORIENTED_EDGE('',*,*,#4331,.T.);
#5976=ORIENTED_EDGE('',*,*,#4328,.F.);
#5977=ORIENTED_EDGE('',*,*,#4332,.T.);
#5978=ORIENTED_EDGE('',*,*,#4330,.F.);
#5979=ORIENTED_EDGE('',*,*,#4277,.T.);
#5980=ORIENTED_EDGE('',*,*,#4327,.T.);
#5981=ORIENTED_EDGE('',*,*,#4332,.F.);
#5982=ORIENTED_EDGE('',*,*,#4333,.F.);
#5983=ORIENTED_EDGE('',*,*,#4334,.T.);
#5984=ORIENTED_EDGE('',*,*,#4335,.T.);
#5985=ORIENTED_EDGE('',*,*,#4326,.F.);
#5986=ORIENTED_EDGE('',*,*,#4336,.F.);
#5987=ORIENTED_EDGE('',*,*,#4337,.T.);
#5988=ORIENTED_EDGE('',*,*,#4333,.T.);
#5989=ORIENTED_EDGE('',*,*,#4223,.T.);
#5990=ORIENTED_EDGE('',*,*,#4338,.T.);
#5991=ORIENTED_EDGE('',*,*,#4339,.T.);
#5992=ORIENTED_EDGE('',*,*,#4340,.F.);
#5993=ORIENTED_EDGE('',*,*,#4226,.T.);
#5994=ORIENTED_EDGE('',*,*,#4341,.T.);
#5995=ORIENTED_EDGE('',*,*,#4342,.T.);
#5996=ORIENTED_EDGE('',*,*,#4338,.F.);
#5997=ORIENTED_EDGE('',*,*,#4225,.T.);
#5998=ORIENTED_EDGE('',*,*,#4343,.T.);
#5999=ORIENTED_EDGE('',*,*,#4344,.T.);
#6000=ORIENTED_EDGE('',*,*,#4341,.F.);
#6001=ORIENTED_EDGE('',*,*,#4345,.T.);
#6002=ORIENTED_EDGE('',*,*,#4343,.F.);
#6003=ORIENTED_EDGE('',*,*,#4224,.T.);
#6004=ORIENTED_EDGE('',*,*,#4340,.T.);
#6005=ORIENTED_EDGE('',*,*,#4345,.F.);
#6006=ORIENTED_EDGE('',*,*,#4346,.F.);
#6007=ORIENTED_EDGE('',*,*,#4347,.T.);
#6008=ORIENTED_EDGE('',*,*,#4348,.T.);
#6009=ORIENTED_EDGE('',*,*,#4339,.F.);
#6010=ORIENTED_EDGE('',*,*,#4349,.F.);
#6011=ORIENTED_EDGE('',*,*,#4350,.T.);
#6012=ORIENTED_EDGE('',*,*,#4346,.T.);
#6013=ORIENTED_EDGE('',*,*,#4272,.T.);
#6014=ORIENTED_EDGE('',*,*,#4351,.T.);
#6015=ORIENTED_EDGE('',*,*,#4352,.T.);
#6016=ORIENTED_EDGE('',*,*,#4353,.F.);
#6017=ORIENTED_EDGE('',*,*,#4275,.T.);
#6018=ORIENTED_EDGE('',*,*,#4354,.T.);
#6019=ORIENTED_EDGE('',*,*,#4355,.T.);
#6020=ORIENTED_EDGE('',*,*,#4351,.F.);
#6021=ORIENTED_EDGE('',*,*,#4274,.T.);
#6022=ORIENTED_EDGE('',*,*,#4356,.T.);
#6023=ORIENTED_EDGE('',*,*,#4357,.T.);
#6024=ORIENTED_EDGE('',*,*,#4354,.F.);
#6025=ORIENTED_EDGE('',*,*,#4358,.T.);
#6026=ORIENTED_EDGE('',*,*,#4356,.F.);
#6027=ORIENTED_EDGE('',*,*,#4273,.T.);
#6028=ORIENTED_EDGE('',*,*,#4353,.T.);
#6029=ORIENTED_EDGE('',*,*,#4358,.F.);
#6030=ORIENTED_EDGE('',*,*,#4359,.F.);
#6031=ORIENTED_EDGE('',*,*,#4360,.T.);
#6032=ORIENTED_EDGE('',*,*,#4361,.T.);
#6033=ORIENTED_EDGE('',*,*,#4352,.F.);
#6034=ORIENTED_EDGE('',*,*,#4362,.F.);
#6035=ORIENTED_EDGE('',*,*,#4363,.T.);
#6036=ORIENTED_EDGE('',*,*,#4359,.T.);
#6037=ORIENTED_EDGE('',*,*,#4227,.T.);
#6038=ORIENTED_EDGE('',*,*,#4364,.T.);
#6039=ORIENTED_EDGE('',*,*,#4365,.T.);
#6040=ORIENTED_EDGE('',*,*,#4364,.F.);
#6041=ORIENTED_EDGE('',*,*,#4365,.F.);
#6042=ORIENTED_EDGE('',*,*,#4366,.T.);
#6043=ORIENTED_EDGE('',*,*,#4367,.T.);
#6044=ORIENTED_EDGE('',*,*,#4366,.F.);
#6045=ORIENTED_EDGE('',*,*,#4268,.T.);
#6046=ORIENTED_EDGE('',*,*,#4368,.T.);
#6047=ORIENTED_EDGE('',*,*,#4369,.T.);
#6048=ORIENTED_EDGE('',*,*,#4370,.F.);
#6049=ORIENTED_EDGE('',*,*,#4271,.T.);
#6050=ORIENTED_EDGE('',*,*,#4371,.T.);
#6051=ORIENTED_EDGE('',*,*,#4372,.T.);
#6052=ORIENTED_EDGE('',*,*,#4368,.F.);
#6053=ORIENTED_EDGE('',*,*,#4270,.T.);
#6054=ORIENTED_EDGE('',*,*,#4373,.T.);
#6055=ORIENTED_EDGE('',*,*,#4374,.T.);
#6056=ORIENTED_EDGE('',*,*,#4371,.F.);
#6057=ORIENTED_EDGE('',*,*,#4375,.T.);
#6058=ORIENTED_EDGE('',*,*,#4373,.F.);
#6059=ORIENTED_EDGE('',*,*,#4269,.T.);
#6060=ORIENTED_EDGE('',*,*,#4370,.T.);
#6061=ORIENTED_EDGE('',*,*,#4375,.F.);
#6062=ORIENTED_EDGE('',*,*,#4376,.F.);
#6063=ORIENTED_EDGE('',*,*,#4377,.T.);
#6064=ORIENTED_EDGE('',*,*,#4378,.T.);
#6065=ORIENTED_EDGE('',*,*,#4369,.F.);
#6066=ORIENTED_EDGE('',*,*,#4379,.F.);
#6067=ORIENTED_EDGE('',*,*,#4380,.T.);
#6068=ORIENTED_EDGE('',*,*,#4376,.T.);
#6069=ORIENTED_EDGE('',*,*,#4228,.T.);
#6070=ORIENTED_EDGE('',*,*,#4381,.T.);
#6071=ORIENTED_EDGE('',*,*,#4382,.T.);
#6072=ORIENTED_EDGE('',*,*,#4383,.F.);
#6073=ORIENTED_EDGE('',*,*,#4231,.T.);
#6074=ORIENTED_EDGE('',*,*,#4384,.T.);
#6075=ORIENTED_EDGE('',*,*,#4385,.T.);
#6076=ORIENTED_EDGE('',*,*,#4381,.F.);
#6077=ORIENTED_EDGE('',*,*,#4230,.T.);
#6078=ORIENTED_EDGE('',*,*,#4386,.T.);
#6079=ORIENTED_EDGE('',*,*,#4387,.T.);
#6080=ORIENTED_EDGE('',*,*,#4384,.F.);
#6081=ORIENTED_EDGE('',*,*,#4388,.T.);
#6082=ORIENTED_EDGE('',*,*,#4386,.F.);
#6083=ORIENTED_EDGE('',*,*,#4229,.T.);
#6084=ORIENTED_EDGE('',*,*,#4383,.T.);
#6085=ORIENTED_EDGE('',*,*,#4388,.F.);
#6086=ORIENTED_EDGE('',*,*,#4389,.F.);
#6087=ORIENTED_EDGE('',*,*,#4390,.T.);
#6088=ORIENTED_EDGE('',*,*,#4391,.T.);
#6089=ORIENTED_EDGE('',*,*,#4382,.F.);
#6090=ORIENTED_EDGE('',*,*,#4392,.F.);
#6091=ORIENTED_EDGE('',*,*,#4393,.T.);
#6092=ORIENTED_EDGE('',*,*,#4389,.T.);
#6093=ORIENTED_EDGE('',*,*,#4267,.T.);
#6094=ORIENTED_EDGE('',*,*,#4394,.T.);
#6095=ORIENTED_EDGE('',*,*,#4395,.T.);
#6096=ORIENTED_EDGE('',*,*,#4394,.F.);
#6097=ORIENTED_EDGE('',*,*,#4395,.F.);
#6098=ORIENTED_EDGE('',*,*,#4396,.T.);
#6099=ORIENTED_EDGE('',*,*,#4397,.T.);
#6100=ORIENTED_EDGE('',*,*,#4396,.F.);
#6101=ORIENTED_EDGE('',*,*,#4212,.F.);
#6102=ORIENTED_EDGE('',*,*,#4398,.T.);
#6103=ORIENTED_EDGE('',*,*,#4399,.T.);
#6104=ORIENTED_EDGE('',*,*,#4398,.F.);
#6105=ORIENTED_EDGE('',*,*,#4263,.T.);
#6106=ORIENTED_EDGE('',*,*,#4400,.T.);
#6107=ORIENTED_EDGE('',*,*,#4401,.T.);
#6108=ORIENTED_EDGE('',*,*,#4402,.F.);
#6109=ORIENTED_EDGE('',*,*,#4266,.T.);
#6110=ORIENTED_EDGE('',*,*,#4403,.T.);
#6111=ORIENTED_EDGE('',*,*,#4404,.T.);
#6112=ORIENTED_EDGE('',*,*,#4400,.F.);
#6113=ORIENTED_EDGE('',*,*,#4265,.T.);
#6114=ORIENTED_EDGE('',*,*,#4405,.T.);
#6115=ORIENTED_EDGE('',*,*,#4406,.T.);
#6116=ORIENTED_EDGE('',*,*,#4403,.F.);
#6117=ORIENTED_EDGE('',*,*,#4407,.T.);
#6118=ORIENTED_EDGE('',*,*,#4405,.F.);
#6119=ORIENTED_EDGE('',*,*,#4264,.T.);
#6120=ORIENTED_EDGE('',*,*,#4402,.T.);
#6121=ORIENTED_EDGE('',*,*,#4407,.F.);
#6122=ORIENTED_EDGE('',*,*,#4408,.F.);
#6123=ORIENTED_EDGE('',*,*,#4409,.T.);
#6124=ORIENTED_EDGE('',*,*,#4410,.T.);
#6125=ORIENTED_EDGE('',*,*,#4401,.F.);
#6126=ORIENTED_EDGE('',*,*,#4411,.F.);
#6127=ORIENTED_EDGE('',*,*,#4412,.T.);
#6128=ORIENTED_EDGE('',*,*,#4408,.T.);
#6129=ORIENTED_EDGE('',*,*,#4232,.T.);
#6130=ORIENTED_EDGE('',*,*,#4413,.T.);
#6131=ORIENTED_EDGE('',*,*,#4414,.T.);
#6132=ORIENTED_EDGE('',*,*,#4413,.F.);
#6133=ORIENTED_EDGE('',*,*,#4414,.F.);
#6134=ORIENTED_EDGE('',*,*,#4415,.T.);
#6135=ORIENTED_EDGE('',*,*,#4416,.T.);
#6136=ORIENTED_EDGE('',*,*,#4415,.F.);
#6137=ORIENTED_EDGE('',*,*,#4259,.T.);
#6138=ORIENTED_EDGE('',*,*,#4417,.T.);
#6139=ORIENTED_EDGE('',*,*,#4418,.T.);
#6140=ORIENTED_EDGE('',*,*,#4419,.F.);
#6141=ORIENTED_EDGE('',*,*,#4262,.T.);
#6142=ORIENTED_EDGE('',*,*,#4420,.T.);
#6143=ORIENTED_EDGE('',*,*,#4421,.T.);
#6144=ORIENTED_EDGE('',*,*,#4417,.F.);
#6145=ORIENTED_EDGE('',*,*,#4261,.T.);
#6146=ORIENTED_EDGE('',*,*,#4422,.T.);
#6147=ORIENTED_EDGE('',*,*,#4423,.T.);
#6148=ORIENTED_EDGE('',*,*,#4420,.F.);
#6149=ORIENTED_EDGE('',*,*,#4424,.T.);
#6150=ORIENTED_EDGE('',*,*,#4422,.F.);
#6151=ORIENTED_EDGE('',*,*,#4260,.T.);
#6152=ORIENTED_EDGE('',*,*,#4419,.T.);
#6153=ORIENTED_EDGE('',*,*,#4424,.F.);
#6154=ORIENTED_EDGE('',*,*,#4425,.F.);
#6155=ORIENTED_EDGE('',*,*,#4426,.T.);
#6156=ORIENTED_EDGE('',*,*,#4427,.T.);
#6157=ORIENTED_EDGE('',*,*,#4418,.F.);
#6158=ORIENTED_EDGE('',*,*,#4428,.F.);
#6159=ORIENTED_EDGE('',*,*,#4429,.T.);
#6160=ORIENTED_EDGE('',*,*,#4425,.T.);
#6161=ORIENTED_EDGE('',*,*,#4233,.T.);
#6162=ORIENTED_EDGE('',*,*,#4430,.T.);
#6163=ORIENTED_EDGE('',*,*,#4431,.T.);
#6164=ORIENTED_EDGE('',*,*,#4432,.F.);
#6165=ORIENTED_EDGE('',*,*,#4236,.T.);
#6166=ORIENTED_EDGE('',*,*,#4433,.T.);
#6167=ORIENTED_EDGE('',*,*,#4434,.T.);
#6168=ORIENTED_EDGE('',*,*,#4430,.F.);
#6169=ORIENTED_EDGE('',*,*,#4235,.T.);
#6170=ORIENTED_EDGE('',*,*,#4435,.T.);
#6171=ORIENTED_EDGE('',*,*,#4436,.T.);
#6172=ORIENTED_EDGE('',*,*,#4433,.F.);
#6173=ORIENTED_EDGE('',*,*,#4437,.T.);
#6174=ORIENTED_EDGE('',*,*,#4435,.F.);
#6175=ORIENTED_EDGE('',*,*,#4234,.T.);
#6176=ORIENTED_EDGE('',*,*,#4432,.T.);
#6177=ORIENTED_EDGE('',*,*,#4437,.F.);
#6178=ORIENTED_EDGE('',*,*,#4438,.F.);
#6179=ORIENTED_EDGE('',*,*,#4439,.T.);
#6180=ORIENTED_EDGE('',*,*,#4440,.T.);
#6181=ORIENTED_EDGE('',*,*,#4431,.F.);
#6182=ORIENTED_EDGE('',*,*,#4441,.F.);
#6183=ORIENTED_EDGE('',*,*,#4442,.T.);
#6184=ORIENTED_EDGE('',*,*,#4438,.T.);
#6185=ORIENTED_EDGE('',*,*,#4255,.T.);
#6186=ORIENTED_EDGE('',*,*,#4443,.T.);
#6187=ORIENTED_EDGE('',*,*,#4444,.T.);
#6188=ORIENTED_EDGE('',*,*,#4445,.F.);
#6189=ORIENTED_EDGE('',*,*,#4258,.T.);
#6190=ORIENTED_EDGE('',*,*,#4446,.T.);
#6191=ORIENTED_EDGE('',*,*,#4447,.T.);
#6192=ORIENTED_EDGE('',*,*,#4443,.F.);
#6193=ORIENTED_EDGE('',*,*,#4257,.T.);
#6194=ORIENTED_EDGE('',*,*,#4448,.T.);
#6195=ORIENTED_EDGE('',*,*,#4449,.T.);
#6196=ORIENTED_EDGE('',*,*,#4446,.F.);
#6197=ORIENTED_EDGE('',*,*,#4450,.T.);
#6198=ORIENTED_EDGE('',*,*,#4448,.F.);
#6199=ORIENTED_EDGE('',*,*,#4256,.T.);
#6200=ORIENTED_EDGE('',*,*,#4445,.T.);
#6201=ORIENTED_EDGE('',*,*,#4450,.F.);
#6202=ORIENTED_EDGE('',*,*,#4451,.F.);
#6203=ORIENTED_EDGE('',*,*,#4452,.T.);
#6204=ORIENTED_EDGE('',*,*,#4453,.T.);
#6205=ORIENTED_EDGE('',*,*,#4444,.F.);
#6206=ORIENTED_EDGE('',*,*,#4454,.F.);
#6207=ORIENTED_EDGE('',*,*,#4455,.T.);
#6208=ORIENTED_EDGE('',*,*,#4451,.T.);
#6209=ORIENTED_EDGE('',*,*,#4237,.T.);
#6210=ORIENTED_EDGE('',*,*,#4456,.T.);
#6211=ORIENTED_EDGE('',*,*,#4457,.T.);
#6212=ORIENTED_EDGE('',*,*,#4458,.F.);
#6213=ORIENTED_EDGE('',*,*,#4240,.T.);
#6214=ORIENTED_EDGE('',*,*,#4459,.T.);
#6215=ORIENTED_EDGE('',*,*,#4460,.T.);
#6216=ORIENTED_EDGE('',*,*,#4456,.F.);
#6217=ORIENTED_EDGE('',*,*,#4239,.T.);
#6218=ORIENTED_EDGE('',*,*,#4461,.T.);
#6219=ORIENTED_EDGE('',*,*,#4462,.T.);
#6220=ORIENTED_EDGE('',*,*,#4459,.F.);
#6221=ORIENTED_EDGE('',*,*,#4463,.T.);
#6222=ORIENTED_EDGE('',*,*,#4461,.F.);
#6223=ORIENTED_EDGE('',*,*,#4238,.T.);
#6224=ORIENTED_EDGE('',*,*,#4458,.T.);
#6225=ORIENTED_EDGE('',*,*,#4463,.F.);
#6226=ORIENTED_EDGE('',*,*,#4464,.F.);
#6227=ORIENTED_EDGE('',*,*,#4465,.T.);
#6228=ORIENTED_EDGE('',*,*,#4466,.T.);
#6229=ORIENTED_EDGE('',*,*,#4457,.F.);
#6230=ORIENTED_EDGE('',*,*,#4467,.F.);
#6231=ORIENTED_EDGE('',*,*,#4468,.T.);
#6232=ORIENTED_EDGE('',*,*,#4464,.T.);
#6233=ORIENTED_EDGE('',*,*,#4285,.F.);
#6234=ORIENTED_EDGE('',*,*,#4469,.T.);
#6235=ORIENTED_EDGE('',*,*,#4470,.T.);
#6236=ORIENTED_EDGE('',*,*,#4469,.F.);
#6237=ORIENTED_EDGE('',*,*,#4241,.T.);
#6238=ORIENTED_EDGE('',*,*,#4471,.T.);
#6239=ORIENTED_EDGE('',*,*,#4472,.T.);
#6240=ORIENTED_EDGE('',*,*,#4473,.F.);
#6241=ORIENTED_EDGE('',*,*,#4244,.T.);
#6242=ORIENTED_EDGE('',*,*,#4474,.T.);
#6243=ORIENTED_EDGE('',*,*,#4475,.T.);
#6244=ORIENTED_EDGE('',*,*,#4471,.F.);
#6245=ORIENTED_EDGE('',*,*,#4243,.T.);
#6246=ORIENTED_EDGE('',*,*,#4476,.T.);
#6247=ORIENTED_EDGE('',*,*,#4477,.T.);
#6248=ORIENTED_EDGE('',*,*,#4474,.F.);
#6249=ORIENTED_EDGE('',*,*,#4478,.T.);
#6250=ORIENTED_EDGE('',*,*,#4476,.F.);
#6251=ORIENTED_EDGE('',*,*,#4242,.T.);
#6252=ORIENTED_EDGE('',*,*,#4473,.T.);
#6253=ORIENTED_EDGE('',*,*,#4478,.F.);
#6254=ORIENTED_EDGE('',*,*,#4479,.F.);
#6255=ORIENTED_EDGE('',*,*,#4480,.T.);
#6256=ORIENTED_EDGE('',*,*,#4481,.T.);
#6257=ORIENTED_EDGE('',*,*,#4472,.F.);
#6258=ORIENTED_EDGE('',*,*,#4482,.F.);
#6259=ORIENTED_EDGE('',*,*,#4483,.T.);
#6260=ORIENTED_EDGE('',*,*,#4479,.T.);
#6261=ORIENTED_EDGE('',*,*,#4254,.T.);
#6262=ORIENTED_EDGE('',*,*,#4484,.T.);
#6263=ORIENTED_EDGE('',*,*,#4485,.T.);
#6264=ORIENTED_EDGE('',*,*,#4484,.F.);
#6265=ORIENTED_EDGE('',*,*,#4485,.F.);
#6266=ORIENTED_EDGE('',*,*,#4486,.T.);
#6267=ORIENTED_EDGE('',*,*,#4487,.T.);
#6268=ORIENTED_EDGE('',*,*,#4486,.F.);
#6269=ORIENTED_EDGE('',*,*,#4245,.T.);
#6270=ORIENTED_EDGE('',*,*,#4488,.T.);
#6271=ORIENTED_EDGE('',*,*,#4489,.T.);
#6272=ORIENTED_EDGE('',*,*,#4490,.F.);
#6273=ORIENTED_EDGE('',*,*,#4248,.T.);
#6274=ORIENTED_EDGE('',*,*,#4491,.T.);
#6275=ORIENTED_EDGE('',*,*,#4492,.T.);
#6276=ORIENTED_EDGE('',*,*,#4488,.F.);
#6277=ORIENTED_EDGE('',*,*,#4247,.T.);
#6278=ORIENTED_EDGE('',*,*,#4493,.T.);
#6279=ORIENTED_EDGE('',*,*,#4494,.T.);
#6280=ORIENTED_EDGE('',*,*,#4491,.F.);
#6281=ORIENTED_EDGE('',*,*,#4495,.T.);
#6282=ORIENTED_EDGE('',*,*,#4493,.F.);
#6283=ORIENTED_EDGE('',*,*,#4246,.T.);
#6284=ORIENTED_EDGE('',*,*,#4490,.T.);
#6285=ORIENTED_EDGE('',*,*,#4495,.F.);
#6286=ORIENTED_EDGE('',*,*,#4496,.F.);
#6287=ORIENTED_EDGE('',*,*,#4497,.T.);
#6288=ORIENTED_EDGE('',*,*,#4498,.T.);
#6289=ORIENTED_EDGE('',*,*,#4489,.F.);
#6290=ORIENTED_EDGE('',*,*,#4499,.F.);
#6291=ORIENTED_EDGE('',*,*,#4500,.T.);
#6292=ORIENTED_EDGE('',*,*,#4496,.T.);
#6293=ORIENTED_EDGE('',*,*,#4253,.T.);
#6294=ORIENTED_EDGE('',*,*,#4501,.T.);
#6295=ORIENTED_EDGE('',*,*,#4502,.T.);
#6296=ORIENTED_EDGE('',*,*,#4501,.F.);
#6297=ORIENTED_EDGE('',*,*,#4502,.F.);
#6298=ORIENTED_EDGE('',*,*,#4503,.T.);
#6299=ORIENTED_EDGE('',*,*,#4504,.T.);
#6300=ORIENTED_EDGE('',*,*,#4503,.F.);
#6301=ORIENTED_EDGE('',*,*,#4249,.T.);
#6302=ORIENTED_EDGE('',*,*,#4505,.T.);
#6303=ORIENTED_EDGE('',*,*,#4506,.T.);
#6304=ORIENTED_EDGE('',*,*,#4507,.F.);
#6305=ORIENTED_EDGE('',*,*,#4252,.T.);
#6306=ORIENTED_EDGE('',*,*,#4508,.T.);
#6307=ORIENTED_EDGE('',*,*,#4509,.T.);
#6308=ORIENTED_EDGE('',*,*,#4505,.F.);
#6309=ORIENTED_EDGE('',*,*,#4251,.T.);
#6310=ORIENTED_EDGE('',*,*,#4510,.T.);
#6311=ORIENTED_EDGE('',*,*,#4511,.T.);
#6312=ORIENTED_EDGE('',*,*,#4508,.F.);
#6313=ORIENTED_EDGE('',*,*,#4512,.T.);
#6314=ORIENTED_EDGE('',*,*,#4510,.F.);
#6315=ORIENTED_EDGE('',*,*,#4250,.T.);
#6316=ORIENTED_EDGE('',*,*,#4507,.T.);
#6317=ORIENTED_EDGE('',*,*,#4512,.F.);
#6318=ORIENTED_EDGE('',*,*,#4513,.F.);
#6319=ORIENTED_EDGE('',*,*,#4514,.T.);
#6320=ORIENTED_EDGE('',*,*,#4515,.T.);
#6321=ORIENTED_EDGE('',*,*,#4506,.F.);
#6322=ORIENTED_EDGE('',*,*,#4516,.F.);
#6323=ORIENTED_EDGE('',*,*,#4517,.T.);
#6324=ORIENTED_EDGE('',*,*,#4513,.T.);
#6325=ORIENTED_EDGE('',*,*,#4290,.F.);
#6326=ORIENTED_EDGE('',*,*,#4518,.F.);
#6327=ORIENTED_EDGE('',*,*,#4519,.T.);
#6328=ORIENTED_EDGE('',*,*,#4297,.T.);
#6329=ORIENTED_EDGE('',*,*,#4292,.F.);
#6330=ORIENTED_EDGE('',*,*,#4296,.F.);
#6331=ORIENTED_EDGE('',*,*,#4520,.T.);
#6332=ORIENTED_EDGE('',*,*,#4518,.T.);
#6333=ORIENTED_EDGE('',*,*,#4303,.F.);
#6334=ORIENTED_EDGE('',*,*,#4521,.F.);
#6335=ORIENTED_EDGE('',*,*,#4522,.T.);
#6336=ORIENTED_EDGE('',*,*,#4310,.T.);
#6337=ORIENTED_EDGE('',*,*,#4305,.F.);
#6338=ORIENTED_EDGE('',*,*,#4309,.F.);
#6339=ORIENTED_EDGE('',*,*,#4523,.T.);
#6340=ORIENTED_EDGE('',*,*,#4521,.T.);
#6341=ORIENTED_EDGE('',*,*,#4316,.F.);
#6342=ORIENTED_EDGE('',*,*,#4524,.F.);
#6343=ORIENTED_EDGE('',*,*,#4525,.T.);
#6344=ORIENTED_EDGE('',*,*,#4323,.T.);
#6345=ORIENTED_EDGE('',*,*,#4318,.F.);
#6346=ORIENTED_EDGE('',*,*,#4322,.F.);
#6347=ORIENTED_EDGE('',*,*,#4526,.T.);
#6348=ORIENTED_EDGE('',*,*,#4524,.T.);
#6349=ORIENTED_EDGE('',*,*,#4329,.F.);
#6350=ORIENTED_EDGE('',*,*,#4527,.F.);
#6351=ORIENTED_EDGE('',*,*,#4528,.T.);
#6352=ORIENTED_EDGE('',*,*,#4336,.T.);
#6353=ORIENTED_EDGE('',*,*,#4331,.F.);
#6354=ORIENTED_EDGE('',*,*,#4335,.F.);
#6355=ORIENTED_EDGE('',*,*,#4529,.T.);
#6356=ORIENTED_EDGE('',*,*,#4527,.T.);
#6357=ORIENTED_EDGE('',*,*,#4342,.F.);
#6358=ORIENTED_EDGE('',*,*,#4530,.F.);
#6359=ORIENTED_EDGE('',*,*,#4531,.T.);
#6360=ORIENTED_EDGE('',*,*,#4349,.T.);
#6361=ORIENTED_EDGE('',*,*,#4344,.F.);
#6362=ORIENTED_EDGE('',*,*,#4348,.F.);
#6363=ORIENTED_EDGE('',*,*,#4532,.T.);
#6364=ORIENTED_EDGE('',*,*,#4530,.T.);
#6365=ORIENTED_EDGE('',*,*,#4355,.F.);
#6366=ORIENTED_EDGE('',*,*,#4533,.F.);
#6367=ORIENTED_EDGE('',*,*,#4534,.T.);
#6368=ORIENTED_EDGE('',*,*,#4362,.T.);
#6369=ORIENTED_EDGE('',*,*,#4357,.F.);
#6370=ORIENTED_EDGE('',*,*,#4361,.F.);
#6371=ORIENTED_EDGE('',*,*,#4535,.T.);
#6372=ORIENTED_EDGE('',*,*,#4533,.T.);
#6373=ORIENTED_EDGE('',*,*,#4372,.F.);
#6374=ORIENTED_EDGE('',*,*,#4536,.F.);
#6375=ORIENTED_EDGE('',*,*,#4537,.T.);
#6376=ORIENTED_EDGE('',*,*,#4379,.T.);
#6377=ORIENTED_EDGE('',*,*,#4374,.F.);
#6378=ORIENTED_EDGE('',*,*,#4378,.F.);
#6379=ORIENTED_EDGE('',*,*,#4538,.T.);
#6380=ORIENTED_EDGE('',*,*,#4536,.T.);
#6381=ORIENTED_EDGE('',*,*,#4385,.F.);
#6382=ORIENTED_EDGE('',*,*,#4539,.F.);
#6383=ORIENTED_EDGE('',*,*,#4540,.T.);
#6384=ORIENTED_EDGE('',*,*,#4392,.T.);
#6385=ORIENTED_EDGE('',*,*,#4387,.F.);
#6386=ORIENTED_EDGE('',*,*,#4391,.F.);
#6387=ORIENTED_EDGE('',*,*,#4541,.T.);
#6388=ORIENTED_EDGE('',*,*,#4539,.T.);
#6389=ORIENTED_EDGE('',*,*,#4404,.F.);
#6390=ORIENTED_EDGE('',*,*,#4542,.F.);
#6391=ORIENTED_EDGE('',*,*,#4543,.T.);
#6392=ORIENTED_EDGE('',*,*,#4411,.T.);
#6393=ORIENTED_EDGE('',*,*,#4406,.F.);
#6394=ORIENTED_EDGE('',*,*,#4410,.F.);
#6395=ORIENTED_EDGE('',*,*,#4544,.T.);
#6396=ORIENTED_EDGE('',*,*,#4542,.T.);
#6397=ORIENTED_EDGE('',*,*,#4421,.F.);
#6398=ORIENTED_EDGE('',*,*,#4545,.F.);
#6399=ORIENTED_EDGE('',*,*,#4546,.T.);
#6400=ORIENTED_EDGE('',*,*,#4428,.T.);
#6401=ORIENTED_EDGE('',*,*,#4423,.F.);
#6402=ORIENTED_EDGE('',*,*,#4427,.F.);
#6403=ORIENTED_EDGE('',*,*,#4547,.T.);
#6404=ORIENTED_EDGE('',*,*,#4545,.T.);
#6405=ORIENTED_EDGE('',*,*,#4434,.F.);
#6406=ORIENTED_EDGE('',*,*,#4548,.F.);
#6407=ORIENTED_EDGE('',*,*,#4549,.T.);
#6408=ORIENTED_EDGE('',*,*,#4441,.T.);
#6409=ORIENTED_EDGE('',*,*,#4436,.F.);
#6410=ORIENTED_EDGE('',*,*,#4440,.F.);
#6411=ORIENTED_EDGE('',*,*,#4550,.T.);
#6412=ORIENTED_EDGE('',*,*,#4548,.T.);
#6413=ORIENTED_EDGE('',*,*,#4447,.F.);
#6414=ORIENTED_EDGE('',*,*,#4551,.F.);
#6415=ORIENTED_EDGE('',*,*,#4552,.T.);
#6416=ORIENTED_EDGE('',*,*,#4454,.T.);
#6417=ORIENTED_EDGE('',*,*,#4449,.F.);
#6418=ORIENTED_EDGE('',*,*,#4453,.F.);
#6419=ORIENTED_EDGE('',*,*,#4553,.T.);
#6420=ORIENTED_EDGE('',*,*,#4551,.T.);
#6421=ORIENTED_EDGE('',*,*,#4460,.F.);
#6422=ORIENTED_EDGE('',*,*,#4554,.F.);
#6423=ORIENTED_EDGE('',*,*,#4555,.T.);
#6424=ORIENTED_EDGE('',*,*,#4467,.T.);
#6425=ORIENTED_EDGE('',*,*,#4462,.F.);
#6426=ORIENTED_EDGE('',*,*,#4466,.F.);
#6427=ORIENTED_EDGE('',*,*,#4556,.T.);
#6428=ORIENTED_EDGE('',*,*,#4554,.T.);
#6429=ORIENTED_EDGE('',*,*,#4475,.F.);
#6430=ORIENTED_EDGE('',*,*,#4557,.F.);
#6431=ORIENTED_EDGE('',*,*,#4558,.T.);
#6432=ORIENTED_EDGE('',*,*,#4482,.T.);
#6433=ORIENTED_EDGE('',*,*,#4477,.F.);
#6434=ORIENTED_EDGE('',*,*,#4481,.F.);
#6435=ORIENTED_EDGE('',*,*,#4559,.T.);
#6436=ORIENTED_EDGE('',*,*,#4557,.T.);
#6437=ORIENTED_EDGE('',*,*,#4492,.F.);
#6438=ORIENTED_EDGE('',*,*,#4560,.F.);
#6439=ORIENTED_EDGE('',*,*,#4561,.T.);
#6440=ORIENTED_EDGE('',*,*,#4499,.T.);
#6441=ORIENTED_EDGE('',*,*,#4494,.F.);
#6442=ORIENTED_EDGE('',*,*,#4498,.F.);
#6443=ORIENTED_EDGE('',*,*,#4562,.T.);
#6444=ORIENTED_EDGE('',*,*,#4560,.T.);
#6445=ORIENTED_EDGE('',*,*,#4509,.F.);
#6446=ORIENTED_EDGE('',*,*,#4563,.F.);
#6447=ORIENTED_EDGE('',*,*,#4564,.T.);
#6448=ORIENTED_EDGE('',*,*,#4516,.T.);
#6449=ORIENTED_EDGE('',*,*,#4511,.F.);
#6450=ORIENTED_EDGE('',*,*,#4515,.F.);
#6451=ORIENTED_EDGE('',*,*,#4565,.T.);
#6452=ORIENTED_EDGE('',*,*,#4563,.T.);
#6453=ORIENTED_EDGE('',*,*,#4173,.F.);
#6454=ORIENTED_EDGE('',*,*,#4566,.F.);
#6455=ORIENTED_EDGE('',*,*,#4567,.T.);
#6456=ORIENTED_EDGE('',*,*,#4208,.T.);
#6457=ORIENTED_EDGE('',*,*,#4176,.F.);
#6458=ORIENTED_EDGE('',*,*,#4568,.F.);
#6459=ORIENTED_EDGE('',*,*,#4569,.F.);
#6460=ORIENTED_EDGE('',*,*,#4566,.T.);
#6461=ORIENTED_EDGE('',*,*,#4179,.F.);
#6462=ORIENTED_EDGE('',*,*,#4570,.F.);
#6463=ORIENTED_EDGE('',*,*,#4571,.T.);
#6464=ORIENTED_EDGE('',*,*,#4568,.T.);
#6465=ORIENTED_EDGE('',*,*,#4184,.F.);
#6466=ORIENTED_EDGE('',*,*,#4201,.F.);
#6467=ORIENTED_EDGE('',*,*,#4572,.F.);
#6468=ORIENTED_EDGE('',*,*,#4570,.T.);
#6469=ORIENTED_EDGE('',*,*,#4572,.T.);
#6470=ORIENTED_EDGE('',*,*,#4200,.T.);
#6471=ORIENTED_EDGE('',*,*,#4203,.T.);
#6472=ORIENTED_EDGE('',*,*,#4205,.T.);
#6473=ORIENTED_EDGE('',*,*,#4207,.F.);
#6474=ORIENTED_EDGE('',*,*,#4209,.T.);
#6475=ORIENTED_EDGE('',*,*,#4567,.F.);
#6476=ORIENTED_EDGE('',*,*,#4569,.T.);
#6477=ORIENTED_EDGE('',*,*,#4571,.F.);
#6478=ORIENTED_EDGE('',*,*,#4565,.F.);
#6479=ORIENTED_EDGE('',*,*,#4514,.F.);
#6480=ORIENTED_EDGE('',*,*,#4517,.F.);
#6481=ORIENTED_EDGE('',*,*,#4564,.F.);
#6482=ORIENTED_EDGE('',*,*,#4504,.F.);
#6483=ORIENTED_EDGE('',*,*,#4562,.F.);
#6484=ORIENTED_EDGE('',*,*,#4497,.F.);
#6485=ORIENTED_EDGE('',*,*,#4500,.F.);
#6486=ORIENTED_EDGE('',*,*,#4561,.F.);
#6487=ORIENTED_EDGE('',*,*,#4487,.F.);
#6488=ORIENTED_EDGE('',*,*,#4559,.F.);
#6489=ORIENTED_EDGE('',*,*,#4480,.F.);
#6490=ORIENTED_EDGE('',*,*,#4483,.F.);
#6491=ORIENTED_EDGE('',*,*,#4558,.F.);
#6492=ORIENTED_EDGE('',*,*,#4470,.F.);
#6493=ORIENTED_EDGE('',*,*,#4556,.F.);
#6494=ORIENTED_EDGE('',*,*,#4465,.F.);
#6495=ORIENTED_EDGE('',*,*,#4468,.F.);
#6496=ORIENTED_EDGE('',*,*,#4555,.F.);
#6497=ORIENTED_EDGE('',*,*,#4553,.F.);
#6498=ORIENTED_EDGE('',*,*,#4452,.F.);
#6499=ORIENTED_EDGE('',*,*,#4455,.F.);
#6500=ORIENTED_EDGE('',*,*,#4552,.F.);
#6501=ORIENTED_EDGE('',*,*,#4550,.F.);
#6502=ORIENTED_EDGE('',*,*,#4439,.F.);
#6503=ORIENTED_EDGE('',*,*,#4442,.F.);
#6504=ORIENTED_EDGE('',*,*,#4549,.F.);
#6505=ORIENTED_EDGE('',*,*,#4547,.F.);
#6506=ORIENTED_EDGE('',*,*,#4426,.F.);
#6507=ORIENTED_EDGE('',*,*,#4429,.F.);
#6508=ORIENTED_EDGE('',*,*,#4546,.F.);
#6509=ORIENTED_EDGE('',*,*,#4416,.F.);
#6510=ORIENTED_EDGE('',*,*,#4544,.F.);
#6511=ORIENTED_EDGE('',*,*,#4409,.F.);
#6512=ORIENTED_EDGE('',*,*,#4412,.F.);
#6513=ORIENTED_EDGE('',*,*,#4543,.F.);
#6514=ORIENTED_EDGE('',*,*,#4399,.F.);
#6515=ORIENTED_EDGE('',*,*,#4397,.F.);
#6516=ORIENTED_EDGE('',*,*,#4541,.F.);
#6517=ORIENTED_EDGE('',*,*,#4390,.F.);
#6518=ORIENTED_EDGE('',*,*,#4393,.F.);
#6519=ORIENTED_EDGE('',*,*,#4540,.F.);
#6520=ORIENTED_EDGE('',*,*,#4538,.F.);
#6521=ORIENTED_EDGE('',*,*,#4377,.F.);
#6522=ORIENTED_EDGE('',*,*,#4380,.F.);
#6523=ORIENTED_EDGE('',*,*,#4537,.F.);
#6524=ORIENTED_EDGE('',*,*,#4367,.F.);
#6525=ORIENTED_EDGE('',*,*,#4535,.F.);
#6526=ORIENTED_EDGE('',*,*,#4360,.F.);
#6527=ORIENTED_EDGE('',*,*,#4363,.F.);
#6528=ORIENTED_EDGE('',*,*,#4534,.F.);
#6529=ORIENTED_EDGE('',*,*,#4532,.F.);
#6530=ORIENTED_EDGE('',*,*,#4347,.F.);
#6531=ORIENTED_EDGE('',*,*,#4350,.F.);
#6532=ORIENTED_EDGE('',*,*,#4531,.F.);
#6533=ORIENTED_EDGE('',*,*,#4529,.F.);
#6534=ORIENTED_EDGE('',*,*,#4334,.F.);
#6535=ORIENTED_EDGE('',*,*,#4337,.F.);
#6536=ORIENTED_EDGE('',*,*,#4528,.F.);
#6537=ORIENTED_EDGE('',*,*,#4526,.F.);
#6538=ORIENTED_EDGE('',*,*,#4321,.F.);
#6539=ORIENTED_EDGE('',*,*,#4324,.F.);
#6540=ORIENTED_EDGE('',*,*,#4525,.F.);
#6541=ORIENTED_EDGE('',*,*,#4523,.F.);
#6542=ORIENTED_EDGE('',*,*,#4308,.F.);
#6543=ORIENTED_EDGE('',*,*,#4311,.F.);
#6544=ORIENTED_EDGE('',*,*,#4522,.F.);
#6545=ORIENTED_EDGE('',*,*,#4520,.F.);
#6546=ORIENTED_EDGE('',*,*,#4295,.F.);
#6547=ORIENTED_EDGE('',*,*,#4298,.F.);
#6548=ORIENTED_EDGE('',*,*,#4519,.F.);
#6549=PLANE('',#7182);
#6550=PLANE('',#7183);
#6551=PLANE('',#7184);
#6552=PLANE('',#7185);
#6553=PLANE('',#7186);
#6554=PLANE('',#7187);
#6555=PLANE('',#7188);
#6556=PLANE('',#7191);
#6557=PLANE('',#7194);
#6558=PLANE('',#7197);
#6559=PLANE('',#7200);
#6560=PLANE('',#7203);
#6561=PLANE('',#7218);
#6562=PLANE('',#7219);
#6563=PLANE('',#7220);
#6564=PLANE('',#7221);
#6565=PLANE('',#7222);
#6566=PLANE('',#7223);
#6567=PLANE('',#7224);
#6568=PLANE('',#7225);
#6569=PLANE('',#7226);
#6570=PLANE('',#7227);
#6571=PLANE('',#7228);
#6572=PLANE('',#7229);
#6573=PLANE('',#7230);
#6574=PLANE('',#7231);
#6575=PLANE('',#7232);
#6576=PLANE('',#7233);
#6577=PLANE('',#7234);
#6578=PLANE('',#7235);
#6579=PLANE('',#7236);
#6580=PLANE('',#7237);
#6581=PLANE('',#7244);
#6582=PLANE('',#7245);
#6583=PLANE('',#7246);
#6584=PLANE('',#7247);
#6585=PLANE('',#7248);
#6586=PLANE('',#7249);
#6587=PLANE('',#7256);
#6588=PLANE('',#7257);
#6589=PLANE('',#7258);
#6590=PLANE('',#7259);
#6591=PLANE('',#7260);
#6592=PLANE('',#7261);
#6593=PLANE('',#7262);
#6594=PLANE('',#7263);
#6595=PLANE('',#7264);
#6596=PLANE('',#7265);
#6597=PLANE('',#7266);
#6598=PLANE('',#7267);
#6599=PLANE('',#7268);
#6600=PLANE('',#7269);
#6601=PLANE('',#7277);
#6602=PLANE('',#7278);
#6603=PLANE('',#7286);
#6604=PLANE('',#7287);
#6605=PLANE('',#7288);
#6606=PLANE('',#7289);
#6607=PLANE('',#7290);
#6608=PLANE('',#7291);
#6609=PLANE('',#7292);
#6610=PLANE('',#7293);
#6611=PLANE('',#7294);
#6612=PLANE('',#7295);
#6613=PLANE('',#7296);
#6614=PLANE('',#7297);
#6615=PLANE('',#7298);
#6616=PLANE('',#7299);
#6617=PLANE('',#7300);
#6618=PLANE('',#7301);
#6619=PLANE('',#7304);
#6620=PLANE('',#7307);
#6621=PLANE('',#7310);
#6622=PLANE('',#7313);
#6623=PLANE('',#7316);
#6624=PLANE('',#7319);
#6625=PLANE('',#7329);
#6626=PLANE('',#7330);
#6627=PLANE('',#7331);
#6628=PLANE('',#7332);
#6629=PLANE('',#7333);
#6630=PLANE('',#7334);
#6631=PLANE('',#7335);
#6632=PLANE('',#7336);
#6633=PLANE('',#7337);
#6634=PLANE('',#7338);
#6635=PLANE('',#7342);
#6636=PLANE('',#7343);
#6637=PLANE('',#7348);
#6638=PLANE('',#7349);
#6639=PLANE('',#7350);
#6640=PLANE('',#7351);
#6641=PLANE('',#7352);
#6642=PLANE('',#7353);
#6643=PLANE('',#7358);
#6644=PLANE('',#7414);
#6645=PLANE('',#7415);
#6646=PLANE('',#7416);
#6647=PLANE('',#7417);
#6648=PLANE('',#7418);
#6649=PLANE('',#7419);
#6650=PLANE('',#7420);
#6651=PLANE('',#7421);
#6652=PLANE('',#7422);
#6653=PLANE('',#7423);
#6654=PLANE('',#7424);
#6655=PLANE('',#7425);
#6656=PLANE('',#7426);
#6657=PLANE('',#7427);
#6658=PLANE('',#7428);
#6659=PLANE('',#7429);
#6660=PLANE('',#7430);
#6661=PLANE('',#7431);
#6662=PLANE('',#7432);
#6663=PLANE('',#7433);
#6664=PLANE('',#7434);
#6665=PLANE('',#7435);
#6666=PLANE('',#7436);
#6667=PLANE('',#7437);
#6668=PLANE('',#7438);
#6669=PLANE('',#7439);
#6670=PLANE('',#7440);
#6671=PLANE('',#7441);
#6672=PLANE('',#7442);
#6673=PLANE('',#7443);
#6674=PLANE('',#7444);
#6675=PLANE('',#7445);
#6676=PLANE('',#7446);
#6677=PLANE('',#7447);
#6678=PLANE('',#7448);
#6679=PLANE('',#7449);
#6680=PLANE('',#7450);
#6681=PLANE('',#7451);
#6682=PLANE('',#7452);
#6683=PLANE('',#7453);
#6684=PLANE('',#7454);
#6685=PLANE('',#7455);
#6686=PLANE('',#7456);
#6687=PLANE('',#7457);
#6688=PLANE('',#7458);
#6689=PLANE('',#7459);
#6690=PLANE('',#7460);
#6691=PLANE('',#7461);
#6692=PLANE('',#7462);
#6693=PLANE('',#7463);
#6694=PLANE('',#7464);
#6695=PLANE('',#7465);
#6696=PLANE('',#7466);
#6697=PLANE('',#7467);
#6698=PLANE('',#7468);
#6699=PLANE('',#7469);
#6700=PLANE('',#7470);
#6701=PLANE('',#7471);
#6702=PLANE('',#7472);
#6703=PLANE('',#7473);
#6704=PLANE('',#7474);
#6705=PLANE('',#7475);
#6706=PLANE('',#7476);
#6707=PLANE('',#7477);
#6708=PLANE('',#7478);
#6709=PLANE('',#7479);
#6710=PLANE('',#7480);
#6711=PLANE('',#7481);
#6712=PLANE('',#7482);
#6713=PLANE('',#7483);
#6714=PLANE('',#7484);
#6715=PLANE('',#7485);
#6716=PLANE('',#7486);
#6717=PLANE('',#7487);
#6718=PLANE('',#7488);
#6719=PLANE('',#7489);
#6720=PLANE('',#7508);
#6721=PLANE('',#7509);
#6722=PLANE('',#7510);
#6723=PLANE('',#7511);
#6724=PLANE('',#7512);
#6725=PLANE('',#7517);
#6726=PLANE('',#7536);
#6727=PLANE('',#7537);
#6728=PLANE('',#7546);
#6729=PLANE('',#7547);
#6730=PLANE('',#7556);
#6731=PLANE('',#7557);
#6732=PLANE('',#7566);
#6733=PLANE('',#7567);
#6734=PLANE('',#7576);
#6735=PLANE('',#7577);
#6736=PLANE('',#7586);
#6737=PLANE('',#7587);
#6738=PLANE('',#7601);
#6739=PLANE('',#7602);
#6740=PLANE('',#7611);
#6741=PLANE('',#7612);
#6742=PLANE('',#7628);
#6743=PLANE('',#7629);
#6744=PLANE('',#7643);
#6745=PLANE('',#7644);
#6746=PLANE('',#7653);
#6747=PLANE('',#7654);
#6748=PLANE('',#7663);
#6749=PLANE('',#7664);
#6750=PLANE('',#7673);
#6751=PLANE('',#7674);
#6752=PLANE('',#7685);
#6753=PLANE('',#7686);
#6754=PLANE('',#7700);
#6755=PLANE('',#7701);
#6756=PLANE('',#7715);
#6757=PLANE('',#7716);
#6758=PLANE('',#7717);
#6759=PLANE('',#7718);
#6760=PLANE('',#7719);
#6761=PLANE('',#7720);
#6762=PLANE('',#7721);
#6763=PLANE('',#7722);
#6764=PLANE('',#7723);
#6765=PLANE('',#7724);
#6766=PLANE('',#7725);
#6767=PLANE('',#7726);
#6768=PLANE('',#7727);
#6769=PLANE('',#7728);
#6770=PLANE('',#7729);
#6771=PLANE('',#7730);
#6772=PLANE('',#7731);
#6773=PLANE('',#7732);
#6774=PLANE('',#7733);
#6775=PLANE('',#7734);
#6776=PLANE('',#7735);
#6777=PLANE('',#7736);
#6778=PLANE('',#7737);
#6779=PLANE('',#7738);
#6780=PLANE('',#7739);
#6781=PLANE('',#7740);
#6782=PLANE('',#7741);
#6783=PLANE('',#7742);
#6784=PLANE('',#7743);
#6785=PLANE('',#7744);
#6786=PLANE('',#7745);
#6787=PLANE('',#7746);
#6788=PLANE('',#7747);
#6789=PLANE('',#7748);
#6790=PLANE('',#7749);
#6791=PLANE('',#7750);
#6792=PLANE('',#7751);
#6793=PLANE('',#7752);
#6794=PLANE('',#7753);
#6795=ADVANCED_FACE('',(#481),#6549,.T.);
#6796=ADVANCED_FACE('',(#482),#6550,.T.);
#6797=ADVANCED_FACE('',(#483),#6551,.T.);
#6798=ADVANCED_FACE('',(#484),#6552,.T.);
#6799=ADVANCED_FACE('',(#485),#6553,.T.);
#6800=ADVANCED_FACE('',(#486),#6554,.T.);
#6801=ADVANCED_FACE('',(#487,#246),#6555,.F.);
#6802=ADVANCED_FACE('',(#488,#247),#6556,.F.);
#6803=ADVANCED_FACE('',(#489,#248),#6557,.F.);
#6804=ADVANCED_FACE('',(#490,#249),#6558,.F.);
#6805=ADVANCED_FACE('',(#491,#250),#6559,.F.);
#6806=ADVANCED_FACE('',(#492,#251),#6560,.F.);
#6807=ADVANCED_FACE('',(#493),#123,.F.);
#6808=ADVANCED_FACE('',(#494),#124,.F.);
#6809=ADVANCED_FACE('',(#495),#125,.F.);
#6810=ADVANCED_FACE('',(#496),#126,.F.);
#6811=ADVANCED_FACE('',(#497),#127,.F.);
#6812=ADVANCED_FACE('',(#498),#128,.F.);
#6813=ADVANCED_FACE('',(#499),#6561,.T.);
#6814=ADVANCED_FACE('',(#500),#6562,.T.);
#6815=ADVANCED_FACE('',(#501),#6563,.T.);
#6816=ADVANCED_FACE('',(#502),#6564,.T.);
#6817=ADVANCED_FACE('',(#503),#6565,.T.);
#6818=ADVANCED_FACE('',(#504),#6566,.T.);
#6819=ADVANCED_FACE('',(#505),#6567,.T.);
#6820=ADVANCED_FACE('',(#506),#6568,.T.);
#6821=ADVANCED_FACE('',(#507),#6569,.T.);
#6822=ADVANCED_FACE('',(#508),#6570,.T.);
#6823=ADVANCED_FACE('',(#509),#6571,.T.);
#6824=ADVANCED_FACE('',(#510),#6572,.T.);
#6825=ADVANCED_FACE('',(#511),#6573,.T.);
#6826=ADVANCED_FACE('',(#512),#6574,.T.);
#6827=ADVANCED_FACE('',(#513,#252,#253,#254,#255,#256,#257),#6575,.T.);
#6828=ADVANCED_FACE('',(#514),#6576,.T.);
#6829=ADVANCED_FACE('',(#515),#6577,.T.);
#6830=ADVANCED_FACE('',(#516),#6578,.T.);
#6831=ADVANCED_FACE('',(#517),#6579,.T.);
#6832=ADVANCED_FACE('',(#518,#258),#6580,.T.);
#6833=ADVANCED_FACE('',(#519),#129,.F.);
#6834=ADVANCED_FACE('',(#520),#130,.F.);
#6835=ADVANCED_FACE('',(#521),#131,.F.);
#6836=ADVANCED_FACE('',(#522),#6581,.T.);
#6837=ADVANCED_FACE('',(#523),#6582,.T.);
#6838=ADVANCED_FACE('',(#524),#6583,.T.);
#6839=ADVANCED_FACE('',(#525),#6584,.T.);
#6840=ADVANCED_FACE('',(#526),#6585,.T.);
#6841=ADVANCED_FACE('',(#527),#6586,.T.);
#6842=ADVANCED_FACE('',(#528),#132,.F.);
#6843=ADVANCED_FACE('',(#529),#133,.F.);
#6844=ADVANCED_FACE('',(#530),#134,.F.);
#6845=ADVANCED_FACE('',(#531),#6587,.T.);
#6846=ADVANCED_FACE('',(#532),#6588,.T.);
#6847=ADVANCED_FACE('',(#533),#6589,.T.);
#6848=ADVANCED_FACE('',(#534),#6590,.T.);
#6849=ADVANCED_FACE('',(#535),#6591,.T.);
#6850=ADVANCED_FACE('',(#536),#6592,.T.);
#6851=ADVANCED_FACE('',(#537),#6593,.T.);
#6852=ADVANCED_FACE('',(#538),#6594,.T.);
#6853=ADVANCED_FACE('',(#539),#6595,.T.);
#6854=ADVANCED_FACE('',(#540),#6596,.T.);
#6855=ADVANCED_FACE('',(#541),#6597,.T.);
#6856=ADVANCED_FACE('',(#542,#259,#260,#261,#262,#263,#264),#6598,.F.);
#6857=ADVANCED_FACE('',(#543),#6599,.T.);
#6858=ADVANCED_FACE('',(#544,#265,#266,#267,#268,#269,#270,#271,#272),#6600,
 .F.);
#6859=ADVANCED_FACE('',(#545),#6601,.F.);
#6860=ADVANCED_FACE('',(#546,#273,#274,#275,#276,#277,#278,#279),#6602,
 .T.);
#6861=ADVANCED_FACE('',(#547),#6603,.T.);
#6862=ADVANCED_FACE('',(#548),#6604,.T.);
#6863=ADVANCED_FACE('',(#549),#6605,.T.);
#6864=ADVANCED_FACE('',(#550),#6606,.T.);
#6865=ADVANCED_FACE('',(#551),#6607,.T.);
#6866=ADVANCED_FACE('',(#552),#6608,.T.);
#6867=ADVANCED_FACE('',(#553),#6609,.T.);
#6868=ADVANCED_FACE('',(#554),#6610,.T.);
#6869=ADVANCED_FACE('',(#555),#6611,.T.);
#6870=ADVANCED_FACE('',(#556),#6612,.T.);
#6871=ADVANCED_FACE('',(#557),#6613,.T.);
#6872=ADVANCED_FACE('',(#558),#6614,.T.);
#6873=ADVANCED_FACE('',(#559),#6615,.T.);
#6874=ADVANCED_FACE('',(#560),#6616,.T.);
#6875=ADVANCED_FACE('',(#561),#6617,.T.);
#6876=ADVANCED_FACE('',(#562,#280),#6618,.F.);
#6877=ADVANCED_FACE('',(#563,#281),#6619,.F.);
#6878=ADVANCED_FACE('',(#564,#282),#6620,.F.);
#6879=ADVANCED_FACE('',(#565,#283),#6621,.F.);
#6880=ADVANCED_FACE('',(#566,#284),#6622,.F.);
#6881=ADVANCED_FACE('',(#567,#285),#6623,.F.);
#6882=ADVANCED_FACE('',(#568,#286),#6624,.F.);
#6883=ADVANCED_FACE('',(#569),#135,.F.);
#6884=ADVANCED_FACE('',(#570),#136,.F.);
#6885=ADVANCED_FACE('',(#571),#137,.F.);
#6886=ADVANCED_FACE('',(#572),#138,.F.);
#6887=ADVANCED_FACE('',(#573),#139,.F.);
#6888=ADVANCED_FACE('',(#574),#140,.F.);
#6889=ADVANCED_FACE('',(#575),#141,.F.);
#6890=ADVANCED_FACE('',(#576),#6625,.T.);
#6891=ADVANCED_FACE('',(#577),#6626,.T.);
#6892=ADVANCED_FACE('',(#578),#6627,.T.);
#6893=ADVANCED_FACE('',(#579),#6628,.T.);
#6894=ADVANCED_FACE('',(#580),#6629,.T.);
#6895=ADVANCED_FACE('',(#581),#6630,.T.);
#6896=ADVANCED_FACE('',(#582),#6631,.T.);
#6897=ADVANCED_FACE('',(#583),#6632,.T.);
#6898=ADVANCED_FACE('',(#584),#6633,.T.);
#6899=ADVANCED_FACE('',(#585),#6634,.T.);
#6900=ADVANCED_FACE('',(#586),#142,.F.);
#6901=ADVANCED_FACE('',(#587),#143,.F.);
#6902=ADVANCED_FACE('',(#588),#144,.F.);
#6903=ADVANCED_FACE('',(#589),#6635,.T.);
#6904=ADVANCED_FACE('',(#590),#6636,.T.);
#6905=ADVANCED_FACE('',(#591),#145,.F.);
#6906=ADVANCED_FACE('',(#592),#146,.F.);
#6907=ADVANCED_FACE('',(#593),#147,.F.);
#6908=ADVANCED_FACE('',(#594),#148,.F.);
#6909=ADVANCED_FACE('',(#595),#6637,.T.);
#6910=ADVANCED_FACE('',(#596),#6638,.T.);
#6911=ADVANCED_FACE('',(#597),#6639,.T.);
#6912=ADVANCED_FACE('',(#598),#6640,.T.);
#6913=ADVANCED_FACE('',(#599),#6641,.T.);
#6914=ADVANCED_FACE('',(#600,#287),#6642,.T.);
#6915=ADVANCED_FACE('',(#601),#102,.T.);
#6916=ADVANCED_FACE('',(#602,#288,#289,#290,#291,#292,#293,#294,#295,#296,
#297,#298,#299,#300,#301,#302,#303,#304,#305,#306,#307,#308),#6643,.T.);
#6917=ADVANCED_FACE('',(#603),#149,.F.);
#6918=ADVANCED_FACE('',(#604),#103,.T.);
#6919=ADVANCED_FACE('',(#605),#150,.F.);
#6920=ADVANCED_FACE('',(#606),#104,.T.);
#6921=ADVANCED_FACE('',(#607),#151,.T.);
#6922=ADVANCED_FACE('',(#608),#152,.F.);
#6923=ADVANCED_FACE('',(#609),#105,.T.);
#6924=ADVANCED_FACE('',(#610),#153,.F.);
#6925=ADVANCED_FACE('',(#611),#106,.T.);
#6926=ADVANCED_FACE('',(#612),#154,.F.);
#6927=ADVANCED_FACE('',(#613),#107,.T.);
#6928=ADVANCED_FACE('',(#614),#155,.F.);
#6929=ADVANCED_FACE('',(#615),#156,.T.);
#6930=ADVANCED_FACE('',(#616),#157,.T.);
#6931=ADVANCED_FACE('',(#617),#158,.T.);
#6932=ADVANCED_FACE('',(#618),#159,.T.);
#6933=ADVANCED_FACE('',(#619),#160,.T.);
#6934=ADVANCED_FACE('',(#620),#161,.T.);
#6935=ADVANCED_FACE('',(#621),#162,.T.);
#6936=ADVANCED_FACE('',(#622),#163,.T.);
#6937=ADVANCED_FACE('',(#623),#164,.T.);
#6938=ADVANCED_FACE('',(#624),#165,.T.);
#6939=ADVANCED_FACE('',(#625),#6644,.T.);
#6940=ADVANCED_FACE('',(#626),#6645,.T.);
#6941=ADVANCED_FACE('',(#627),#6646,.T.);
#6942=ADVANCED_FACE('',(#628),#6647,.T.);
#6943=ADVANCED_FACE('',(#629),#6648,.T.);
#6944=ADVANCED_FACE('',(#630),#6649,.T.);
#6945=ADVANCED_FACE('',(#631),#6650,.T.);
#6946=ADVANCED_FACE('',(#632),#6651,.T.);
#6947=ADVANCED_FACE('',(#633),#6652,.T.);
#6948=ADVANCED_FACE('',(#634),#6653,.T.);
#6949=ADVANCED_FACE('',(#635),#6654,.T.);
#6950=ADVANCED_FACE('',(#636),#6655,.T.);
#6951=ADVANCED_FACE('',(#637),#6656,.T.);
#6952=ADVANCED_FACE('',(#638),#6657,.T.);
#6953=ADVANCED_FACE('',(#639),#6658,.T.);
#6954=ADVANCED_FACE('',(#640),#6659,.T.);
#6955=ADVANCED_FACE('',(#641),#6660,.T.);
#6956=ADVANCED_FACE('',(#642),#6661,.T.);
#6957=ADVANCED_FACE('',(#643),#6662,.T.);
#6958=ADVANCED_FACE('',(#644),#6663,.T.);
#6959=ADVANCED_FACE('',(#645),#6664,.T.);
#6960=ADVANCED_FACE('',(#646),#6665,.T.);
#6961=ADVANCED_FACE('',(#647),#6666,.T.);
#6962=ADVANCED_FACE('',(#648),#6667,.T.);
#6963=ADVANCED_FACE('',(#649),#6668,.T.);
#6964=ADVANCED_FACE('',(#650),#6669,.T.);
#6965=ADVANCED_FACE('',(#651),#6670,.T.);
#6966=ADVANCED_FACE('',(#652),#6671,.T.);
#6967=ADVANCED_FACE('',(#653),#6672,.T.);
#6968=ADVANCED_FACE('',(#654),#6673,.T.);
#6969=ADVANCED_FACE('',(#655),#6674,.T.);
#6970=ADVANCED_FACE('',(#656),#6675,.T.);
#6971=ADVANCED_FACE('',(#657),#6676,.T.);
#6972=ADVANCED_FACE('',(#658),#6677,.T.);
#6973=ADVANCED_FACE('',(#659),#6678,.T.);
#6974=ADVANCED_FACE('',(#660),#6679,.T.);
#6975=ADVANCED_FACE('',(#661),#6680,.T.);
#6976=ADVANCED_FACE('',(#662),#6681,.T.);
#6977=ADVANCED_FACE('',(#663),#6682,.T.);
#6978=ADVANCED_FACE('',(#664),#6683,.T.);
#6979=ADVANCED_FACE('',(#665),#6684,.T.);
#6980=ADVANCED_FACE('',(#666),#6685,.T.);
#6981=ADVANCED_FACE('',(#667),#6686,.T.);
#6982=ADVANCED_FACE('',(#668),#6687,.T.);
#6983=ADVANCED_FACE('',(#669),#6688,.T.);
#6984=ADVANCED_FACE('',(#670),#6689,.T.);
#6985=ADVANCED_FACE('',(#671),#6690,.T.);
#6986=ADVANCED_FACE('',(#672),#6691,.T.);
#6987=ADVANCED_FACE('',(#673),#6692,.T.);
#6988=ADVANCED_FACE('',(#674),#6693,.T.);
#6989=ADVANCED_FACE('',(#675),#6694,.T.);
#6990=ADVANCED_FACE('',(#676),#6695,.T.);
#6991=ADVANCED_FACE('',(#677),#6696,.T.);
#6992=ADVANCED_FACE('',(#678),#6697,.T.);
#6993=ADVANCED_FACE('',(#679),#6698,.T.);
#6994=ADVANCED_FACE('',(#680),#6699,.T.);
#6995=ADVANCED_FACE('',(#681),#6700,.T.);
#6996=ADVANCED_FACE('',(#682),#6701,.T.);
#6997=ADVANCED_FACE('',(#683),#6702,.T.);
#6998=ADVANCED_FACE('',(#684),#6703,.T.);
#6999=ADVANCED_FACE('',(#685),#6704,.T.);
#7000=ADVANCED_FACE('',(#686),#6705,.T.);
#7001=ADVANCED_FACE('',(#687),#6706,.T.);
#7002=ADVANCED_FACE('',(#688),#6707,.T.);
#7003=ADVANCED_FACE('',(#689),#6708,.T.);
#7004=ADVANCED_FACE('',(#690),#6709,.T.);
#7005=ADVANCED_FACE('',(#691),#6710,.T.);
#7006=ADVANCED_FACE('',(#692),#6711,.T.);
#7007=ADVANCED_FACE('',(#693),#6712,.T.);
#7008=ADVANCED_FACE('',(#694),#6713,.T.);
#7009=ADVANCED_FACE('',(#695),#6714,.T.);
#7010=ADVANCED_FACE('',(#696),#6715,.T.);
#7011=ADVANCED_FACE('',(#697),#6716,.T.);
#7012=ADVANCED_FACE('',(#698),#6717,.T.);
#7013=ADVANCED_FACE('',(#699),#6718,.T.);
#7014=ADVANCED_FACE('',(#700,#309,#310,#311,#312,#313,#314,#315,#316,#317,
#318,#319,#320,#321,#322,#323,#324,#325,#326,#327,#328,#329,#330),#6719,
 .F.);
#7015=ADVANCED_FACE('',(#701),#166,.T.);
#7016=ADVANCED_FACE('',(#702),#167,.T.);
#7017=ADVANCED_FACE('',(#703),#168,.T.);
#7018=ADVANCED_FACE('',(#704),#169,.T.);
#7019=ADVANCED_FACE('',(#705),#170,.T.);
#7020=ADVANCED_FACE('',(#706),#171,.T.);
#7021=ADVANCED_FACE('',(#707),#172,.T.);
#7022=ADVANCED_FACE('',(#708),#173,.T.);
#7023=ADVANCED_FACE('',(#709),#174,.T.);
#7024=ADVANCED_FACE('',(#710),#6720,.T.);
#7025=ADVANCED_FACE('',(#711),#6721,.T.);
#7026=ADVANCED_FACE('',(#712),#6722,.T.);
#7027=ADVANCED_FACE('',(#713),#6723,.T.);
#7028=ADVANCED_FACE('',(#714),#6724,.T.);
#7029=ADVANCED_FACE('',(#715),#108,.T.);
#7030=ADVANCED_FACE('',(#716,#331,#332,#333,#334,#335,#336,#337,#338,#339,
#340,#341,#342,#343,#344,#345,#346,#347,#348,#349,#350,#351),#6725,.T.);
#7031=ADVANCED_FACE('',(#717),#109,.T.);
#7032=ADVANCED_FACE('',(#718),#175,.T.);
#7033=ADVANCED_FACE('',(#719),#176,.T.);
#7034=ADVANCED_FACE('',(#720),#177,.T.);
#7035=ADVANCED_FACE('',(#721),#178,.T.);
#7036=ADVANCED_FACE('',(#722),#6726,.T.);
#7037=ADVANCED_FACE('',(#723),#6727,.T.);
#7038=ADVANCED_FACE('',(#724),#179,.T.);
#7039=ADVANCED_FACE('',(#725),#180,.T.);
#7040=ADVANCED_FACE('',(#726),#181,.T.);
#7041=ADVANCED_FACE('',(#727),#182,.T.);
#7042=ADVANCED_FACE('',(#728),#6728,.T.);
#7043=ADVANCED_FACE('',(#729),#6729,.T.);
#7044=ADVANCED_FACE('',(#730),#183,.T.);
#7045=ADVANCED_FACE('',(#731),#184,.T.);
#7046=ADVANCED_FACE('',(#732),#185,.T.);
#7047=ADVANCED_FACE('',(#733),#186,.T.);
#7048=ADVANCED_FACE('',(#734),#6730,.T.);
#7049=ADVANCED_FACE('',(#735),#6731,.T.);
#7050=ADVANCED_FACE('',(#736),#187,.T.);
#7051=ADVANCED_FACE('',(#737),#188,.T.);
#7052=ADVANCED_FACE('',(#738),#189,.T.);
#7053=ADVANCED_FACE('',(#739),#190,.T.);
#7054=ADVANCED_FACE('',(#740),#6732,.T.);
#7055=ADVANCED_FACE('',(#741),#6733,.T.);
#7056=ADVANCED_FACE('',(#742),#191,.T.);
#7057=ADVANCED_FACE('',(#743),#192,.T.);
#7058=ADVANCED_FACE('',(#744),#193,.T.);
#7059=ADVANCED_FACE('',(#745),#194,.T.);
#7060=ADVANCED_FACE('',(#746),#6734,.T.);
#7061=ADVANCED_FACE('',(#747),#6735,.T.);
#7062=ADVANCED_FACE('',(#748),#195,.T.);
#7063=ADVANCED_FACE('',(#749),#196,.T.);
#7064=ADVANCED_FACE('',(#750),#197,.T.);
#7065=ADVANCED_FACE('',(#751),#198,.T.);
#7066=ADVANCED_FACE('',(#752),#6736,.T.);
#7067=ADVANCED_FACE('',(#753),#6737,.T.);
#7068=ADVANCED_FACE('',(#754),#110,.T.);
#7069=ADVANCED_FACE('',(#755),#199,.F.);
#7070=ADVANCED_FACE('',(#756),#200,.T.);
#7071=ADVANCED_FACE('',(#757),#201,.T.);
#7072=ADVANCED_FACE('',(#758),#202,.T.);
#7073=ADVANCED_FACE('',(#759),#203,.T.);
#7074=ADVANCED_FACE('',(#760),#6738,.T.);
#7075=ADVANCED_FACE('',(#761),#6739,.T.);
#7076=ADVANCED_FACE('',(#762),#204,.T.);
#7077=ADVANCED_FACE('',(#763),#205,.T.);
#7078=ADVANCED_FACE('',(#764),#206,.T.);
#7079=ADVANCED_FACE('',(#765),#207,.T.);
#7080=ADVANCED_FACE('',(#766),#6740,.T.);
#7081=ADVANCED_FACE('',(#767),#6741,.T.);
#7082=ADVANCED_FACE('',(#768),#111,.T.);
#7083=ADVANCED_FACE('',(#769),#208,.F.);
#7084=ADVANCED_FACE('',(#770),#209,.F.);
#7085=ADVANCED_FACE('',(#771),#210,.T.);
#7086=ADVANCED_FACE('',(#772),#211,.T.);
#7087=ADVANCED_FACE('',(#773),#212,.T.);
#7088=ADVANCED_FACE('',(#774),#213,.T.);
#7089=ADVANCED_FACE('',(#775),#6742,.T.);
#7090=ADVANCED_FACE('',(#776),#6743,.T.);
#7091=ADVANCED_FACE('',(#777),#112,.T.);
#7092=ADVANCED_FACE('',(#778),#214,.F.);
#7093=ADVANCED_FACE('',(#779),#215,.T.);
#7094=ADVANCED_FACE('',(#780),#216,.T.);
#7095=ADVANCED_FACE('',(#781),#217,.T.);
#7096=ADVANCED_FACE('',(#782),#218,.T.);
#7097=ADVANCED_FACE('',(#783),#6744,.T.);
#7098=ADVANCED_FACE('',(#784),#6745,.T.);
#7099=ADVANCED_FACE('',(#785),#219,.T.);
#7100=ADVANCED_FACE('',(#786),#220,.T.);
#7101=ADVANCED_FACE('',(#787),#221,.T.);
#7102=ADVANCED_FACE('',(#788),#222,.T.);
#7103=ADVANCED_FACE('',(#789),#6746,.T.);
#7104=ADVANCED_FACE('',(#790),#6747,.T.);
#7105=ADVANCED_FACE('',(#791),#223,.T.);
#7106=ADVANCED_FACE('',(#792),#224,.T.);
#7107=ADVANCED_FACE('',(#793),#225,.T.);
#7108=ADVANCED_FACE('',(#794),#226,.T.);
#7109=ADVANCED_FACE('',(#795),#6748,.T.);
#7110=ADVANCED_FACE('',(#796),#6749,.T.);
#7111=ADVANCED_FACE('',(#797),#227,.T.);
#7112=ADVANCED_FACE('',(#798),#228,.T.);
#7113=ADVANCED_FACE('',(#799),#229,.T.);
#7114=ADVANCED_FACE('',(#800),#230,.T.);
#7115=ADVANCED_FACE('',(#801),#6750,.T.);
#7116=ADVANCED_FACE('',(#802),#6751,.T.);
#7117=ADVANCED_FACE('',(#803),#231,.F.);
#7118=ADVANCED_FACE('',(#804),#232,.T.);
#7119=ADVANCED_FACE('',(#805),#233,.T.);
#7120=ADVANCED_FACE('',(#806),#234,.T.);
#7121=ADVANCED_FACE('',(#807),#235,.T.);
#7122=ADVANCED_FACE('',(#808),#6752,.T.);
#7123=ADVANCED_FACE('',(#809),#6753,.T.);
#7124=ADVANCED_FACE('',(#810),#113,.T.);
#7125=ADVANCED_FACE('',(#811),#236,.F.);
#7126=ADVANCED_FACE('',(#812),#237,.T.);
#7127=ADVANCED_FACE('',(#813),#238,.T.);
#7128=ADVANCED_FACE('',(#814),#239,.T.);
#7129=ADVANCED_FACE('',(#815),#240,.T.);
#7130=ADVANCED_FACE('',(#816),#6754,.T.);
#7131=ADVANCED_FACE('',(#817),#6755,.T.);
#7132=ADVANCED_FACE('',(#818),#114,.T.);
#7133=ADVANCED_FACE('',(#819),#241,.F.);
#7134=ADVANCED_FACE('',(#820),#242,.T.);
#7135=ADVANCED_FACE('',(#821),#243,.T.);
#7136=ADVANCED_FACE('',(#822),#244,.T.);
#7137=ADVANCED_FACE('',(#823),#245,.T.);
#7138=ADVANCED_FACE('',(#824),#6756,.T.);
#7139=ADVANCED_FACE('',(#825),#6757,.T.);
#7140=ADVANCED_FACE('',(#826),#6758,.T.);
#7141=ADVANCED_FACE('',(#827),#6759,.T.);
#7142=ADVANCED_FACE('',(#828),#6760,.T.);
#7143=ADVANCED_FACE('',(#829),#6761,.T.);
#7144=ADVANCED_FACE('',(#830),#6762,.T.);
#7145=ADVANCED_FACE('',(#831),#6763,.T.);
#7146=ADVANCED_FACE('',(#832),#6764,.T.);
#7147=ADVANCED_FACE('',(#833),#6765,.T.);
#7148=ADVANCED_FACE('',(#834),#6766,.T.);
#7149=ADVANCED_FACE('',(#835),#6767,.T.);
#7150=ADVANCED_FACE('',(#836),#6768,.T.);
#7151=ADVANCED_FACE('',(#837),#6769,.T.);
#7152=ADVANCED_FACE('',(#838),#6770,.T.);
#7153=ADVANCED_FACE('',(#839),#6771,.T.);
#7154=ADVANCED_FACE('',(#840),#6772,.T.);
#7155=ADVANCED_FACE('',(#841),#6773,.T.);
#7156=ADVANCED_FACE('',(#842),#6774,.T.);
#7157=ADVANCED_FACE('',(#843),#6775,.T.);
#7158=ADVANCED_FACE('',(#844),#6776,.T.);
#7159=ADVANCED_FACE('',(#845),#6777,.T.);
#7160=ADVANCED_FACE('',(#846),#6778,.T.);
#7161=ADVANCED_FACE('',(#847),#6779,.T.);
#7162=ADVANCED_FACE('',(#848),#6780,.T.);
#7163=ADVANCED_FACE('',(#849),#6781,.T.);
#7164=ADVANCED_FACE('',(#850),#6782,.T.);
#7165=ADVANCED_FACE('',(#851),#6783,.T.);
#7166=ADVANCED_FACE('',(#852),#6784,.T.);
#7167=ADVANCED_FACE('',(#853),#6785,.T.);
#7168=ADVANCED_FACE('',(#854),#6786,.T.);
#7169=ADVANCED_FACE('',(#855),#6787,.T.);
#7170=ADVANCED_FACE('',(#856),#6788,.T.);
#7171=ADVANCED_FACE('',(#857),#6789,.T.);
#7172=ADVANCED_FACE('',(#858),#6790,.T.);
#7173=ADVANCED_FACE('',(#859),#6791,.T.);
#7174=ADVANCED_FACE('',(#860),#6792,.T.);
#7175=ADVANCED_FACE('',(#861),#6793,.T.);
#7176=ADVANCED_FACE('',(#862,#352,#353,#354,#355,#356,#357,#358,#359,#360,
#361,#362,#363,#364,#365,#366,#367,#368,#369,#370,#371,#372,#373,#374),
#6794,.F.);
#7177=CLOSED_SHELL('',(#6795,#6796,#6797,#6798,#6799,#6800,#6801,#6802,
#6803,#6804,#6805,#6806,#6807,#6808,#6809,#6810,#6811,#6812,#6813,#6814,
#6815,#6816,#6817,#6818,#6819,#6820,#6821,#6822,#6823,#6824,#6825,#6826,
#6827,#6828,#6829,#6830,#6831,#6832,#6833,#6834,#6835,#6836,#6837,#6838,
#6839,#6840,#6841,#6842,#6843,#6844,#6845,#6846,#6847,#6848,#6849,#6850,
#6851,#6852,#6853,#6854,#6855,#6856));
#7178=CLOSED_SHELL('',(#6857,#6858,#6859,#6860,#6861,#6862,#6863,#6864,
#6865,#6866,#6867,#6868,#6869,#6870,#6871,#6872,#6873,#6874,#6875,#6876,
#6877,#6878,#6879,#6880,#6881,#6882,#6883,#6884,#6885,#6886,#6887,#6888,
#6889,#6890,#6891,#6892,#6893,#6894,#6895,#6896,#6897,#6898,#6899,#6900,
#6901,#6902,#6903,#6904,#6905,#6906,#6907,#6908,#6909,#6910,#6911,#6912,
#6913,#6914));
#7179=CLOSED_SHELL('',(#6915,#6916,#6917,#6918,#6919,#6920,#6921,#6922,
#6923,#6924,#6925,#6926,#6927,#6928,#6929,#6930,#6931,#6932,#6933,#6934,
#6935,#6936,#6937,#6938,#6939,#6940,#6941,#6942,#6943,#6944,#6945,#6946,
#6947,#6948,#6949,#6950,#6951,#6952,#6953,#6954,#6955,#6956,#6957,#6958,
#6959,#6960,#6961,#6962,#6963,#6964,#6965,#6966,#6967,#6968,#6969,#6970,
#6971,#6972,#6973,#6974,#6975,#6976,#6977,#6978,#6979,#6980,#6981,#6982,
#6983,#6984,#6985,#6986,#6987,#6988,#6989,#6990,#6991,#6992,#6993,#6994,
#6995,#6996,#6997,#6998,#6999,#7000,#7001,#7002,#7003,#7004,#7005,#7006,
#7007,#7008,#7009,#7010,#7011,#7012,#7013,#7014));
#7180=CLOSED_SHELL('',(#7015,#7016,#7017,#7018,#7019,#7020,#7021,#7022,
#7023,#7024,#7025,#7026,#7027,#7028,#7029,#7030,#7031,#7032,#7033,#7034,
#7035,#7036,#7037,#7038,#7039,#7040,#7041,#7042,#7043,#7044,#7045,#7046,
#7047,#7048,#7049,#7050,#7051,#7052,#7053,#7054,#7055,#7056,#7057,#7058,
#7059,#7060,#7061,#7062,#7063,#7064,#7065,#7066,#7067,#7068,#7069,#7070,
#7071,#7072,#7073,#7074,#7075,#7076,#7077,#7078,#7079,#7080,#7081,#7082,
#7083,#7084,#7085,#7086,#7087,#7088,#7089,#7090,#7091,#7092,#7093,#7094,
#7095,#7096,#7097,#7098,#7099,#7100,#7101,#7102,#7103,#7104,#7105,#7106,
#7107,#7108,#7109,#7110,#7111,#7112,#7113,#7114,#7115,#7116,#7117,#7118,
#7119,#7120,#7121,#7122,#7123,#7124,#7125,#7126,#7127,#7128,#7129,#7130,
#7131,#7132,#7133,#7134,#7135,#7136,#7137,#7138,#7139,#7140,#7141,#7142,
#7143,#7144,#7145,#7146,#7147,#7148,#7149,#7150,#7151,#7152,#7153,#7154,
#7155,#7156,#7157,#7158,#7159,#7160,#7161,#7162,#7163,#7164,#7165,#7166,
#7167,#7168,#7169,#7170,#7171,#7172,#7173,#7174,#7175,#7176));
#7181=AXIS2_PLACEMENT_3D('',#9693,#7754,#7755);
#7182=AXIS2_PLACEMENT_3D('',#9694,#7756,#7757);
#7183=AXIS2_PLACEMENT_3D('',#9717,#7769,#7770);
#7184=AXIS2_PLACEMENT_3D('',#9723,#7774,#7775);
#7185=AXIS2_PLACEMENT_3D('',#9727,#7778,#7779);
#7186=AXIS2_PLACEMENT_3D('',#9731,#7782,#7783);
#7187=AXIS2_PLACEMENT_3D('',#9735,#7786,#7787);
#7188=AXIS2_PLACEMENT_3D('',#9739,#7790,#7791);
#7189=AXIS2_PLACEMENT_3D('',#9741,#7792,#7793);
#7190=AXIS2_PLACEMENT_3D('',#9743,#7794,#7795);
#7191=AXIS2_PLACEMENT_3D('',#9744,#7796,#7797);
#7192=AXIS2_PLACEMENT_3D('',#9746,#7798,#7799);
#7193=AXIS2_PLACEMENT_3D('',#9748,#7800,#7801);
#7194=AXIS2_PLACEMENT_3D('',#9749,#7802,#7803);
#7195=AXIS2_PLACEMENT_3D('',#9751,#7804,#7805);
#7196=AXIS2_PLACEMENT_3D('',#9753,#7806,#7807);
#7197=AXIS2_PLACEMENT_3D('',#9754,#7808,#7809);
#7198=AXIS2_PLACEMENT_3D('',#9756,#7810,#7811);
#7199=AXIS2_PLACEMENT_3D('',#9758,#7812,#7813);
#7200=AXIS2_PLACEMENT_3D('',#9759,#7814,#7815);
#7201=AXIS2_PLACEMENT_3D('',#9761,#7816,#7817);
#7202=AXIS2_PLACEMENT_3D('',#9763,#7818,#7819);
#7203=AXIS2_PLACEMENT_3D('',#9764,#7820,#7821);
#7204=AXIS2_PLACEMENT_3D('',#9766,#7822,#7823);
#7205=AXIS2_PLACEMENT_3D('',#9768,#7824,#7825);
#7206=AXIS2_PLACEMENT_3D('',#9769,#7826,#7827);
#7207=AXIS2_PLACEMENT_3D('',#9771,#7828,#7829);
#7208=AXIS2_PLACEMENT_3D('',#9773,#7831,#7832);
#7209=AXIS2_PLACEMENT_3D('',#9775,#7833,#7834);
#7210=AXIS2_PLACEMENT_3D('',#9777,#7836,#7837);
#7211=AXIS2_PLACEMENT_3D('',#9779,#7838,#7839);
#7212=AXIS2_PLACEMENT_3D('',#9781,#7841,#7842);
#7213=AXIS2_PLACEMENT_3D('',#9783,#7843,#7844);
#7214=AXIS2_PLACEMENT_3D('',#9785,#7846,#7847);
#7215=AXIS2_PLACEMENT_3D('',#9787,#7848,#7849);
#7216=AXIS2_PLACEMENT_3D('',#9789,#7851,#7852);
#7217=AXIS2_PLACEMENT_3D('',#9791,#7853,#7854);
#7218=AXIS2_PLACEMENT_3D('',#9793,#7856,#7857);
#7219=AXIS2_PLACEMENT_3D('',#9802,#7862,#7863);
#7220=AXIS2_PLACEMENT_3D('',#9808,#7867,#7868);
#7221=AXIS2_PLACEMENT_3D('',#9814,#7872,#7873);
#7222=AXIS2_PLACEMENT_3D('',#9820,#7877,#7878);
#7223=AXIS2_PLACEMENT_3D('',#9826,#7882,#7883);
#7224=AXIS2_PLACEMENT_3D('',#9832,#7887,#7888);
#7225=AXIS2_PLACEMENT_3D('',#9838,#7892,#7893);
#7226=AXIS2_PLACEMENT_3D('',#9844,#7897,#7898);
#7227=AXIS2_PLACEMENT_3D('',#9850,#7902,#7903);
#7228=AXIS2_PLACEMENT_3D('',#9856,#7907,#7908);
#7229=AXIS2_PLACEMENT_3D('',#9862,#7912,#7913);
#7230=AXIS2_PLACEMENT_3D('',#9868,#7917,#7918);
#7231=AXIS2_PLACEMENT_3D('',#9874,#7922,#7923);
#7232=AXIS2_PLACEMENT_3D('',#9880,#7927,#7928);
#7233=AXIS2_PLACEMENT_3D('',#9904,#7941,#7942);
#7234=AXIS2_PLACEMENT_3D('',#9913,#7947,#7948);
#7235=AXIS2_PLACEMENT_3D('',#9919,#7952,#7953);
#7236=AXIS2_PLACEMENT_3D('',#9925,#7957,#7958);
#7237=AXIS2_PLACEMENT_3D('',#9927,#7960,#7961);
#7238=AXIS2_PLACEMENT_3D('',#9941,#7970,#7971);
#7239=AXIS2_PLACEMENT_3D('',#9943,#7972,#7973);
#7240=AXIS2_PLACEMENT_3D('',#9945,#7975,#7976);
#7241=AXIS2_PLACEMENT_3D('',#9947,#7977,#7978);
#7242=AXIS2_PLACEMENT_3D('',#9949,#7980,#7981);
#7243=AXIS2_PLACEMENT_3D('',#9951,#7982,#7983);
#7244=AXIS2_PLACEMENT_3D('',#9953,#7985,#7986);
#7245=AXIS2_PLACEMENT_3D('',#9955,#7988,#7989);
#7246=AXIS2_PLACEMENT_3D('',#9957,#7991,#7992);
#7247=AXIS2_PLACEMENT_3D('',#9959,#7994,#7995);
#7248=AXIS2_PLACEMENT_3D('',#9961,#7997,#7998);
#7249=AXIS2_PLACEMENT_3D('',#9963,#8000,#8001);
#7250=AXIS2_PLACEMENT_3D('',#9964,#8002,#8003);
#7251=AXIS2_PLACEMENT_3D('',#9966,#8004,#8005);
#7252=AXIS2_PLACEMENT_3D('',#9968,#8007,#8008);
#7253=AXIS2_PLACEMENT_3D('',#9970,#8009,#8010);
#7254=AXIS2_PLACEMENT_3D('',#9972,#8012,#8013);
#7255=AXIS2_PLACEMENT_3D('',#9974,#8014,#8015);
#7256=AXIS2_PLACEMENT_3D('',#9976,#8017,#8018);
#7257=AXIS2_PLACEMENT_3D('',#9982,#8022,#8023);
#7258=AXIS2_PLACEMENT_3D('',#9986,#8026,#8027);
#7259=AXIS2_PLACEMENT_3D('',#9990,#8030,#8031);
#7260=AXIS2_PLACEMENT_3D('',#9994,#8034,#8035);
#7261=AXIS2_PLACEMENT_3D('',#9998,#8038,#8039);
#7262=AXIS2_PLACEMENT_3D('',#10002,#8042,#8043);
#7263=AXIS2_PLACEMENT_3D('',#10006,#8046,#8047);
#7264=AXIS2_PLACEMENT_3D('',#10010,#8050,#8051);
#7265=AXIS2_PLACEMENT_3D('',#10014,#8054,#8055);
#7266=AXIS2_PLACEMENT_3D('',#10018,#8058,#8059);
#7267=AXIS2_PLACEMENT_3D('',#10020,#8061,#8062);
#7268=AXIS2_PLACEMENT_3D('',#10021,#8063,#8064);
#7269=AXIS2_PLACEMENT_3D('',#10030,#8069,#8070);
#7270=AXIS2_PLACEMENT_3D('',#10068,#8089,#8090);
#7271=AXIS2_PLACEMENT_3D('',#10070,#8091,#8092);
#7272=AXIS2_PLACEMENT_3D('',#10072,#8093,#8094);
#7273=AXIS2_PLACEMENT_3D('',#10077,#8097,#8098);
#7274=AXIS2_PLACEMENT_3D('',#10079,#8099,#8100);
#7275=AXIS2_PLACEMENT_3D('',#10081,#8101,#8102);
#7276=AXIS2_PLACEMENT_3D('',#10083,#8103,#8104);
#7277=AXIS2_PLACEMENT_3D('',#10084,#8105,#8106);
#7278=AXIS2_PLACEMENT_3D('',#10093,#8111,#8112);
#7279=AXIS2_PLACEMENT_3D('',#10143,#8137,#8138);
#7280=AXIS2_PLACEMENT_3D('',#10145,#8139,#8140);
#7281=AXIS2_PLACEMENT_3D('',#10147,#8141,#8142);
#7282=AXIS2_PLACEMENT_3D('',#10149,#8143,#8144);
#7283=AXIS2_PLACEMENT_3D('',#10151,#8145,#8146);
#7284=AXIS2_PLACEMENT_3D('',#10153,#8147,#8148);
#7285=AXIS2_PLACEMENT_3D('',#10155,#8149,#8150);
#7286=AXIS2_PLACEMENT_3D('',#10156,#8151,#8152);
#7287=AXIS2_PLACEMENT_3D('',#10159,#8155,#8156);
#7288=AXIS2_PLACEMENT_3D('',#10163,#8159,#8160);
#7289=AXIS2_PLACEMENT_3D('',#10166,#8163,#8164);
#7290=AXIS2_PLACEMENT_3D('',#10168,#8166,#8167);
#7291=AXIS2_PLACEMENT_3D('',#10170,#8169,#8170);
#7292=AXIS2_PLACEMENT_3D('',#10172,#8172,#8173);
#7293=AXIS2_PLACEMENT_3D('',#10174,#8175,#8176);
#7294=AXIS2_PLACEMENT_3D('',#10176,#8178,#8179);
#7295=AXIS2_PLACEMENT_3D('',#10178,#8181,#8182);
#7296=AXIS2_PLACEMENT_3D('',#10180,#8184,#8185);
#7297=AXIS2_PLACEMENT_3D('',#10182,#8187,#8188);
#7298=AXIS2_PLACEMENT_3D('',#10184,#8190,#8191);
#7299=AXIS2_PLACEMENT_3D('',#10188,#8194,#8195);
#7300=AXIS2_PLACEMENT_3D('',#10192,#8198,#8199);
#7301=AXIS2_PLACEMENT_3D('',#10196,#8202,#8203);
#7302=AXIS2_PLACEMENT_3D('',#10198,#8204,#8205);
#7303=AXIS2_PLACEMENT_3D('',#10200,#8206,#8207);
#7304=AXIS2_PLACEMENT_3D('',#10201,#8208,#8209);
#7305=AXIS2_PLACEMENT_3D('',#10203,#8210,#8211);
#7306=AXIS2_PLACEMENT_3D('',#10205,#8212,#8213);
#7307=AXIS2_PLACEMENT_3D('',#10206,#8214,#8215);
#7308=AXIS2_PLACEMENT_3D('',#10208,#8216,#8217);
#7309=AXIS2_PLACEMENT_3D('',#10210,#8218,#8219);
#7310=AXIS2_PLACEMENT_3D('',#10211,#8220,#8221);
#7311=AXIS2_PLACEMENT_3D('',#10213,#8222,#8223);
#7312=AXIS2_PLACEMENT_3D('',#10215,#8224,#8225);
#7313=AXIS2_PLACEMENT_3D('',#10216,#8226,#8227);
#7314=AXIS2_PLACEMENT_3D('',#10218,#8228,#8229);
#7315=AXIS2_PLACEMENT_3D('',#10220,#8230,#8231);
#7316=AXIS2_PLACEMENT_3D('',#10221,#8232,#8233);
#7317=AXIS2_PLACEMENT_3D('',#10223,#8234,#8235);
#7318=AXIS2_PLACEMENT_3D('',#10225,#8236,#8237);
#7319=AXIS2_PLACEMENT_3D('',#10226,#8238,#8239);
#7320=AXIS2_PLACEMENT_3D('',#10228,#8240,#8241);
#7321=AXIS2_PLACEMENT_3D('',#10230,#8242,#8243);
#7322=AXIS2_PLACEMENT_3D('',#10231,#8244,#8245);
#7323=AXIS2_PLACEMENT_3D('',#10233,#8247,#8248);
#7324=AXIS2_PLACEMENT_3D('',#10235,#8250,#8251);
#7325=AXIS2_PLACEMENT_3D('',#10237,#8253,#8254);
#7326=AXIS2_PLACEMENT_3D('',#10239,#8256,#8257);
#7327=AXIS2_PLACEMENT_3D('',#10241,#8259,#8260);
#7328=AXIS2_PLACEMENT_3D('',#10243,#8262,#8263);
#7329=AXIS2_PLACEMENT_3D('',#10245,#8265,#8266);
#7330=AXIS2_PLACEMENT_3D('',#10249,#8269,#8270);
#7331=AXIS2_PLACEMENT_3D('',#10253,#8273,#8274);
#7332=AXIS2_PLACEMENT_3D('',#10257,#8277,#8278);
#7333=AXIS2_PLACEMENT_3D('',#10261,#8281,#8282);
#7334=AXIS2_PLACEMENT_3D('',#10265,#8285,#8286);
#7335=AXIS2_PLACEMENT_3D('',#10269,#8289,#8290);
#7336=AXIS2_PLACEMENT_3D('',#10273,#8293,#8294);
#7337=AXIS2_PLACEMENT_3D('',#10277,#8297,#8298);
#7338=AXIS2_PLACEMENT_3D('',#10281,#8301,#8302);
#7339=AXIS2_PLACEMENT_3D('',#10285,#8305,#8306);
#7340=AXIS2_PLACEMENT_3D('',#10287,#8308,#8309);
#7341=AXIS2_PLACEMENT_3D('',#10289,#8311,#8312);
#7342=AXIS2_PLACEMENT_3D('',#10291,#8314,#8315);
#7343=AXIS2_PLACEMENT_3D('',#10295,#8318,#8319);
#7344=AXIS2_PLACEMENT_3D('',#10297,#8321,#8322);
#7345=AXIS2_PLACEMENT_3D('',#10299,#8324,#8325);
#7346=AXIS2_PLACEMENT_3D('',#10301,#8327,#8328);
#7347=AXIS2_PLACEMENT_3D('',#10303,#8330,#8331);
#7348=AXIS2_PLACEMENT_3D('',#10305,#8333,#8334);
#7349=AXIS2_PLACEMENT_3D('',#10308,#8337,#8338);
#7350=AXIS2_PLACEMENT_3D('',#10310,#8340,#8341);
#7351=AXIS2_PLACEMENT_3D('',#10312,#8343,#8344);
#7352=AXIS2_PLACEMENT_3D('',#10314,#8346,#8347);
#7353=AXIS2_PLACEMENT_3D('',#10315,#8348,#8349);
#7354=AXIS2_PLACEMENT_3D('',#10316,#8350,#8351);
#7355=AXIS2_PLACEMENT_3D('',#10318,#8352,#8353);
#7356=AXIS2_PLACEMENT_3D('',#10320,#8354,#8355);
#7357=AXIS2_PLACEMENT_3D('',#10321,#8356,#8357);
#7358=AXIS2_PLACEMENT_3D('',#10322,#8358,#8359);
#7359=AXIS2_PLACEMENT_3D('',#10325,#8360,#8361);
#7360=AXIS2_PLACEMENT_3D('',#10348,#8373,#8374);
#7361=AXIS2_PLACEMENT_3D('',#10350,#8375,#8376);
#7362=AXIS2_PLACEMENT_3D('',#10352,#8377,#8378);
#7363=AXIS2_PLACEMENT_3D('',#10482,#8443,#8444);
#7364=AXIS2_PLACEMENT_3D('',#10484,#8445,#8446);
#7365=AXIS2_PLACEMENT_3D('',#10485,#8447,#8448);
#7366=AXIS2_PLACEMENT_3D('',#10488,#8450,#8451);
#7367=AXIS2_PLACEMENT_3D('',#10489,#8452,#8453);
#7368=AXIS2_PLACEMENT_3D('',#10491,#8454,#8455);
#7369=AXIS2_PLACEMENT_3D('',#10492,#8456,#8457);
#7370=AXIS2_PLACEMENT_3D('',#10493,#8458,#8459);
#7371=AXIS2_PLACEMENT_3D('',#10496,#8461,#8462);
#7372=AXIS2_PLACEMENT_3D('',#10497,#8463,#8464);
#7373=AXIS2_PLACEMENT_3D('',#10506,#8465,#8466);
#7374=AXIS2_PLACEMENT_3D('',#10507,#8467,#8468);
#7375=AXIS2_PLACEMENT_3D('',#10514,#8469,#8470);
#7376=AXIS2_PLACEMENT_3D('',#10516,#8471,#8472);
#7377=AXIS2_PLACEMENT_3D('',#10519,#8474,#8475);
#7378=AXIS2_PLACEMENT_3D('',#10520,#8476,#8477);
#7379=AXIS2_PLACEMENT_3D('',#10523,#8479,#8480);
#7380=AXIS2_PLACEMENT_3D('',#10524,#8481,#8482);
#7381=AXIS2_PLACEMENT_3D('',#10526,#8483,#8484);
#7382=AXIS2_PLACEMENT_3D('',#10527,#8485,#8486);
#7383=AXIS2_PLACEMENT_3D('',#10528,#8487,#8488);
#7384=AXIS2_PLACEMENT_3D('',#10531,#8490,#8491);
#7385=AXIS2_PLACEMENT_3D('',#10532,#8492,#8493);
#7386=AXIS2_PLACEMENT_3D('',#10534,#8494,#8495);
#7387=AXIS2_PLACEMENT_3D('',#10535,#8496,#8497);
#7388=AXIS2_PLACEMENT_3D('',#10536,#8498,#8499);
#7389=AXIS2_PLACEMENT_3D('',#10539,#8501,#8502);
#7390=AXIS2_PLACEMENT_3D('',#10540,#8503,#8504);
#7391=AXIS2_PLACEMENT_3D('',#10542,#8505,#8506);
#7392=AXIS2_PLACEMENT_3D('',#10543,#8507,#8508);
#7393=AXIS2_PLACEMENT_3D('',#10544,#8509,#8510);
#7394=AXIS2_PLACEMENT_3D('',#10547,#8512,#8513);
#7395=AXIS2_PLACEMENT_3D('',#10548,#8514,#8515);
#7396=AXIS2_PLACEMENT_3D('',#10550,#8516,#8517);
#7397=AXIS2_PLACEMENT_3D('',#10553,#8519,#8520);
#7398=AXIS2_PLACEMENT_3D('',#10554,#8521,#8522);
#7399=AXIS2_PLACEMENT_3D('',#10556,#8523,#8524);
#7400=AXIS2_PLACEMENT_3D('',#10558,#8526,#8527);
#7401=AXIS2_PLACEMENT_3D('',#10560,#8529,#8530);
#7402=AXIS2_PLACEMENT_3D('',#10562,#8531,#8532);
#7403=AXIS2_PLACEMENT_3D('',#10564,#8534,#8535);
#7404=AXIS2_PLACEMENT_3D('',#10566,#8536,#8537);
#7405=AXIS2_PLACEMENT_3D('',#10568,#8539,#8540);
#7406=AXIS2_PLACEMENT_3D('',#10571,#8542,#8543);
#7407=AXIS2_PLACEMENT_3D('',#10572,#8544,#8545);
#7408=AXIS2_PLACEMENT_3D('',#10575,#8547,#8548);
#7409=AXIS2_PLACEMENT_3D('',#10576,#8549,#8550);
#7410=AXIS2_PLACEMENT_3D('',#10579,#8552,#8553);
#7411=AXIS2_PLACEMENT_3D('',#10580,#8554,#8555);
#7412=AXIS2_PLACEMENT_3D('',#10583,#8557,#8558);
#7413=AXIS2_PLACEMENT_3D('',#10584,#8559,#8560);
#7414=AXIS2_PLACEMENT_3D('',#10586,#8562,#8563);
#7415=AXIS2_PLACEMENT_3D('',#10592,#8567,#8568);
#7416=AXIS2_PLACEMENT_3D('',#10596,#8571,#8572);
#7417=AXIS2_PLACEMENT_3D('',#10600,#8575,#8576);
#7418=AXIS2_PLACEMENT_3D('',#10604,#8579,#8580);
#7419=AXIS2_PLACEMENT_3D('',#10608,#8583,#8584);
#7420=AXIS2_PLACEMENT_3D('',#10612,#8587,#8588);
#7421=AXIS2_PLACEMENT_3D('',#10618,#8592,#8593);
#7422=AXIS2_PLACEMENT_3D('',#10622,#8596,#8597);
#7423=AXIS2_PLACEMENT_3D('',#10626,#8600,#8601);
#7424=AXIS2_PLACEMENT_3D('',#10628,#8603,#8604);
#7425=AXIS2_PLACEMENT_3D('',#10634,#8608,#8609);
#7426=AXIS2_PLACEMENT_3D('',#10638,#8612,#8613);
#7427=AXIS2_PLACEMENT_3D('',#10642,#8616,#8617);
#7428=AXIS2_PLACEMENT_3D('',#10644,#8619,#8620);
#7429=AXIS2_PLACEMENT_3D('',#10650,#8624,#8625);
#7430=AXIS2_PLACEMENT_3D('',#10654,#8628,#8629);
#7431=AXIS2_PLACEMENT_3D('',#10658,#8632,#8633);
#7432=AXIS2_PLACEMENT_3D('',#10660,#8635,#8636);
#7433=AXIS2_PLACEMENT_3D('',#10666,#8640,#8641);
#7434=AXIS2_PLACEMENT_3D('',#10670,#8644,#8645);
#7435=AXIS2_PLACEMENT_3D('',#10674,#8648,#8649);
#7436=AXIS2_PLACEMENT_3D('',#10676,#8651,#8652);
#7437=AXIS2_PLACEMENT_3D('',#10682,#8656,#8657);
#7438=AXIS2_PLACEMENT_3D('',#10686,#8660,#8661);
#7439=AXIS2_PLACEMENT_3D('',#10690,#8664,#8665);
#7440=AXIS2_PLACEMENT_3D('',#10692,#8667,#8668);
#7441=AXIS2_PLACEMENT_3D('',#10698,#8672,#8673);
#7442=AXIS2_PLACEMENT_3D('',#10702,#8676,#8677);
#7443=AXIS2_PLACEMENT_3D('',#10706,#8680,#8681);
#7444=AXIS2_PLACEMENT_3D('',#10708,#8683,#8684);
#7445=AXIS2_PLACEMENT_3D('',#10714,#8688,#8689);
#7446=AXIS2_PLACEMENT_3D('',#10718,#8692,#8693);
#7447=AXIS2_PLACEMENT_3D('',#10722,#8696,#8697);
#7448=AXIS2_PLACEMENT_3D('',#10724,#8699,#8700);
#7449=AXIS2_PLACEMENT_3D('',#10730,#8704,#8705);
#7450=AXIS2_PLACEMENT_3D('',#10734,#8708,#8709);
#7451=AXIS2_PLACEMENT_3D('',#10738,#8712,#8713);
#7452=AXIS2_PLACEMENT_3D('',#10740,#8715,#8716);
#7453=AXIS2_PLACEMENT_3D('',#10746,#8720,#8721);
#7454=AXIS2_PLACEMENT_3D('',#10750,#8724,#8725);
#7455=AXIS2_PLACEMENT_3D('',#10754,#8728,#8729);
#7456=AXIS2_PLACEMENT_3D('',#10756,#8731,#8732);
#7457=AXIS2_PLACEMENT_3D('',#10762,#8736,#8737);
#7458=AXIS2_PLACEMENT_3D('',#10766,#8740,#8741);
#7459=AXIS2_PLACEMENT_3D('',#10770,#8744,#8745);
#7460=AXIS2_PLACEMENT_3D('',#10772,#8747,#8748);
#7461=AXIS2_PLACEMENT_3D('',#10778,#8752,#8753);
#7462=AXIS2_PLACEMENT_3D('',#10782,#8756,#8757);
#7463=AXIS2_PLACEMENT_3D('',#10786,#8760,#8761);
#7464=AXIS2_PLACEMENT_3D('',#10788,#8763,#8764);
#7465=AXIS2_PLACEMENT_3D('',#10794,#8768,#8769);
#7466=AXIS2_PLACEMENT_3D('',#10798,#8772,#8773);
#7467=AXIS2_PLACEMENT_3D('',#10802,#8776,#8777);
#7468=AXIS2_PLACEMENT_3D('',#10804,#8779,#8780);
#7469=AXIS2_PLACEMENT_3D('',#10810,#8784,#8785);
#7470=AXIS2_PLACEMENT_3D('',#10814,#8788,#8789);
#7471=AXIS2_PLACEMENT_3D('',#10818,#8792,#8793);
#7472=AXIS2_PLACEMENT_3D('',#10820,#8795,#8796);
#7473=AXIS2_PLACEMENT_3D('',#10826,#8800,#8801);
#7474=AXIS2_PLACEMENT_3D('',#10830,#8804,#8805);
#7475=AXIS2_PLACEMENT_3D('',#10834,#8808,#8809);
#7476=AXIS2_PLACEMENT_3D('',#10836,#8811,#8812);
#7477=AXIS2_PLACEMENT_3D('',#10842,#8816,#8817);
#7478=AXIS2_PLACEMENT_3D('',#10846,#8820,#8821);
#7479=AXIS2_PLACEMENT_3D('',#10850,#8824,#8825);
#7480=AXIS2_PLACEMENT_3D('',#10852,#8827,#8828);
#7481=AXIS2_PLACEMENT_3D('',#10858,#8832,#8833);
#7482=AXIS2_PLACEMENT_3D('',#10862,#8836,#8837);
#7483=AXIS2_PLACEMENT_3D('',#10866,#8840,#8841);
#7484=AXIS2_PLACEMENT_3D('',#10868,#8843,#8844);
#7485=AXIS2_PLACEMENT_3D('',#10872,#8847,#8848);
#7486=AXIS2_PLACEMENT_3D('',#10876,#8851,#8852);
#7487=AXIS2_PLACEMENT_3D('',#10880,#8855,#8856);
#7488=AXIS2_PLACEMENT_3D('',#10884,#8859,#8860);
#7489=AXIS2_PLACEMENT_3D('',#10886,#8862,#8863);
#7490=AXIS2_PLACEMENT_3D('',#10887,#8864,#8865);
#7491=AXIS2_PLACEMENT_3D('',#10892,#8867,#8868);
#7492=AXIS2_PLACEMENT_3D('',#10895,#8870,#8871);
#7493=AXIS2_PLACEMENT_3D('',#10896,#8872,#8873);
#7494=AXIS2_PLACEMENT_3D('',#10900,#8875,#8876);
#7495=AXIS2_PLACEMENT_3D('',#10902,#8878,#8879);
#7496=AXIS2_PLACEMENT_3D('',#10906,#8881,#8882);
#7497=AXIS2_PLACEMENT_3D('',#10908,#8884,#8885);
#7498=AXIS2_PLACEMENT_3D('',#10912,#8887,#8888);
#7499=AXIS2_PLACEMENT_3D('',#10914,#8890,#8891);
#7500=AXIS2_PLACEMENT_3D('',#10943,#8893,#8894);
#7501=AXIS2_PLACEMENT_3D('',#10946,#8897,#8898);
#7502=AXIS2_PLACEMENT_3D('',#10951,#8901,#8902);
#7503=AXIS2_PLACEMENT_3D('',#10952,#8903,#8904);
#7504=AXIS2_PLACEMENT_3D('',#10968,#8906,#8907);
#7505=AXIS2_PLACEMENT_3D('',#10971,#8910,#8911);
#7506=AXIS2_PLACEMENT_3D('',#10976,#8914,#8915);
#7507=AXIS2_PLACEMENT_3D('',#10977,#8916,#8917);
#7508=AXIS2_PLACEMENT_3D('',#10980,#8920,#8921);
#7509=AXIS2_PLACEMENT_3D('',#10986,#8925,#8926);
#7510=AXIS2_PLACEMENT_3D('',#10990,#8929,#8930);
#7511=AXIS2_PLACEMENT_3D('',#10994,#8933,#8934);
#7512=AXIS2_PLACEMENT_3D('',#10998,#8937,#8938);
#7513=AXIS2_PLACEMENT_3D('',#11002,#8941,#8942);
#7514=AXIS2_PLACEMENT_3D('',#11003,#8943,#8944);
#7515=AXIS2_PLACEMENT_3D('',#11005,#8945,#8946);
#7516=AXIS2_PLACEMENT_3D('',#11006,#8947,#8948);
#7517=AXIS2_PLACEMENT_3D('',#11007,#8949,#8950);
#7518=AXIS2_PLACEMENT_3D('',#11009,#8951,#8952);
#7519=AXIS2_PLACEMENT_3D('',#11010,#8953,#8954);
#7520=AXIS2_PLACEMENT_3D('',#11036,#8967,#8968);
#7521=AXIS2_PLACEMENT_3D('',#11046,#8973,#8974);
#7522=AXIS2_PLACEMENT_3D('',#11088,#8995,#8996);
#7523=AXIS2_PLACEMENT_3D('',#11090,#8997,#8998);
#7524=AXIS2_PLACEMENT_3D('',#11116,#9011,#9012);
#7525=AXIS2_PLACEMENT_3D('',#11149,#9029,#9030);
#7526=AXIS2_PLACEMENT_3D('',#11151,#9031,#9032);
#7527=AXIS2_PLACEMENT_3D('',#11152,#9033,#9034);
#7528=AXIS2_PLACEMENT_3D('',#11153,#9035,#9036);
#7529=AXIS2_PLACEMENT_3D('',#11155,#9037,#9038);
#7530=AXIS2_PLACEMENT_3D('',#11158,#9040,#9041);
#7531=AXIS2_PLACEMENT_3D('',#11159,#9042,#9043);
#7532=AXIS2_PLACEMENT_3D('',#11161,#9044,#9045);
#7533=AXIS2_PLACEMENT_3D('',#11163,#9047,#9048);
#7534=AXIS2_PLACEMENT_3D('',#11165,#9049,#9050);
#7535=AXIS2_PLACEMENT_3D('',#11167,#9052,#9053);
#7536=AXIS2_PLACEMENT_3D('',#11169,#9055,#9056);
#7537=AXIS2_PLACEMENT_3D('',#11175,#9060,#9061);
#7538=AXIS2_PLACEMENT_3D('',#11179,#9064,#9065);
#7539=AXIS2_PLACEMENT_3D('',#11181,#9066,#9067);
#7540=AXIS2_PLACEMENT_3D('',#11184,#9069,#9070);
#7541=AXIS2_PLACEMENT_3D('',#11185,#9071,#9072);
#7542=AXIS2_PLACEMENT_3D('',#11187,#9073,#9074);
#7543=AXIS2_PLACEMENT_3D('',#11189,#9076,#9077);
#7544=AXIS2_PLACEMENT_3D('',#11191,#9078,#9079);
#7545=AXIS2_PLACEMENT_3D('',#11193,#9081,#9082);
#7546=AXIS2_PLACEMENT_3D('',#11195,#9084,#9085);
#7547=AXIS2_PLACEMENT_3D('',#11201,#9089,#9090);
#7548=AXIS2_PLACEMENT_3D('',#11205,#9093,#9094);
#7549=AXIS2_PLACEMENT_3D('',#11207,#9095,#9096);
#7550=AXIS2_PLACEMENT_3D('',#11210,#9098,#9099);
#7551=AXIS2_PLACEMENT_3D('',#11211,#9100,#9101);
#7552=AXIS2_PLACEMENT_3D('',#11213,#9102,#9103);
#7553=AXIS2_PLACEMENT_3D('',#11215,#9105,#9106);
#7554=AXIS2_PLACEMENT_3D('',#11217,#9107,#9108);
#7555=AXIS2_PLACEMENT_3D('',#11219,#9110,#9111);
#7556=AXIS2_PLACEMENT_3D('',#11221,#9113,#9114);
#7557=AXIS2_PLACEMENT_3D('',#11227,#9118,#9119);
#7558=AXIS2_PLACEMENT_3D('',#11231,#9122,#9123);
#7559=AXIS2_PLACEMENT_3D('',#11233,#9124,#9125);
#7560=AXIS2_PLACEMENT_3D('',#11236,#9127,#9128);
#7561=AXIS2_PLACEMENT_3D('',#11237,#9129,#9130);
#7562=AXIS2_PLACEMENT_3D('',#11239,#9131,#9132);
#7563=AXIS2_PLACEMENT_3D('',#11241,#9134,#9135);
#7564=AXIS2_PLACEMENT_3D('',#11243,#9136,#9137);
#7565=AXIS2_PLACEMENT_3D('',#11245,#9139,#9140);
#7566=AXIS2_PLACEMENT_3D('',#11247,#9142,#9143);
#7567=AXIS2_PLACEMENT_3D('',#11253,#9147,#9148);
#7568=AXIS2_PLACEMENT_3D('',#11257,#9151,#9152);
#7569=AXIS2_PLACEMENT_3D('',#11259,#9153,#9154);
#7570=AXIS2_PLACEMENT_3D('',#11262,#9156,#9157);
#7571=AXIS2_PLACEMENT_3D('',#11263,#9158,#9159);
#7572=AXIS2_PLACEMENT_3D('',#11265,#9160,#9161);
#7573=AXIS2_PLACEMENT_3D('',#11267,#9163,#9164);
#7574=AXIS2_PLACEMENT_3D('',#11269,#9165,#9166);
#7575=AXIS2_PLACEMENT_3D('',#11271,#9168,#9169);
#7576=AXIS2_PLACEMENT_3D('',#11273,#9171,#9172);
#7577=AXIS2_PLACEMENT_3D('',#11279,#9176,#9177);
#7578=AXIS2_PLACEMENT_3D('',#11283,#9180,#9181);
#7579=AXIS2_PLACEMENT_3D('',#11285,#9182,#9183);
#7580=AXIS2_PLACEMENT_3D('',#11288,#9185,#9186);
#7581=AXIS2_PLACEMENT_3D('',#11289,#9187,#9188);
#7582=AXIS2_PLACEMENT_3D('',#11291,#9189,#9190);
#7583=AXIS2_PLACEMENT_3D('',#11293,#9192,#9193);
#7584=AXIS2_PLACEMENT_3D('',#11295,#9194,#9195);
#7585=AXIS2_PLACEMENT_3D('',#11297,#9197,#9198);
#7586=AXIS2_PLACEMENT_3D('',#11299,#9200,#9201);
#7587=AXIS2_PLACEMENT_3D('',#11305,#9205,#9206);
#7588=AXIS2_PLACEMENT_3D('',#11309,#9209,#9210);
#7589=AXIS2_PLACEMENT_3D('',#11311,#9211,#9212);
#7590=AXIS2_PLACEMENT_3D('',#11312,#9213,#9214);
#7591=AXIS2_PLACEMENT_3D('',#11313,#9215,#9216);
#7592=AXIS2_PLACEMENT_3D('',#11316,#9218,#9219);
#7593=AXIS2_PLACEMENT_3D('',#11317,#9220,#9221);
#7594=AXIS2_PLACEMENT_3D('',#11319,#9222,#9223);
#7595=AXIS2_PLACEMENT_3D('',#11322,#9225,#9226);
#7596=AXIS2_PLACEMENT_3D('',#11323,#9227,#9228);
#7597=AXIS2_PLACEMENT_3D('',#11325,#9229,#9230);
#7598=AXIS2_PLACEMENT_3D('',#11327,#9232,#9233);
#7599=AXIS2_PLACEMENT_3D('',#11329,#9234,#9235);
#7600=AXIS2_PLACEMENT_3D('',#11331,#9237,#9238);
#7601=AXIS2_PLACEMENT_3D('',#11333,#9240,#9241);
#7602=AXIS2_PLACEMENT_3D('',#11339,#9245,#9246);
#7603=AXIS2_PLACEMENT_3D('',#11343,#9249,#9250);
#7604=AXIS2_PLACEMENT_3D('',#11345,#9251,#9252);
#7605=AXIS2_PLACEMENT_3D('',#11348,#9254,#9255);
#7606=AXIS2_PLACEMENT_3D('',#11349,#9256,#9257);
#7607=AXIS2_PLACEMENT_3D('',#11351,#9258,#9259);
#7608=AXIS2_PLACEMENT_3D('',#11353,#9261,#9262);
#7609=AXIS2_PLACEMENT_3D('',#11355,#9263,#9264);
#7610=AXIS2_PLACEMENT_3D('',#11357,#9266,#9267);
#7611=AXIS2_PLACEMENT_3D('',#11359,#9269,#9270);
#7612=AXIS2_PLACEMENT_3D('',#11365,#9274,#9275);
#7613=AXIS2_PLACEMENT_3D('',#11369,#9278,#9279);
#7614=AXIS2_PLACEMENT_3D('',#11371,#9280,#9281);
#7615=AXIS2_PLACEMENT_3D('',#11372,#9282,#9283);
#7616=AXIS2_PLACEMENT_3D('',#11373,#9284,#9285);
#7617=AXIS2_PLACEMENT_3D('',#11376,#9287,#9288);
#7618=AXIS2_PLACEMENT_3D('',#11377,#9289,#9290);
#7619=AXIS2_PLACEMENT_3D('',#11380,#9292,#9293);
#7620=AXIS2_PLACEMENT_3D('',#11381,#9294,#9295);
#7621=AXIS2_PLACEMENT_3D('',#11383,#9296,#9297);
#7622=AXIS2_PLACEMENT_3D('',#11386,#9299,#9300);
#7623=AXIS2_PLACEMENT_3D('',#11387,#9301,#9302);
#7624=AXIS2_PLACEMENT_3D('',#11389,#9303,#9304);
#7625=AXIS2_PLACEMENT_3D('',#11391,#9306,#9307);
#7626=AXIS2_PLACEMENT_3D('',#11393,#9308,#9309);
#7627=AXIS2_PLACEMENT_3D('',#11395,#9311,#9312);
#7628=AXIS2_PLACEMENT_3D('',#11397,#9314,#9315);
#7629=AXIS2_PLACEMENT_3D('',#11403,#9319,#9320);
#7630=AXIS2_PLACEMENT_3D('',#11407,#9323,#9324);
#7631=AXIS2_PLACEMENT_3D('',#11409,#9325,#9326);
#7632=AXIS2_PLACEMENT_3D('',#11410,#9327,#9328);
#7633=AXIS2_PLACEMENT_3D('',#11411,#9329,#9330);
#7634=AXIS2_PLACEMENT_3D('',#11414,#9332,#9333);
#7635=AXIS2_PLACEMENT_3D('',#11415,#9334,#9335);
#7636=AXIS2_PLACEMENT_3D('',#11417,#9336,#9337);
#7637=AXIS2_PLACEMENT_3D('',#11420,#9339,#9340);
#7638=AXIS2_PLACEMENT_3D('',#11421,#9341,#9342);
#7639=AXIS2_PLACEMENT_3D('',#11423,#9343,#9344);
#7640=AXIS2_PLACEMENT_3D('',#11425,#9346,#9347);
#7641=AXIS2_PLACEMENT_3D('',#11427,#9348,#9349);
#7642=AXIS2_PLACEMENT_3D('',#11429,#9351,#9352);
#7643=AXIS2_PLACEMENT_3D('',#11431,#9354,#9355);
#7644=AXIS2_PLACEMENT_3D('',#11437,#9359,#9360);
#7645=AXIS2_PLACEMENT_3D('',#11441,#9363,#9364);
#7646=AXIS2_PLACEMENT_3D('',#11443,#9365,#9366);
#7647=AXIS2_PLACEMENT_3D('',#11446,#9368,#9369);
#7648=AXIS2_PLACEMENT_3D('',#11447,#9370,#9371);
#7649=AXIS2_PLACEMENT_3D('',#11449,#9372,#9373);
#7650=AXIS2_PLACEMENT_3D('',#11451,#9375,#9376);
#7651=AXIS2_PLACEMENT_3D('',#11453,#9377,#9378);
#7652=AXIS2_PLACEMENT_3D('',#11455,#9380,#9381);
#7653=AXIS2_PLACEMENT_3D('',#11457,#9383,#9384);
#7654=AXIS2_PLACEMENT_3D('',#11463,#9388,#9389);
#7655=AXIS2_PLACEMENT_3D('',#11467,#9392,#9393);
#7656=AXIS2_PLACEMENT_3D('',#11469,#9394,#9395);
#7657=AXIS2_PLACEMENT_3D('',#11472,#9397,#9398);
#7658=AXIS2_PLACEMENT_3D('',#11473,#9399,#9400);
#7659=AXIS2_PLACEMENT_3D('',#11475,#9401,#9402);
#7660=AXIS2_PLACEMENT_3D('',#11477,#9404,#9405);
#7661=AXIS2_PLACEMENT_3D('',#11479,#9406,#9407);
#7662=AXIS2_PLACEMENT_3D('',#11481,#9409,#9410);
#7663=AXIS2_PLACEMENT_3D('',#11483,#9412,#9413);
#7664=AXIS2_PLACEMENT_3D('',#11489,#9417,#9418);
#7665=AXIS2_PLACEMENT_3D('',#11493,#9421,#9422);
#7666=AXIS2_PLACEMENT_3D('',#11495,#9423,#9424);
#7667=AXIS2_PLACEMENT_3D('',#11498,#9426,#9427);
#7668=AXIS2_PLACEMENT_3D('',#11499,#9428,#9429);
#7669=AXIS2_PLACEMENT_3D('',#11501,#9430,#9431);
#7670=AXIS2_PLACEMENT_3D('',#11503,#9433,#9434);
#7671=AXIS2_PLACEMENT_3D('',#11505,#9435,#9436);
#7672=AXIS2_PLACEMENT_3D('',#11507,#9438,#9439);
#7673=AXIS2_PLACEMENT_3D('',#11509,#9441,#9442);
#7674=AXIS2_PLACEMENT_3D('',#11515,#9446,#9447);
#7675=AXIS2_PLACEMENT_3D('',#11519,#9450,#9451);
#7676=AXIS2_PLACEMENT_3D('',#11522,#9453,#9454);
#7677=AXIS2_PLACEMENT_3D('',#11523,#9455,#9456);
#7678=AXIS2_PLACEMENT_3D('',#11525,#9457,#9458);
#7679=AXIS2_PLACEMENT_3D('',#11528,#9460,#9461);
#7680=AXIS2_PLACEMENT_3D('',#11529,#9462,#9463);
#7681=AXIS2_PLACEMENT_3D('',#11531,#9464,#9465);
#7682=AXIS2_PLACEMENT_3D('',#11533,#9467,#9468);
#7683=AXIS2_PLACEMENT_3D('',#11535,#9469,#9470);
#7684=AXIS2_PLACEMENT_3D('',#11537,#9472,#9473);
#7685=AXIS2_PLACEMENT_3D('',#11539,#9475,#9476);
#7686=AXIS2_PLACEMENT_3D('',#11545,#9480,#9481);
#7687=AXIS2_PLACEMENT_3D('',#11549,#9484,#9485);
#7688=AXIS2_PLACEMENT_3D('',#11551,#9486,#9487);
#7689=AXIS2_PLACEMENT_3D('',#11552,#9488,#9489);
#7690=AXIS2_PLACEMENT_3D('',#11553,#9490,#9491);
#7691=AXIS2_PLACEMENT_3D('',#11556,#9493,#9494);
#7692=AXIS2_PLACEMENT_3D('',#11557,#9495,#9496);
#7693=AXIS2_PLACEMENT_3D('',#11559,#9497,#9498);
#7694=AXIS2_PLACEMENT_3D('',#11562,#9500,#9501);
#7695=AXIS2_PLACEMENT_3D('',#11563,#9502,#9503);
#7696=AXIS2_PLACEMENT_3D('',#11565,#9504,#9505);
#7697=AXIS2_PLACEMENT_3D('',#11567,#9507,#9508);
#7698=AXIS2_PLACEMENT_3D('',#11569,#9509,#9510);
#7699=AXIS2_PLACEMENT_3D('',#11571,#9512,#9513);
#7700=AXIS2_PLACEMENT_3D('',#11573,#9515,#9516);
#7701=AXIS2_PLACEMENT_3D('',#11579,#9520,#9521);
#7702=AXIS2_PLACEMENT_3D('',#11583,#9524,#9525);
#7703=AXIS2_PLACEMENT_3D('',#11585,#9526,#9527);
#7704=AXIS2_PLACEMENT_3D('',#11586,#9528,#9529);
#7705=AXIS2_PLACEMENT_3D('',#11587,#9530,#9531);
#7706=AXIS2_PLACEMENT_3D('',#11590,#9533,#9534);
#7707=AXIS2_PLACEMENT_3D('',#11591,#9535,#9536);
#7708=AXIS2_PLACEMENT_3D('',#11593,#9537,#9538);
#7709=AXIS2_PLACEMENT_3D('',#11596,#9540,#9541);
#7710=AXIS2_PLACEMENT_3D('',#11597,#9542,#9543);
#7711=AXIS2_PLACEMENT_3D('',#11599,#9544,#9545);
#7712=AXIS2_PLACEMENT_3D('',#11601,#9547,#9548);
#7713=AXIS2_PLACEMENT_3D('',#11603,#9549,#9550);
#7714=AXIS2_PLACEMENT_3D('',#11605,#9552,#9553);
#7715=AXIS2_PLACEMENT_3D('',#11607,#9555,#9556);
#7716=AXIS2_PLACEMENT_3D('',#11613,#9560,#9561);
#7717=AXIS2_PLACEMENT_3D('',#11617,#9564,#9565);
#7718=AXIS2_PLACEMENT_3D('',#11621,#9568,#9569);
#7719=AXIS2_PLACEMENT_3D('',#11623,#9571,#9572);
#7720=AXIS2_PLACEMENT_3D('',#11627,#9575,#9576);
#7721=AXIS2_PLACEMENT_3D('',#11629,#9578,#9579);
#7722=AXIS2_PLACEMENT_3D('',#11633,#9582,#9583);
#7723=AXIS2_PLACEMENT_3D('',#11635,#9585,#9586);
#7724=AXIS2_PLACEMENT_3D('',#11639,#9589,#9590);
#7725=AXIS2_PLACEMENT_3D('',#11641,#9592,#9593);
#7726=AXIS2_PLACEMENT_3D('',#11645,#9596,#9597);
#7727=AXIS2_PLACEMENT_3D('',#11647,#9599,#9600);
#7728=AXIS2_PLACEMENT_3D('',#11651,#9603,#9604);
#7729=AXIS2_PLACEMENT_3D('',#11653,#9606,#9607);
#7730=AXIS2_PLACEMENT_3D('',#11657,#9610,#9611);
#7731=AXIS2_PLACEMENT_3D('',#11659,#9613,#9614);
#7732=AXIS2_PLACEMENT_3D('',#11663,#9617,#9618);
#7733=AXIS2_PLACEMENT_3D('',#11665,#9620,#9621);
#7734=AXIS2_PLACEMENT_3D('',#11669,#9624,#9625);
#7735=AXIS2_PLACEMENT_3D('',#11671,#9627,#9628);
#7736=AXIS2_PLACEMENT_3D('',#11675,#9631,#9632);
#7737=AXIS2_PLACEMENT_3D('',#11677,#9634,#9635);
#7738=AXIS2_PLACEMENT_3D('',#11681,#9638,#9639);
#7739=AXIS2_PLACEMENT_3D('',#11683,#9641,#9642);
#7740=AXIS2_PLACEMENT_3D('',#11687,#9645,#9646);
#7741=AXIS2_PLACEMENT_3D('',#11689,#9648,#9649);
#7742=AXIS2_PLACEMENT_3D('',#11693,#9652,#9653);
#7743=AXIS2_PLACEMENT_3D('',#11695,#9655,#9656);
#7744=AXIS2_PLACEMENT_3D('',#11699,#9659,#9660);
#7745=AXIS2_PLACEMENT_3D('',#11701,#9662,#9663);
#7746=AXIS2_PLACEMENT_3D('',#11705,#9666,#9667);
#7747=AXIS2_PLACEMENT_3D('',#11707,#9669,#9670);
#7748=AXIS2_PLACEMENT_3D('',#11711,#9673,#9674);
#7749=AXIS2_PLACEMENT_3D('',#11713,#9676,#9677);
#7750=AXIS2_PLACEMENT_3D('',#11717,#9680,#9681);
#7751=AXIS2_PLACEMENT_3D('',#11721,#9684,#9685);
#7752=AXIS2_PLACEMENT_3D('',#11725,#9688,#9689);
#7753=AXIS2_PLACEMENT_3D('',#11727,#9691,#9692);
#7754=DIRECTION('axis',(0.,0.,1.));
#7755=DIRECTION('refdir',(1.,0.,0.));
#7756=DIRECTION('center_axis',(0.,0.,1.));
#7757=DIRECTION('ref_axis',(1.,0.,0.));
#7758=DIRECTION('',(0.921635375138065,-0.388057000058133,0.));
#7759=DIRECTION('',(0.118212889785112,-0.992988274194944,0.));
#7760=DIRECTION('',(0.686220426895719,-0.727393652509463,0.));
#7761=DIRECTION('',(0.,-1.,0.));
#7762=DIRECTION('',(1.,0.,0.));
#7763=DIRECTION('',(1.48029736616687E-15,1.,0.));
#7764=DIRECTION('',(1.,0.,0.));
#7765=DIRECTION('',(0.,1.,0.));
#7766=DIRECTION('',(-0.72841168629355,0.685139704929577,0.));
#7767=DIRECTION('',(-1.,0.,0.));
#7768=DIRECTION('',(0.,-1.,0.));
#7769=DIRECTION('center_axis',(1.,-1.48029736616687E-15,0.));
#7770=DIRECTION('ref_axis',(-1.48029736616687E-15,-1.,0.));
#7771=DIRECTION('',(0.,0.,-1.));
#7772=DIRECTION('',(1.48029736616687E-15,1.,0.));
#7773=DIRECTION('',(0.,0.,-1.));
#7774=DIRECTION('center_axis',(0.,-1.,0.));
#7775=DIRECTION('ref_axis',(-1.,0.,0.));
#7776=DIRECTION('',(0.,0.,-1.));
#7777=DIRECTION('',(1.,0.,0.));
#7778=DIRECTION('center_axis',(-1.,0.,0.));
#7779=DIRECTION('ref_axis',(0.,1.,0.));
#7780=DIRECTION('',(0.,0.,-1.));
#7781=DIRECTION('',(0.,-1.,0.));
#7782=DIRECTION('center_axis',(-0.727393652509463,-0.686220426895719,0.));
#7783=DIRECTION('ref_axis',(-0.686220426895719,0.727393652509463,0.));
#7784=DIRECTION('',(0.,0.,-1.));
#7785=DIRECTION('',(0.686220426895719,-0.727393652509463,0.));
#7786=DIRECTION('center_axis',(-0.992988274194944,-0.118212889785112,0.));
#7787=DIRECTION('ref_axis',(-0.118212889785112,0.992988274194944,0.));
#7788=DIRECTION('',(0.,0.,-1.));
#7789=DIRECTION('',(0.118212889785112,-0.992988274194944,0.));
#7790=DIRECTION('center_axis',(0.,0.,1.));
#7791=DIRECTION('ref_axis',(-1.,0.,0.));
#7792=DIRECTION('center_axis',(0.,0.,-1.));
#7793=DIRECTION('ref_axis',(-1.,0.,0.));
#7794=DIRECTION('center_axis',(0.,0.,-1.));
#7795=DIRECTION('ref_axis',(-1.,0.,0.));
#7796=DIRECTION('center_axis',(0.,0.,1.));
#7797=DIRECTION('ref_axis',(-1.,0.,0.));
#7798=DIRECTION('center_axis',(0.,0.,-1.));
#7799=DIRECTION('ref_axis',(-1.,0.,0.));
#7800=DIRECTION('center_axis',(0.,0.,-1.));
#7801=DIRECTION('ref_axis',(-1.,0.,0.));
#7802=DIRECTION('center_axis',(0.,0.,1.));
#7803=DIRECTION('ref_axis',(-1.,0.,0.));
#7804=DIRECTION('center_axis',(0.,0.,-1.));
#7805=DIRECTION('ref_axis',(-1.,0.,0.));
#7806=DIRECTION('center_axis',(0.,0.,-1.));
#7807=DIRECTION('ref_axis',(-1.,0.,0.));
#7808=DIRECTION('center_axis',(0.,0.,1.));
#7809=DIRECTION('ref_axis',(-1.,0.,0.));
#7810=DIRECTION('center_axis',(0.,0.,-1.));
#7811=DIRECTION('ref_axis',(-1.,0.,0.));
#7812=DIRECTION('center_axis',(0.,0.,-1.));
#7813=DIRECTION('ref_axis',(-1.,0.,0.));
#7814=DIRECTION('center_axis',(0.,0.,1.));
#7815=DIRECTION('ref_axis',(-1.,0.,0.));
#7816=DIRECTION('center_axis',(0.,0.,-1.));
#7817=DIRECTION('ref_axis',(-1.,0.,0.));
#7818=DIRECTION('center_axis',(0.,0.,-1.));
#7819=DIRECTION('ref_axis',(-1.,0.,0.));
#7820=DIRECTION('center_axis',(0.,0.,1.));
#7821=DIRECTION('ref_axis',(-1.,0.,0.));
#7822=DIRECTION('center_axis',(0.,0.,-1.));
#7823=DIRECTION('ref_axis',(-1.,0.,0.));
#7824=DIRECTION('center_axis',(0.,0.,-1.));
#7825=DIRECTION('ref_axis',(-1.,0.,0.));
#7826=DIRECTION('center_axis',(0.,0.,1.));
#7827=DIRECTION('ref_axis',(-1.,0.,0.));
#7828=DIRECTION('center_axis',(0.,0.,-1.));
#7829=DIRECTION('ref_axis',(-1.,0.,0.));
#7830=DIRECTION('',(0.,0.,-1.));
#7831=DIRECTION('center_axis',(0.,0.,1.));
#7832=DIRECTION('ref_axis',(-1.,0.,0.));
#7833=DIRECTION('center_axis',(0.,0.,-1.));
#7834=DIRECTION('ref_axis',(-1.,0.,0.));
#7835=DIRECTION('',(0.,0.,-1.));
#7836=DIRECTION('center_axis',(0.,0.,1.));
#7837=DIRECTION('ref_axis',(-1.,0.,0.));
#7838=DIRECTION('center_axis',(0.,0.,-1.));
#7839=DIRECTION('ref_axis',(-1.,0.,0.));
#7840=DIRECTION('',(0.,0.,-1.));
#7841=DIRECTION('center_axis',(0.,0.,1.));
#7842=DIRECTION('ref_axis',(-1.,0.,0.));
#7843=DIRECTION('center_axis',(0.,0.,-1.));
#7844=DIRECTION('ref_axis',(-1.,0.,0.));
#7845=DIRECTION('',(0.,0.,-1.));
#7846=DIRECTION('center_axis',(0.,0.,1.));
#7847=DIRECTION('ref_axis',(-1.,0.,0.));
#7848=DIRECTION('center_axis',(0.,0.,-1.));
#7849=DIRECTION('ref_axis',(-1.,0.,0.));
#7850=DIRECTION('',(0.,0.,-1.));
#7851=DIRECTION('center_axis',(0.,0.,1.));
#7852=DIRECTION('ref_axis',(-1.,0.,0.));
#7853=DIRECTION('center_axis',(0.,0.,-1.));
#7854=DIRECTION('ref_axis',(-1.,0.,0.));
#7855=DIRECTION('',(0.,0.,-1.));
#7856=DIRECTION('center_axis',(1.,0.,0.));
#7857=DIRECTION('ref_axis',(0.,1.,0.));
#7858=DIRECTION('',(0.,-1.,0.));
#7859=DIRECTION('',(0.,0.,1.));
#7860=DIRECTION('',(0.,1.,0.));
#7861=DIRECTION('',(0.,0.,1.));
#7862=DIRECTION('center_axis',(0.,-1.,0.));
#7863=DIRECTION('ref_axis',(1.,0.,0.));
#7864=DIRECTION('',(-1.,0.,0.));
#7865=DIRECTION('',(1.,0.,0.));
#7866=DIRECTION('',(0.,0.,1.));
#7867=DIRECTION('center_axis',(1.,2.96059473233374E-15,0.));
#7868=DIRECTION('ref_axis',(-2.96059473233374E-15,1.,0.));
#7869=DIRECTION('',(2.96059473233374E-15,-1.,0.));
#7870=DIRECTION('',(-2.96059473233374E-15,1.,0.));
#7871=DIRECTION('',(0.,0.,1.));
#7872=DIRECTION('center_axis',(0.,-1.,0.));
#7873=DIRECTION('ref_axis',(1.,0.,0.));
#7874=DIRECTION('',(-1.,0.,0.));
#7875=DIRECTION('',(1.,0.,0.));
#7876=DIRECTION('',(0.,0.,1.));
#7877=DIRECTION('center_axis',(1.,-7.53732101886382E-17,0.));
#7878=DIRECTION('ref_axis',(7.53732101886382E-17,1.,0.));
#7879=DIRECTION('',(-7.53732101886382E-17,-1.,0.));
#7880=DIRECTION('',(7.53732101886382E-17,1.,0.));
#7881=DIRECTION('',(0.,0.,1.));
#7882=DIRECTION('center_axis',(0.685139704929577,0.72841168629355,0.));
#7883=DIRECTION('ref_axis',(-0.72841168629355,0.685139704929577,0.));
#7884=DIRECTION('',(0.72841168629355,-0.685139704929577,0.));
#7885=DIRECTION('',(-0.72841168629355,0.685139704929577,0.));
#7886=DIRECTION('',(0.,0.,1.));
#7887=DIRECTION('center_axis',(0.,1.,0.));
#7888=DIRECTION('ref_axis',(-1.,0.,0.));
#7889=DIRECTION('',(1.,0.,0.));
#7890=DIRECTION('',(-1.,0.,0.));
#7891=DIRECTION('',(0.,0.,1.));
#7892=DIRECTION('center_axis',(-1.,0.,0.));
#7893=DIRECTION('ref_axis',(0.,-1.,0.));
#7894=DIRECTION('',(0.,1.,0.));
#7895=DIRECTION('',(0.,-1.,0.));
#7896=DIRECTION('',(0.,0.,1.));
#7897=DIRECTION('center_axis',(-0.388057000058132,-0.921635375138066,0.));
#7898=DIRECTION('ref_axis',(0.921635375138065,-0.388057000058132,0.));
#7899=DIRECTION('',(-0.921635375138065,0.388057000058132,0.));
#7900=DIRECTION('',(0.921635375138065,-0.388057000058132,0.));
#7901=DIRECTION('',(0.,0.,1.));
#7902=DIRECTION('center_axis',(-0.992988274194944,-0.118212889785112,0.));
#7903=DIRECTION('ref_axis',(0.118212889785112,-0.992988274194944,0.));
#7904=DIRECTION('',(-0.118212889785112,0.992988274194944,0.));
#7905=DIRECTION('',(0.118212889785112,-0.992988274194944,0.));
#7906=DIRECTION('',(0.,0.,1.));
#7907=DIRECTION('center_axis',(-0.727393652509463,-0.686220426895719,0.));
#7908=DIRECTION('ref_axis',(0.686220426895719,-0.727393652509463,0.));
#7909=DIRECTION('',(-0.686220426895719,0.727393652509463,0.));
#7910=DIRECTION('',(0.686220426895719,-0.727393652509463,0.));
#7911=DIRECTION('',(0.,0.,1.));
#7912=DIRECTION('center_axis',(-1.,0.,0.));
#7913=DIRECTION('ref_axis',(0.,-1.,0.));
#7914=DIRECTION('',(0.,1.,0.));
#7915=DIRECTION('',(0.,-1.,0.));
#7916=DIRECTION('',(0.,0.,1.));
#7917=DIRECTION('center_axis',(0.,-1.,0.));
#7918=DIRECTION('ref_axis',(1.,0.,0.));
#7919=DIRECTION('',(-1.,0.,0.));
#7920=DIRECTION('',(1.,0.,0.));
#7921=DIRECTION('',(0.,0.,1.));
#7922=DIRECTION('center_axis',(-1.,0.,0.));
#7923=DIRECTION('ref_axis',(0.,-1.,0.));
#7924=DIRECTION('',(0.,1.,0.));
#7925=DIRECTION('',(0.,-1.,0.));
#7926=DIRECTION('',(0.,0.,1.));
#7927=DIRECTION('center_axis',(0.,0.,1.));
#7928=DIRECTION('ref_axis',(-1.,0.,0.));
#7929=DIRECTION('',(-1.,0.,0.));
#7930=DIRECTION('',(1.48029736616687E-15,-1.,0.));
#7931=DIRECTION('',(-1.,0.,0.));
#7932=DIRECTION('',(1.47212399624051E-16,-1.,0.));
#7933=DIRECTION('',(0.72841168629355,-0.685139704929576,0.));
#7934=DIRECTION('',(1.,0.,0.));
#7935=DIRECTION('',(0.,1.,0.));
#7936=DIRECTION('',(-0.921635375138065,0.388057000058133,0.));
#7937=DIRECTION('',(-0.118212889785111,0.992988274194944,0.));
#7938=DIRECTION('',(-0.686220426895719,0.727393652509463,0.));
#7939=DIRECTION('',(0.,1.,0.));
#7940=DIRECTION('',(-1.,0.,0.));
#7941=DIRECTION('center_axis',(1.,0.,0.));
#7942=DIRECTION('ref_axis',(0.,1.,0.));
#7943=DIRECTION('',(0.,-1.,0.));
#7944=DIRECTION('',(0.,0.,1.));
#7945=DIRECTION('',(0.,1.,0.));
#7946=DIRECTION('',(0.,0.,1.));
#7947=DIRECTION('center_axis',(0.,-1.,0.));
#7948=DIRECTION('ref_axis',(1.,0.,0.));
#7949=DIRECTION('',(-1.,0.,0.));
#7950=DIRECTION('',(1.,0.,0.));
#7951=DIRECTION('',(0.,0.,1.));
#7952=DIRECTION('center_axis',(-1.,0.,0.));
#7953=DIRECTION('ref_axis',(0.,-1.,0.));
#7954=DIRECTION('',(0.,1.,0.));
#7955=DIRECTION('',(0.,-1.,0.));
#7956=DIRECTION('',(0.,0.,1.));
#7957=DIRECTION('center_axis',(0.,0.,1.));
#7958=DIRECTION('ref_axis',(1.,0.,0.));
#7959=DIRECTION('',(-1.,0.,0.));
#7960=DIRECTION('center_axis',(0.,0.,1.));
#7961=DIRECTION('ref_axis',(-1.,0.,0.));
#7962=DIRECTION('',(-1.,0.,0.));
#7963=DIRECTION('',(-1.,0.,0.));
#7964=DIRECTION('',(0.921635375138065,-0.388057000058133,0.));
#7965=DIRECTION('',(0.,-1.,0.));
#7966=DIRECTION('',(-1.,0.,0.));
#7967=DIRECTION('',(-0.72841168629355,0.685139704929577,0.));
#7968=DIRECTION('',(0.,1.,0.));
#7969=DIRECTION('',(1.,0.,0.));
#7970=DIRECTION('center_axis',(0.,0.,-1.));
#7971=DIRECTION('ref_axis',(-1.,0.,0.));
#7972=DIRECTION('center_axis',(0.,0.,1.));
#7973=DIRECTION('ref_axis',(-1.,0.,0.));
#7974=DIRECTION('',(0.,0.,1.));
#7975=DIRECTION('center_axis',(0.,0.,-1.));
#7976=DIRECTION('ref_axis',(-1.,0.,0.));
#7977=DIRECTION('center_axis',(0.,0.,1.));
#7978=DIRECTION('ref_axis',(-1.,0.,0.));
#7979=DIRECTION('',(0.,0.,1.));
#7980=DIRECTION('center_axis',(0.,0.,-1.));
#7981=DIRECTION('ref_axis',(-1.,0.,0.));
#7982=DIRECTION('center_axis',(0.,0.,1.));
#7983=DIRECTION('ref_axis',(-1.,0.,0.));
#7984=DIRECTION('',(0.,0.,1.));
#7985=DIRECTION('center_axis',(-0.388057000058133,-0.921635375138065,0.));
#7986=DIRECTION('ref_axis',(-0.921635375138065,0.388057000058133,0.));
#7987=DIRECTION('',(0.,0.,-1.));
#7988=DIRECTION('center_axis',(-1.,0.,0.));
#7989=DIRECTION('ref_axis',(0.,1.,0.));
#7990=DIRECTION('',(0.,0.,-1.));
#7991=DIRECTION('center_axis',(0.,1.,0.));
#7992=DIRECTION('ref_axis',(1.,0.,0.));
#7993=DIRECTION('',(0.,0.,-1.));
#7994=DIRECTION('center_axis',(0.685139704929577,0.72841168629355,0.));
#7995=DIRECTION('ref_axis',(0.72841168629355,-0.685139704929577,0.));
#7996=DIRECTION('',(0.,0.,-1.));
#7997=DIRECTION('center_axis',(1.,0.,0.));
#7998=DIRECTION('ref_axis',(0.,-1.,0.));
#7999=DIRECTION('',(0.,0.,-1.));
#8000=DIRECTION('center_axis',(0.,-1.,0.));
#8001=DIRECTION('ref_axis',(-1.,0.,0.));
#8002=DIRECTION('center_axis',(0.,0.,-1.));
#8003=DIRECTION('ref_axis',(-1.,0.,0.));
#8004=DIRECTION('center_axis',(0.,0.,1.));
#8005=DIRECTION('ref_axis',(-1.,0.,0.));
#8006=DIRECTION('',(0.,0.,1.));
#8007=DIRECTION('center_axis',(0.,0.,-1.));
#8008=DIRECTION('ref_axis',(-1.,0.,0.));
#8009=DIRECTION('center_axis',(0.,0.,1.));
#8010=DIRECTION('ref_axis',(-1.,0.,0.));
#8011=DIRECTION('',(0.,0.,1.));
#8012=DIRECTION('center_axis',(0.,0.,-1.));
#8013=DIRECTION('ref_axis',(-1.,0.,0.));
#8014=DIRECTION('center_axis',(0.,0.,1.));
#8015=DIRECTION('ref_axis',(-1.,0.,0.));
#8016=DIRECTION('',(0.,0.,1.));
#8017=DIRECTION('center_axis',(0.727393652509463,0.686220426895719,0.));
#8018=DIRECTION('ref_axis',(0.686220426895719,-0.727393652509463,0.));
#8019=DIRECTION('',(0.,0.,1.));
#8020=DIRECTION('',(0.686220426895719,-0.727393652509463,0.));
#8021=DIRECTION('',(0.,0.,1.));
#8022=DIRECTION('center_axis',(1.,0.,0.));
#8023=DIRECTION('ref_axis',(0.,-1.,0.));
#8024=DIRECTION('',(0.,-1.,0.));
#8025=DIRECTION('',(0.,0.,1.));
#8026=DIRECTION('center_axis',(0.,1.,0.));
#8027=DIRECTION('ref_axis',(1.,0.,0.));
#8028=DIRECTION('',(1.,0.,0.));
#8029=DIRECTION('',(0.,0.,1.));
#8030=DIRECTION('center_axis',(-1.,-1.48029736616687E-15,0.));
#8031=DIRECTION('ref_axis',(-1.48029736616687E-15,1.,0.));
#8032=DIRECTION('',(-1.48029736616687E-15,1.,0.));
#8033=DIRECTION('',(0.,0.,1.));
#8034=DIRECTION('center_axis',(0.,1.,0.));
#8035=DIRECTION('ref_axis',(1.,0.,0.));
#8036=DIRECTION('',(1.,0.,0.));
#8037=DIRECTION('',(0.,0.,1.));
#8038=DIRECTION('center_axis',(-1.,-1.47212399624051E-16,0.));
#8039=DIRECTION('ref_axis',(-1.47212399624051E-16,1.,0.));
#8040=DIRECTION('',(-1.47212399624051E-16,1.,0.));
#8041=DIRECTION('',(0.,0.,1.));
#8042=DIRECTION('center_axis',(-0.685139704929576,-0.72841168629355,0.));
#8043=DIRECTION('ref_axis',(-0.72841168629355,0.685139704929576,0.));
#8044=DIRECTION('',(-0.72841168629355,0.685139704929576,0.));
#8045=DIRECTION('',(0.,0.,1.));
#8046=DIRECTION('center_axis',(0.,-1.,0.));
#8047=DIRECTION('ref_axis',(-1.,0.,0.));
#8048=DIRECTION('',(-1.,0.,0.));
#8049=DIRECTION('',(0.,0.,1.));
#8050=DIRECTION('center_axis',(1.,0.,0.));
#8051=DIRECTION('ref_axis',(0.,-1.,0.));
#8052=DIRECTION('',(0.,-1.,0.));
#8053=DIRECTION('',(0.,0.,1.));
#8054=DIRECTION('center_axis',(0.388057000058133,0.921635375138065,0.));
#8055=DIRECTION('ref_axis',(0.921635375138065,-0.388057000058133,0.));
#8056=DIRECTION('',(0.921635375138065,-0.388057000058133,0.));
#8057=DIRECTION('',(0.,0.,-1.));
#8058=DIRECTION('center_axis',(0.992988274194944,0.118212889785111,0.));
#8059=DIRECTION('ref_axis',(0.118212889785111,-0.992988274194944,0.));
#8060=DIRECTION('',(0.118212889785111,-0.992988274194944,0.));
#8061=DIRECTION('center_axis',(0.,0.,1.));
#8062=DIRECTION('ref_axis',(-1.,0.,0.));
#8063=DIRECTION('center_axis',(0.99998022288805,-0.00628918379174838,0.));
#8064=DIRECTION('ref_axis',(0.00628918379174838,0.99998022288805,0.));
#8065=DIRECTION('',(0.00628918379174838,0.99998022288805,0.));
#8066=DIRECTION('',(0.,0.,-1.));
#8067=DIRECTION('',(0.00628918379174838,0.99998022288805,0.));
#8068=DIRECTION('',(0.,0.,-1.));
#8069=DIRECTION('center_axis',(0.,0.,1.));
#8070=DIRECTION('ref_axis',(-1.,0.,0.));
#8071=DIRECTION('',(-0.0396762585671747,0.999212587243631,0.));
#8072=DIRECTION('',(1.,0.,0.));
#8073=DIRECTION('',(0.,-1.,0.));
#8074=DIRECTION('',(1.,0.,0.));
#8075=DIRECTION('',(0.,1.,0.));
#8076=DIRECTION('',(1.,0.,0.));
#8077=DIRECTION('',(0.,-1.,0.));
#8078=DIRECTION('',(-0.00641012471115061,-0.999979454939544,0.));
#8079=DIRECTION('',(-0.805822363404306,-0.592157342804679,0.));
#8080=DIRECTION('',(-0.999811534110652,0.0194138161963237,0.));
#8081=DIRECTION('',(-0.155962573473009,0.987762965329069,0.));
#8082=DIRECTION('',(-0.870824309096318,0.491594368038244,0.));
#8083=DIRECTION('',(0.,1.,0.));
#8084=DIRECTION('',(0.68394112888133,0.729537204140085,0.));
#8085=DIRECTION('',(0.,1.,0.));
#8086=DIRECTION('',(1.,0.,0.));
#8087=DIRECTION('',(0.,-1.,0.));
#8088=DIRECTION('',(1.,0.,0.));
#8089=DIRECTION('center_axis',(0.,0.,1.));
#8090=DIRECTION('ref_axis',(-1.,0.,0.));
#8091=DIRECTION('center_axis',(0.,0.,1.));
#8092=DIRECTION('ref_axis',(-1.,0.,0.));
#8093=DIRECTION('center_axis',(0.,0.,1.));
#8094=DIRECTION('ref_axis',(-1.,0.,0.));
#8095=DIRECTION('',(0.00641012471115056,0.999979454939544,0.));
#8096=DIRECTION('',(0.,1.,0.));
#8097=DIRECTION('center_axis',(0.,0.,1.));
#8098=DIRECTION('ref_axis',(-1.,0.,0.));
#8099=DIRECTION('center_axis',(0.,0.,1.));
#8100=DIRECTION('ref_axis',(-1.,0.,0.));
#8101=DIRECTION('center_axis',(0.,0.,1.));
#8102=DIRECTION('ref_axis',(-1.,0.,0.));
#8103=DIRECTION('center_axis',(0.,0.,1.));
#8104=DIRECTION('ref_axis',(-1.,0.,0.));
#8105=DIRECTION('center_axis',(0.,0.,-1.));
#8106=DIRECTION('ref_axis',(-1.,0.,0.));
#8107=DIRECTION('',(-0.0396762585671747,0.999212587243631,0.));
#8108=DIRECTION('',(-1.,0.,0.));
#8109=DIRECTION('',(0.,-1.,0.));
#8110=DIRECTION('',(1.,0.,0.));
#8111=DIRECTION('center_axis',(0.,0.,1.));
#8112=DIRECTION('ref_axis',(-1.,0.,0.));
#8113=DIRECTION('',(1.,0.,0.));
#8114=DIRECTION('',(0.,1.,0.));
#8115=DIRECTION('',(0.68394112888133,0.729537204140085,0.));
#8116=DIRECTION('',(0.,1.,0.));
#8117=DIRECTION('',(-0.870824309096318,0.491594368038244,0.));
#8118=DIRECTION('',(-0.155962573473009,0.987762965329069,0.));
#8119=DIRECTION('',(-0.999811534110652,0.0194138161963237,0.));
#8120=DIRECTION('',(-0.805822363404306,-0.592157342804679,0.));
#8121=DIRECTION('',(-0.00641012471115061,-0.999979454939544,0.));
#8122=DIRECTION('',(0.,-1.,0.));
#8123=DIRECTION('',(1.,0.,0.));
#8124=DIRECTION('',(0.,1.,0.));
#8125=DIRECTION('',(-1.,0.,0.));
#8126=DIRECTION('',(0.,1.,0.));
#8127=DIRECTION('',(0.00641012471115017,0.999979454939544,0.));
#8128=DIRECTION('',(0.805822363404306,0.592157342804679,0.));
#8129=DIRECTION('',(0.999811534110652,-0.0194138161963231,0.));
#8130=DIRECTION('',(0.15596257347301,-0.987762965329069,0.));
#8131=DIRECTION('',(0.870824309096318,-0.491594368038244,0.));
#8132=DIRECTION('',(0.,-1.,0.));
#8133=DIRECTION('',(-0.68394112888133,-0.729537204140085,0.));
#8134=DIRECTION('',(0.,-1.,0.));
#8135=DIRECTION('',(-1.,0.,0.));
#8136=DIRECTION('',(0.,-1.,0.));
#8137=DIRECTION('center_axis',(0.,0.,1.));
#8138=DIRECTION('ref_axis',(-1.,0.,0.));
#8139=DIRECTION('center_axis',(0.,0.,1.));
#8140=DIRECTION('ref_axis',(-1.,0.,0.));
#8141=DIRECTION('center_axis',(0.,0.,1.));
#8142=DIRECTION('ref_axis',(-1.,0.,0.));
#8143=DIRECTION('center_axis',(0.,0.,1.));
#8144=DIRECTION('ref_axis',(-1.,0.,0.));
#8145=DIRECTION('center_axis',(0.,0.,1.));
#8146=DIRECTION('ref_axis',(-1.,0.,0.));
#8147=DIRECTION('center_axis',(0.,0.,1.));
#8148=DIRECTION('ref_axis',(-1.,0.,0.));
#8149=DIRECTION('center_axis',(0.,0.,1.));
#8150=DIRECTION('ref_axis',(-1.,0.,0.));
#8151=DIRECTION('center_axis',(0.,1.,0.));
#8152=DIRECTION('ref_axis',(1.,0.,0.));
#8153=DIRECTION('',(0.,0.,1.));
#8154=DIRECTION('',(0.,0.,-1.));
#8155=DIRECTION('center_axis',(1.,0.,0.));
#8156=DIRECTION('ref_axis',(0.,-1.,0.));
#8157=DIRECTION('',(0.,0.,1.));
#8158=DIRECTION('',(0.,0.,-1.));
#8159=DIRECTION('center_axis',(1.,0.,0.));
#8160=DIRECTION('ref_axis',(0.,-1.,0.));
#8161=DIRECTION('',(0.,0.,1.));
#8162=DIRECTION('',(0.,0.,1.));
#8163=DIRECTION('center_axis',(0.999979454939544,-0.00641012471115061,0.));
#8164=DIRECTION('ref_axis',(-0.00641012471115061,-0.999979454939544,0.));
#8165=DIRECTION('',(0.,0.,1.));
#8166=DIRECTION('center_axis',(0.592157342804679,-0.805822363404306,0.));
#8167=DIRECTION('ref_axis',(-0.805822363404306,-0.592157342804679,0.));
#8168=DIRECTION('',(0.,0.,1.));
#8169=DIRECTION('center_axis',(-0.0194138161963237,-0.999811534110652,0.));
#8170=DIRECTION('ref_axis',(-0.999811534110652,0.0194138161963237,0.));
#8171=DIRECTION('',(0.,0.,1.));
#8172=DIRECTION('center_axis',(-0.987762965329069,-0.155962573473009,0.));
#8173=DIRECTION('ref_axis',(-0.155962573473009,0.987762965329069,0.));
#8174=DIRECTION('',(0.,0.,1.));
#8175=DIRECTION('center_axis',(-0.491594368038244,-0.870824309096318,0.));
#8176=DIRECTION('ref_axis',(-0.870824309096318,0.491594368038244,0.));
#8177=DIRECTION('',(0.,0.,1.));
#8178=DIRECTION('center_axis',(-1.,0.,0.));
#8179=DIRECTION('ref_axis',(0.,1.,0.));
#8180=DIRECTION('',(0.,0.,1.));
#8181=DIRECTION('center_axis',(-0.729537204140085,0.68394112888133,0.));
#8182=DIRECTION('ref_axis',(0.68394112888133,0.729537204140085,0.));
#8183=DIRECTION('',(0.,0.,1.));
#8184=DIRECTION('center_axis',(-1.,0.,0.));
#8185=DIRECTION('ref_axis',(0.,1.,0.));
#8186=DIRECTION('',(0.,0.,1.));
#8187=DIRECTION('center_axis',(0.,1.,0.));
#8188=DIRECTION('ref_axis',(1.,0.,0.));
#8189=DIRECTION('',(0.,0.,1.));
#8190=DIRECTION('center_axis',(1.,0.,0.));
#8191=DIRECTION('ref_axis',(0.,-1.,0.));
#8192=DIRECTION('',(0.,0.,1.));
#8193=DIRECTION('',(0.,0.,-1.));
#8194=DIRECTION('center_axis',(0.,-1.,0.));
#8195=DIRECTION('ref_axis',(1.,0.,0.));
#8196=DIRECTION('',(0.,0.,1.));
#8197=DIRECTION('',(-1.,0.,0.));
#8198=DIRECTION('center_axis',(0.,-1.,0.));
#8199=DIRECTION('ref_axis',(1.,0.,0.));
#8200=DIRECTION('',(0.,0.,1.));
#8201=DIRECTION('',(-1.,0.,0.));
#8202=DIRECTION('center_axis',(0.,0.,1.));
#8203=DIRECTION('ref_axis',(-1.,0.,0.));
#8204=DIRECTION('center_axis',(0.,0.,-1.));
#8205=DIRECTION('ref_axis',(-1.,0.,0.));
#8206=DIRECTION('center_axis',(0.,0.,-1.));
#8207=DIRECTION('ref_axis',(-1.,0.,0.));
#8208=DIRECTION('center_axis',(0.,0.,1.));
#8209=DIRECTION('ref_axis',(-1.,0.,0.));
#8210=DIRECTION('center_axis',(0.,0.,-1.));
#8211=DIRECTION('ref_axis',(-1.,0.,0.));
#8212=DIRECTION('center_axis',(0.,0.,-1.));
#8213=DIRECTION('ref_axis',(-1.,0.,0.));
#8214=DIRECTION('center_axis',(0.,0.,1.));
#8215=DIRECTION('ref_axis',(-1.,0.,0.));
#8216=DIRECTION('center_axis',(0.,0.,-1.));
#8217=DIRECTION('ref_axis',(-1.,0.,0.));
#8218=DIRECTION('center_axis',(0.,0.,-1.));
#8219=DIRECTION('ref_axis',(-1.,0.,0.));
#8220=DIRECTION('center_axis',(0.,0.,1.));
#8221=DIRECTION('ref_axis',(-1.,0.,0.));
#8222=DIRECTION('center_axis',(0.,0.,-1.));
#8223=DIRECTION('ref_axis',(-1.,0.,0.));
#8224=DIRECTION('center_axis',(0.,0.,-1.));
#8225=DIRECTION('ref_axis',(-1.,0.,0.));
#8226=DIRECTION('center_axis',(0.,0.,1.));
#8227=DIRECTION('ref_axis',(-1.,0.,0.));
#8228=DIRECTION('center_axis',(0.,0.,-1.));
#8229=DIRECTION('ref_axis',(-1.,0.,0.));
#8230=DIRECTION('center_axis',(0.,0.,-1.));
#8231=DIRECTION('ref_axis',(-1.,0.,0.));
#8232=DIRECTION('center_axis',(0.,0.,1.));
#8233=DIRECTION('ref_axis',(-1.,0.,0.));
#8234=DIRECTION('center_axis',(0.,0.,-1.));
#8235=DIRECTION('ref_axis',(-1.,0.,0.));
#8236=DIRECTION('center_axis',(0.,0.,-1.));
#8237=DIRECTION('ref_axis',(-1.,0.,0.));
#8238=DIRECTION('center_axis',(0.,0.,1.));
#8239=DIRECTION('ref_axis',(-1.,0.,0.));
#8240=DIRECTION('center_axis',(0.,0.,-1.));
#8241=DIRECTION('ref_axis',(-1.,0.,0.));
#8242=DIRECTION('center_axis',(0.,0.,-1.));
#8243=DIRECTION('ref_axis',(-1.,0.,0.));
#8244=DIRECTION('center_axis',(0.,0.,1.));
#8245=DIRECTION('ref_axis',(-1.,0.,0.));
#8246=DIRECTION('',(0.,0.,-1.));
#8247=DIRECTION('center_axis',(0.,0.,1.));
#8248=DIRECTION('ref_axis',(-1.,0.,0.));
#8249=DIRECTION('',(0.,0.,-1.));
#8250=DIRECTION('center_axis',(0.,0.,1.));
#8251=DIRECTION('ref_axis',(-1.,0.,0.));
#8252=DIRECTION('',(0.,0.,-1.));
#8253=DIRECTION('center_axis',(0.,0.,1.));
#8254=DIRECTION('ref_axis',(-1.,0.,0.));
#8255=DIRECTION('',(0.,0.,-1.));
#8256=DIRECTION('center_axis',(0.,0.,1.));
#8257=DIRECTION('ref_axis',(-1.,0.,0.));
#8258=DIRECTION('',(0.,0.,-1.));
#8259=DIRECTION('center_axis',(0.,0.,1.));
#8260=DIRECTION('ref_axis',(-1.,0.,0.));
#8261=DIRECTION('',(0.,0.,-1.));
#8262=DIRECTION('center_axis',(0.,0.,1.));
#8263=DIRECTION('ref_axis',(-1.,0.,0.));
#8264=DIRECTION('',(0.,0.,-1.));
#8265=DIRECTION('center_axis',(1.,0.,0.));
#8266=DIRECTION('ref_axis',(0.,1.,0.));
#8267=DIRECTION('',(0.,0.,1.));
#8268=DIRECTION('',(0.,-1.,0.));
#8269=DIRECTION('center_axis',(0.729537204140085,-0.68394112888133,0.));
#8270=DIRECTION('ref_axis',(0.68394112888133,0.729537204140085,0.));
#8271=DIRECTION('',(0.,0.,1.));
#8272=DIRECTION('',(-0.68394112888133,-0.729537204140085,0.));
#8273=DIRECTION('center_axis',(1.,0.,0.));
#8274=DIRECTION('ref_axis',(0.,1.,0.));
#8275=DIRECTION('',(0.,0.,1.));
#8276=DIRECTION('',(0.,-1.,0.));
#8277=DIRECTION('center_axis',(0.491594368038244,0.870824309096318,0.));
#8278=DIRECTION('ref_axis',(-0.870824309096318,0.491594368038244,0.));
#8279=DIRECTION('',(0.,0.,1.));
#8280=DIRECTION('',(0.870824309096318,-0.491594368038244,0.));
#8281=DIRECTION('center_axis',(0.987762965329069,0.15596257347301,0.));
#8282=DIRECTION('ref_axis',(-0.15596257347301,0.987762965329069,0.));
#8283=DIRECTION('',(0.,0.,1.));
#8284=DIRECTION('',(0.15596257347301,-0.987762965329069,0.));
#8285=DIRECTION('center_axis',(0.0194138161963231,0.999811534110652,0.));
#8286=DIRECTION('ref_axis',(-0.999811534110652,0.0194138161963231,0.));
#8287=DIRECTION('',(0.,0.,1.));
#8288=DIRECTION('',(0.999811534110652,-0.0194138161963231,0.));
#8289=DIRECTION('center_axis',(-0.592157342804679,0.805822363404307,0.));
#8290=DIRECTION('ref_axis',(-0.805822363404306,-0.592157342804679,0.));
#8291=DIRECTION('',(0.,0.,1.));
#8292=DIRECTION('',(0.805822363404306,0.592157342804679,0.));
#8293=DIRECTION('center_axis',(-0.999979454939544,0.00641012471115018,0.));
#8294=DIRECTION('ref_axis',(-0.00641012471115017,-0.999979454939544,0.));
#8295=DIRECTION('',(0.,0.,1.));
#8296=DIRECTION('',(0.00641012471115017,0.999979454939544,0.));
#8297=DIRECTION('center_axis',(-1.,0.,0.));
#8298=DIRECTION('ref_axis',(0.,-1.,0.));
#8299=DIRECTION('',(0.,0.,1.));
#8300=DIRECTION('',(0.,1.,0.));
#8301=DIRECTION('center_axis',(0.,-1.,0.));
#8302=DIRECTION('ref_axis',(1.,0.,0.));
#8303=DIRECTION('',(0.,0.,1.));
#8304=DIRECTION('',(-1.,0.,0.));
#8305=DIRECTION('center_axis',(0.,0.,-1.));
#8306=DIRECTION('ref_axis',(-1.,0.,0.));
#8307=DIRECTION('',(0.,0.,1.));
#8308=DIRECTION('center_axis',(0.,0.,-1.));
#8309=DIRECTION('ref_axis',(-1.,0.,0.));
#8310=DIRECTION('',(0.,0.,1.));
#8311=DIRECTION('center_axis',(0.,0.,-1.));
#8312=DIRECTION('ref_axis',(-1.,0.,0.));
#8313=DIRECTION('',(0.,0.,1.));
#8314=DIRECTION('center_axis',(-1.,0.,0.));
#8315=DIRECTION('ref_axis',(0.,1.,0.));
#8316=DIRECTION('',(0.,-1.,0.));
#8317=DIRECTION('',(0.,0.,-1.));
#8318=DIRECTION('center_axis',(-0.999979454939544,0.00641012471115056,0.));
#8319=DIRECTION('ref_axis',(0.00641012471115056,0.999979454939544,0.));
#8320=DIRECTION('',(-0.00641012471115056,-0.999979454939544,0.));
#8321=DIRECTION('center_axis',(0.,0.,-1.));
#8322=DIRECTION('ref_axis',(-1.,0.,0.));
#8323=DIRECTION('',(0.,0.,1.));
#8324=DIRECTION('center_axis',(0.,0.,-1.));
#8325=DIRECTION('ref_axis',(-1.,0.,0.));
#8326=DIRECTION('',(0.,0.,1.));
#8327=DIRECTION('center_axis',(0.,0.,-1.));
#8328=DIRECTION('ref_axis',(-1.,0.,0.));
#8329=DIRECTION('',(0.,0.,1.));
#8330=DIRECTION('center_axis',(0.,0.,-1.));
#8331=DIRECTION('ref_axis',(-1.,0.,0.));
#8332=DIRECTION('',(0.,0.,1.));
#8333=DIRECTION('center_axis',(0.,1.,0.));
#8334=DIRECTION('ref_axis',(1.,0.,0.));
#8335=DIRECTION('',(-1.,0.,0.));
#8336=DIRECTION('',(0.,0.,-1.));
#8337=DIRECTION('center_axis',(0.,1.,0.));
#8338=DIRECTION('ref_axis',(1.,0.,0.));
#8339=DIRECTION('',(0.,0.,1.));
#8340=DIRECTION('center_axis',(-1.,0.,0.));
#8341=DIRECTION('ref_axis',(0.,1.,0.));
#8342=DIRECTION('',(0.,0.,-1.));
#8343=DIRECTION('center_axis',(0.,1.,0.));
#8344=DIRECTION('ref_axis',(1.,0.,0.));
#8345=DIRECTION('',(-1.,0.,0.));
#8346=DIRECTION('center_axis',(-0.999212587243631,-0.0396762585671747,0.));
#8347=DIRECTION('ref_axis',(-0.0396762585671747,0.999212587243631,0.));
#8348=DIRECTION('center_axis',(0.,0.,1.));
#8349=DIRECTION('ref_axis',(-1.,0.,0.));
#8350=DIRECTION('center_axis',(0.,0.,-1.));
#8351=DIRECTION('ref_axis',(-1.,0.,0.));
#8352=DIRECTION('center_axis',(0.,0.,1.));
#8353=DIRECTION('ref_axis',(-1.,0.,0.));
#8354=DIRECTION('center_axis',(0.,-1.,0.));
#8355=DIRECTION('ref_axis',(1.,0.,0.));
#8356=DIRECTION('center_axis',(0.,0.,-1.));
#8357=DIRECTION('ref_axis',(-1.,0.,0.));
#8358=DIRECTION('center_axis',(0.,0.,1.));
#8359=DIRECTION('ref_axis',(-1.,0.,0.));
#8360=DIRECTION('center_axis',(0.,0.,1.));
#8361=DIRECTION('ref_axis',(-1.,0.,0.));
#8362=DIRECTION('',(0.118212889785111,-0.992988274194944,0.));
#8363=DIRECTION('',(0.686220426895719,-0.727393652509463,0.));
#8364=DIRECTION('',(0.,-1.,0.));
#8365=DIRECTION('',(1.,0.,0.));
#8366=DIRECTION('',(0.,1.,0.));
#8367=DIRECTION('',(1.,0.,0.));
#8368=DIRECTION('',(-2.14127126725893E-16,1.,0.));
#8369=DIRECTION('',(-0.72841168629355,0.685139704929576,0.));
#8370=DIRECTION('',(-1.,0.,0.));
#8371=DIRECTION('',(0.,-1.,0.));
#8372=DIRECTION('',(0.921635375138065,-0.388057000058133,0.));
#8373=DIRECTION('center_axis',(0.,0.,1.));
#8374=DIRECTION('ref_axis',(-1.,0.,0.));
#8375=DIRECTION('center_axis',(0.,0.,1.));
#8376=DIRECTION('ref_axis',(-1.,0.,0.));
#8377=DIRECTION('center_axis',(0.,0.,1.));
#8378=DIRECTION('ref_axis',(-1.,0.,0.));
#8379=DIRECTION('',(-1.,0.,0.));
#8380=DIRECTION('',(0.,1.,0.));
#8381=DIRECTION('',(1.,0.,0.));
#8382=DIRECTION('',(0.,-1.,0.));
#8383=DIRECTION('',(-1.,0.,0.));
#8384=DIRECTION('',(0.,1.,0.));
#8385=DIRECTION('',(1.,0.,0.));
#8386=DIRECTION('',(0.,-1.,0.));
#8387=DIRECTION('',(-1.,0.,0.));
#8388=DIRECTION('',(0.,1.,0.));
#8389=DIRECTION('',(1.,0.,0.));
#8390=DIRECTION('',(0.,-1.,0.));
#8391=DIRECTION('',(-1.,0.,0.));
#8392=DIRECTION('',(0.,1.,0.));
#8393=DIRECTION('',(1.,0.,0.));
#8394=DIRECTION('',(0.,-1.,0.));
#8395=DIRECTION('',(1.,0.,0.));
#8396=DIRECTION('',(0.,-1.,0.));
#8397=DIRECTION('',(-1.,0.,0.));
#8398=DIRECTION('',(0.,1.,0.));
#8399=DIRECTION('',(-1.,0.,0.));
#8400=DIRECTION('',(0.,1.,0.));
#8401=DIRECTION('',(1.,0.,0.));
#8402=DIRECTION('',(0.,-1.,0.));
#8403=DIRECTION('',(-1.,0.,0.));
#8404=DIRECTION('',(0.,1.,0.));
#8405=DIRECTION('',(1.,0.,0.));
#8406=DIRECTION('',(0.,-1.,0.));
#8407=DIRECTION('',(-1.,0.,0.));
#8408=DIRECTION('',(0.,1.,0.));
#8409=DIRECTION('',(1.,0.,0.));
#8410=DIRECTION('',(0.,-1.,0.));
#8411=DIRECTION('',(0.,1.,0.));
#8412=DIRECTION('',(1.,0.,0.));
#8413=DIRECTION('',(0.,-1.,0.));
#8414=DIRECTION('',(-1.,0.,0.));
#8415=DIRECTION('',(-1.,0.,0.));
#8416=DIRECTION('',(0.,1.,0.));
#8417=DIRECTION('',(1.,0.,0.));
#8418=DIRECTION('',(0.,-1.,0.));
#8419=DIRECTION('',(-1.,0.,0.));
#8420=DIRECTION('',(0.,1.,0.));
#8421=DIRECTION('',(1.,0.,0.));
#8422=DIRECTION('',(0.,-1.,0.));
#8423=DIRECTION('',(0.,1.,0.));
#8424=DIRECTION('',(1.,0.,0.));
#8425=DIRECTION('',(0.,-1.,0.));
#8426=DIRECTION('',(-1.,0.,0.));
#8427=DIRECTION('',(0.,1.,0.));
#8428=DIRECTION('',(1.,0.,0.));
#8429=DIRECTION('',(0.,-1.,0.));
#8430=DIRECTION('',(-1.,0.,0.));
#8431=DIRECTION('',(1.,0.,0.));
#8432=DIRECTION('',(0.,-1.,0.));
#8433=DIRECTION('',(-1.,0.,0.));
#8434=DIRECTION('',(0.,1.,0.));
#8435=DIRECTION('',(1.,0.,0.));
#8436=DIRECTION('',(0.,-1.,0.));
#8437=DIRECTION('',(-1.,0.,0.));
#8438=DIRECTION('',(0.,1.,0.));
#8439=DIRECTION('',(1.,0.,0.));
#8440=DIRECTION('',(0.,-1.,0.));
#8441=DIRECTION('',(-1.,0.,0.));
#8442=DIRECTION('',(0.,1.,0.));
#8443=DIRECTION('center_axis',(0.,0.,1.));
#8444=DIRECTION('ref_axis',(-1.,0.,0.));
#8445=DIRECTION('center_axis',(0.,0.,1.));
#8446=DIRECTION('ref_axis',(-1.,0.,0.));
#8447=DIRECTION('center_axis',(0.,0.,1.));
#8448=DIRECTION('ref_axis',(-1.,0.,0.));
#8449=DIRECTION('',(0.,0.,-1.));
#8450=DIRECTION('center_axis',(0.,0.,-1.));
#8451=DIRECTION('ref_axis',(-1.,0.,0.));
#8452=DIRECTION('center_axis',(0.,0.,-1.));
#8453=DIRECTION('ref_axis',(-1.,0.,0.));
#8454=DIRECTION('center_axis',(0.,-1.,0.));
#8455=DIRECTION('ref_axis',(1.,0.,0.));
#8456=DIRECTION('center_axis',(0.,0.,-1.));
#8457=DIRECTION('ref_axis',(-1.,0.,0.));
#8458=DIRECTION('center_axis',(0.,0.,1.));
#8459=DIRECTION('ref_axis',(-1.,0.,0.));
#8460=DIRECTION('',(0.,0.,-1.));
#8461=DIRECTION('center_axis',(0.,0.,-1.));
#8462=DIRECTION('ref_axis',(-1.,0.,0.));
#8463=DIRECTION('center_axis',(0.,0.,-1.));
#8464=DIRECTION('ref_axis',(-1.,0.,0.));
#8465=DIRECTION('center_axis',(0.,-1.,0.));
#8466=DIRECTION('ref_axis',(1.,0.,0.));
#8467=DIRECTION('center_axis',(0.,0.,-1.));
#8468=DIRECTION('ref_axis',(-1.,0.,0.));
#8469=DIRECTION('center_axis',(-0.921635375138065,0.388057000058133,0.));
#8470=DIRECTION('ref_axis',(0.274397736227998,0.651694623541531,0.707106781186556));
#8471=DIRECTION('center_axis',(-0.553146906319615,0.833083729302787,0.));
#8472=DIRECTION('ref_axis',(0.833083729302787,0.553146906319615,0.));
#8473=DIRECTION('',(-0.921635375138065,0.388057000058133,0.));
#8474=DIRECTION('center_axis',(-0.601503586957832,0.798870098875194,0.));
#8475=DIRECTION('ref_axis',(-0.798870098875193,-0.601503586957832,0.));
#8476=DIRECTION('center_axis',(0.,0.,1.));
#8477=DIRECTION('ref_axis',(-1.,0.,0.));
#8478=DIRECTION('',(0.,0.,-1.));
#8479=DIRECTION('center_axis',(0.,0.,-1.));
#8480=DIRECTION('ref_axis',(-1.,0.,0.));
#8481=DIRECTION('center_axis',(0.,0.,-1.));
#8482=DIRECTION('ref_axis',(-1.,0.,0.));
#8483=DIRECTION('center_axis',(0.,-1.,0.));
#8484=DIRECTION('ref_axis',(1.,0.,0.));
#8485=DIRECTION('center_axis',(0.,0.,-1.));
#8486=DIRECTION('ref_axis',(-1.,0.,0.));
#8487=DIRECTION('center_axis',(0.,0.,1.));
#8488=DIRECTION('ref_axis',(-1.,0.,0.));
#8489=DIRECTION('',(0.,0.,-1.));
#8490=DIRECTION('center_axis',(0.,0.,-1.));
#8491=DIRECTION('ref_axis',(-1.,0.,0.));
#8492=DIRECTION('center_axis',(0.,0.,-1.));
#8493=DIRECTION('ref_axis',(-1.,0.,0.));
#8494=DIRECTION('center_axis',(0.,-1.,0.));
#8495=DIRECTION('ref_axis',(1.,0.,0.));
#8496=DIRECTION('center_axis',(0.,0.,-1.));
#8497=DIRECTION('ref_axis',(-1.,0.,0.));
#8498=DIRECTION('center_axis',(0.,0.,1.));
#8499=DIRECTION('ref_axis',(-1.,0.,0.));
#8500=DIRECTION('',(0.,0.,-1.));
#8501=DIRECTION('center_axis',(0.,0.,-1.));
#8502=DIRECTION('ref_axis',(-1.,0.,0.));
#8503=DIRECTION('center_axis',(0.,0.,-1.));
#8504=DIRECTION('ref_axis',(-1.,0.,0.));
#8505=DIRECTION('center_axis',(0.,-1.,0.));
#8506=DIRECTION('ref_axis',(1.,0.,0.));
#8507=DIRECTION('center_axis',(0.,0.,-1.));
#8508=DIRECTION('ref_axis',(-1.,0.,0.));
#8509=DIRECTION('center_axis',(0.,0.,1.));
#8510=DIRECTION('ref_axis',(-1.,0.,0.));
#8511=DIRECTION('',(0.,0.,-1.));
#8512=DIRECTION('center_axis',(0.,0.,-1.));
#8513=DIRECTION('ref_axis',(-1.,0.,0.));
#8514=DIRECTION('center_axis',(0.,1.,0.));
#8515=DIRECTION('ref_axis',(0.707106781186555,0.,0.70710678118654));
#8516=DIRECTION('center_axis',(-0.369192597088941,0.929352907271895,0.));
#8517=DIRECTION('ref_axis',(-0.929352907271895,-0.369192597088941,0.));
#8518=DIRECTION('',(0.,1.,0.));
#8519=DIRECTION('center_axis',(-0.707106781186548,0.707106781186548,0.));
#8520=DIRECTION('ref_axis',(0.707106781186547,0.707106781186547,0.));
#8521=DIRECTION('center_axis',(-0.686220426895719,0.727393652509463,0.));
#8522=DIRECTION('ref_axis',(0.514344984281482,0.485231117246695,0.707106781186551));
#8523=DIRECTION('center_axis',(-0.42357214971431,0.905862370333594,0.));
#8524=DIRECTION('ref_axis',(0.905862370333594,0.42357214971431,0.));
#8525=DIRECTION('',(-0.686220426895719,0.727393652509463,0.));
#8526=DIRECTION('center_axis',(-0.118212889785111,0.992988274194944,0.));
#8527=DIRECTION('ref_axis',(0.70214874232197,0.0835891359907077,0.707106781186549));
#8528=DIRECTION('',(-0.118212889785111,0.992988274194944,0.));
#8529=DIRECTION('center_axis',(0.,1.,0.));
#8530=DIRECTION('ref_axis',(0.70710678118654,0.,0.707106781186555));
#8531=DIRECTION('center_axis',(0.707106781186548,0.707106781186548,0.));
#8532=DIRECTION('ref_axis',(0.707106781186547,-0.707106781186547,0.));
#8533=DIRECTION('',(0.,1.,0.));
#8534=DIRECTION('center_axis',(1.,0.,0.));
#8535=DIRECTION('ref_axis',(0.,-0.70710678118654,0.707106781186555));
#8536=DIRECTION('center_axis',(0.929626722478838,-0.368502587308764,0.));
#8537=DIRECTION('ref_axis',(-0.368502587308764,-0.929626722478838,0.));
#8538=DIRECTION('',(1.,0.,0.));
#8539=DIRECTION('center_axis',(0.72841168629355,-0.685139704929576,0.));
#8540=DIRECTION('ref_axis',(-0.484466931415855,-0.515064842873702,0.707106781186543));
#8541=DIRECTION('',(0.72841168629355,-0.685139704929576,0.));
#8542=DIRECTION('center_axis',(0.396774681066232,-0.917916037807811,2.75317741567521E-16));
#8543=DIRECTION('ref_axis',(-0.917916037807811,-0.396774681066231,6.36932199904318E-16));
#8544=DIRECTION('center_axis',(2.14127126725893E-16,-1.,0.));
#8545=DIRECTION('ref_axis',(-0.707106781186548,0.,0.707106781186547));
#8546=DIRECTION('',(2.14127126725893E-16,-1.,0.));
#8547=DIRECTION('center_axis',(-0.707106781186547,-0.707106781186548,-1.68662275835171E-15));
#8548=DIRECTION('ref_axis',(-0.707106781186548,0.707106781186547,-1.68662275835171E-15));
#8549=DIRECTION('center_axis',(-1.,0.,0.));
#8550=DIRECTION('ref_axis',(0.,0.707106781186548,0.707106781186548));
#8551=DIRECTION('',(-1.,0.,0.));
#8552=DIRECTION('center_axis',(-0.707106781186548,-0.707106781186548,0.));
#8553=DIRECTION('ref_axis',(0.707106781186547,-0.707106781186547,0.));
#8554=DIRECTION('center_axis',(0.,-1.,0.));
#8555=DIRECTION('ref_axis',(-0.707106781186548,0.,0.707106781186548));
#8556=DIRECTION('',(0.,-1.,0.));
#8557=DIRECTION('center_axis',(-0.707106781186548,-0.707106781186548,0.));
#8558=DIRECTION('ref_axis',(-0.707106781186547,0.707106781186547,0.));
#8559=DIRECTION('center_axis',(-1.,0.,0.));
#8560=DIRECTION('ref_axis',(0.,0.707106781186548,0.707106781186548));
#8561=DIRECTION('',(-1.,0.,0.));
#8562=DIRECTION('center_axis',(-0.685139704929576,-0.72841168629355,0.));
#8563=DIRECTION('ref_axis',(0.72841168629355,-0.685139704929576,0.));
#8564=DIRECTION('',(0.,0.,1.));
#8565=DIRECTION('',(0.72841168629355,-0.685139704929576,0.));
#8566=DIRECTION('',(0.,0.,1.));
#8567=DIRECTION('center_axis',(-1.,-2.14127126725893E-16,0.));
#8568=DIRECTION('ref_axis',(2.14127126725893E-16,-1.,0.));
#8569=DIRECTION('',(0.,0.,1.));
#8570=DIRECTION('',(2.14127126725893E-16,-1.,0.));
#8571=DIRECTION('center_axis',(0.,1.,0.));
#8572=DIRECTION('ref_axis',(-1.,0.,0.));
#8573=DIRECTION('',(0.,0.,1.));
#8574=DIRECTION('',(1.,0.,0.));
#8575=DIRECTION('center_axis',(-1.,0.,0.));
#8576=DIRECTION('ref_axis',(0.,-1.,0.));
#8577=DIRECTION('',(0.,0.,1.));
#8578=DIRECTION('',(0.,-1.,0.));
#8579=DIRECTION('center_axis',(0.,1.,0.));
#8580=DIRECTION('ref_axis',(-1.,0.,0.));
#8581=DIRECTION('',(0.,0.,1.));
#8582=DIRECTION('',(-1.,0.,0.));
#8583=DIRECTION('center_axis',(1.,0.,0.));
#8584=DIRECTION('ref_axis',(0.,1.,0.));
#8585=DIRECTION('',(0.,0.,1.));
#8586=DIRECTION('',(0.,1.,0.));
#8587=DIRECTION('center_axis',(1.,0.,0.));
#8588=DIRECTION('ref_axis',(0.,1.,0.));
#8589=DIRECTION('',(0.,1.,0.));
#8590=DIRECTION('',(0.,0.,1.));
#8591=DIRECTION('',(0.,0.,1.));
#8592=DIRECTION('center_axis',(0.,1.,0.));
#8593=DIRECTION('ref_axis',(-1.,0.,0.));
#8594=DIRECTION('',(-1.,0.,0.));
#8595=DIRECTION('',(0.,0.,1.));
#8596=DIRECTION('center_axis',(-1.,0.,0.));
#8597=DIRECTION('ref_axis',(0.,-1.,0.));
#8598=DIRECTION('',(0.,-1.,0.));
#8599=DIRECTION('',(0.,0.,1.));
#8600=DIRECTION('center_axis',(0.,-1.,0.));
#8601=DIRECTION('ref_axis',(1.,0.,0.));
#8602=DIRECTION('',(1.,0.,0.));
#8603=DIRECTION('center_axis',(1.,0.,0.));
#8604=DIRECTION('ref_axis',(0.,1.,0.));
#8605=DIRECTION('',(0.,1.,0.));
#8606=DIRECTION('',(0.,0.,1.));
#8607=DIRECTION('',(0.,0.,1.));
#8608=DIRECTION('center_axis',(0.,1.,0.));
#8609=DIRECTION('ref_axis',(-1.,0.,0.));
#8610=DIRECTION('',(-1.,0.,0.));
#8611=DIRECTION('',(0.,0.,1.));
#8612=DIRECTION('center_axis',(-1.,0.,0.));
#8613=DIRECTION('ref_axis',(0.,-1.,0.));
#8614=DIRECTION('',(0.,-1.,0.));
#8615=DIRECTION('',(0.,0.,1.));
#8616=DIRECTION('center_axis',(0.,-1.,0.));
#8617=DIRECTION('ref_axis',(1.,0.,0.));
#8618=DIRECTION('',(1.,0.,0.));
#8619=DIRECTION('center_axis',(1.,0.,0.));
#8620=DIRECTION('ref_axis',(0.,1.,0.));
#8621=DIRECTION('',(0.,1.,0.));
#8622=DIRECTION('',(0.,0.,1.));
#8623=DIRECTION('',(0.,0.,1.));
#8624=DIRECTION('center_axis',(0.,1.,0.));
#8625=DIRECTION('ref_axis',(-1.,0.,0.));
#8626=DIRECTION('',(-1.,0.,0.));
#8627=DIRECTION('',(0.,0.,1.));
#8628=DIRECTION('center_axis',(-1.,0.,0.));
#8629=DIRECTION('ref_axis',(0.,-1.,0.));
#8630=DIRECTION('',(0.,-1.,0.));
#8631=DIRECTION('',(0.,0.,1.));
#8632=DIRECTION('center_axis',(0.,-1.,0.));
#8633=DIRECTION('ref_axis',(1.,0.,0.));
#8634=DIRECTION('',(1.,0.,0.));
#8635=DIRECTION('center_axis',(0.,1.,0.));
#8636=DIRECTION('ref_axis',(-1.,0.,0.));
#8637=DIRECTION('',(-1.,0.,0.));
#8638=DIRECTION('',(0.,0.,1.));
#8639=DIRECTION('',(0.,0.,1.));
#8640=DIRECTION('center_axis',(-1.,0.,0.));
#8641=DIRECTION('ref_axis',(0.,-1.,0.));
#8642=DIRECTION('',(0.,-1.,0.));
#8643=DIRECTION('',(0.,0.,1.));
#8644=DIRECTION('center_axis',(0.,-1.,0.));
#8645=DIRECTION('ref_axis',(1.,0.,0.));
#8646=DIRECTION('',(1.,0.,0.));
#8647=DIRECTION('',(0.,0.,1.));
#8648=DIRECTION('center_axis',(1.,0.,0.));
#8649=DIRECTION('ref_axis',(0.,1.,0.));
#8650=DIRECTION('',(0.,1.,0.));
#8651=DIRECTION('center_axis',(0.,1.,0.));
#8652=DIRECTION('ref_axis',(-1.,0.,0.));
#8653=DIRECTION('',(-1.,0.,0.));
#8654=DIRECTION('',(0.,0.,1.));
#8655=DIRECTION('',(0.,0.,1.));
#8656=DIRECTION('center_axis',(-1.,0.,0.));
#8657=DIRECTION('ref_axis',(0.,-1.,0.));
#8658=DIRECTION('',(0.,-1.,0.));
#8659=DIRECTION('',(0.,0.,1.));
#8660=DIRECTION('center_axis',(0.,-1.,0.));
#8661=DIRECTION('ref_axis',(1.,0.,0.));
#8662=DIRECTION('',(1.,0.,0.));
#8663=DIRECTION('',(0.,0.,1.));
#8664=DIRECTION('center_axis',(1.,0.,0.));
#8665=DIRECTION('ref_axis',(0.,1.,0.));
#8666=DIRECTION('',(0.,1.,0.));
#8667=DIRECTION('center_axis',(-1.,0.,0.));
#8668=DIRECTION('ref_axis',(0.,-1.,0.));
#8669=DIRECTION('',(0.,-1.,0.));
#8670=DIRECTION('',(0.,0.,1.));
#8671=DIRECTION('',(0.,0.,1.));
#8672=DIRECTION('center_axis',(0.,-1.,0.));
#8673=DIRECTION('ref_axis',(1.,0.,0.));
#8674=DIRECTION('',(1.,0.,0.));
#8675=DIRECTION('',(0.,0.,1.));
#8676=DIRECTION('center_axis',(1.,0.,0.));
#8677=DIRECTION('ref_axis',(0.,1.,0.));
#8678=DIRECTION('',(0.,1.,0.));
#8679=DIRECTION('',(0.,0.,1.));
#8680=DIRECTION('center_axis',(0.,1.,0.));
#8681=DIRECTION('ref_axis',(-1.,0.,0.));
#8682=DIRECTION('',(-1.,0.,0.));
#8683=DIRECTION('center_axis',(-1.,0.,0.));
#8684=DIRECTION('ref_axis',(0.,-1.,0.));
#8685=DIRECTION('',(0.,-1.,0.));
#8686=DIRECTION('',(0.,0.,1.));
#8687=DIRECTION('',(0.,0.,1.));
#8688=DIRECTION('center_axis',(0.,-1.,0.));
#8689=DIRECTION('ref_axis',(1.,0.,0.));
#8690=DIRECTION('',(1.,0.,0.));
#8691=DIRECTION('',(0.,0.,1.));
#8692=DIRECTION('center_axis',(1.,0.,0.));
#8693=DIRECTION('ref_axis',(0.,1.,0.));
#8694=DIRECTION('',(0.,1.,0.));
#8695=DIRECTION('',(0.,0.,1.));
#8696=DIRECTION('center_axis',(0.,1.,0.));
#8697=DIRECTION('ref_axis',(-1.,0.,0.));
#8698=DIRECTION('',(-1.,0.,0.));
#8699=DIRECTION('center_axis',(0.,1.,0.));
#8700=DIRECTION('ref_axis',(-1.,0.,0.));
#8701=DIRECTION('',(-1.,0.,0.));
#8702=DIRECTION('',(0.,0.,1.));
#8703=DIRECTION('',(0.,0.,1.));
#8704=DIRECTION('center_axis',(-1.,0.,0.));
#8705=DIRECTION('ref_axis',(0.,-1.,0.));
#8706=DIRECTION('',(0.,-1.,0.));
#8707=DIRECTION('',(0.,0.,1.));
#8708=DIRECTION('center_axis',(0.,-1.,0.));
#8709=DIRECTION('ref_axis',(1.,0.,0.));
#8710=DIRECTION('',(1.,0.,0.));
#8711=DIRECTION('',(0.,0.,1.));
#8712=DIRECTION('center_axis',(1.,0.,0.));
#8713=DIRECTION('ref_axis',(0.,1.,0.));
#8714=DIRECTION('',(0.,1.,0.));
#8715=DIRECTION('center_axis',(-1.,0.,0.));
#8716=DIRECTION('ref_axis',(0.,-1.,0.));
#8717=DIRECTION('',(0.,-1.,0.));
#8718=DIRECTION('',(0.,0.,1.));
#8719=DIRECTION('',(0.,0.,1.));
#8720=DIRECTION('center_axis',(0.,-1.,0.));
#8721=DIRECTION('ref_axis',(1.,0.,0.));
#8722=DIRECTION('',(1.,0.,0.));
#8723=DIRECTION('',(0.,0.,1.));
#8724=DIRECTION('center_axis',(1.,0.,0.));
#8725=DIRECTION('ref_axis',(0.,1.,0.));
#8726=DIRECTION('',(0.,1.,0.));
#8727=DIRECTION('',(0.,0.,1.));
#8728=DIRECTION('center_axis',(0.,1.,0.));
#8729=DIRECTION('ref_axis',(-1.,0.,0.));
#8730=DIRECTION('',(-1.,0.,0.));
#8731=DIRECTION('center_axis',(-1.,0.,0.));
#8732=DIRECTION('ref_axis',(0.,-1.,0.));
#8733=DIRECTION('',(0.,-1.,0.));
#8734=DIRECTION('',(0.,0.,1.));
#8735=DIRECTION('',(0.,0.,1.));
#8736=DIRECTION('center_axis',(0.,-1.,0.));
#8737=DIRECTION('ref_axis',(1.,0.,0.));
#8738=DIRECTION('',(1.,0.,0.));
#8739=DIRECTION('',(0.,0.,1.));
#8740=DIRECTION('center_axis',(1.,0.,0.));
#8741=DIRECTION('ref_axis',(0.,1.,0.));
#8742=DIRECTION('',(0.,1.,0.));
#8743=DIRECTION('',(0.,0.,1.));
#8744=DIRECTION('center_axis',(0.,1.,0.));
#8745=DIRECTION('ref_axis',(-1.,0.,0.));
#8746=DIRECTION('',(-1.,0.,0.));
#8747=DIRECTION('center_axis',(-1.,0.,0.));
#8748=DIRECTION('ref_axis',(0.,-1.,0.));
#8749=DIRECTION('',(0.,-1.,0.));
#8750=DIRECTION('',(0.,0.,1.));
#8751=DIRECTION('',(0.,0.,1.));
#8752=DIRECTION('center_axis',(0.,-1.,0.));
#8753=DIRECTION('ref_axis',(1.,0.,0.));
#8754=DIRECTION('',(1.,0.,0.));
#8755=DIRECTION('',(0.,0.,1.));
#8756=DIRECTION('center_axis',(1.,0.,0.));
#8757=DIRECTION('ref_axis',(0.,1.,0.));
#8758=DIRECTION('',(0.,1.,0.));
#8759=DIRECTION('',(0.,0.,1.));
#8760=DIRECTION('center_axis',(0.,1.,0.));
#8761=DIRECTION('ref_axis',(-1.,0.,0.));
#8762=DIRECTION('',(-1.,0.,0.));
#8763=DIRECTION('center_axis',(1.,0.,0.));
#8764=DIRECTION('ref_axis',(0.,1.,0.));
#8765=DIRECTION('',(0.,1.,0.));
#8766=DIRECTION('',(0.,0.,1.));
#8767=DIRECTION('',(0.,0.,1.));
#8768=DIRECTION('center_axis',(0.,1.,0.));
#8769=DIRECTION('ref_axis',(-1.,0.,0.));
#8770=DIRECTION('',(-1.,0.,0.));
#8771=DIRECTION('',(0.,0.,1.));
#8772=DIRECTION('center_axis',(-1.,0.,0.));
#8773=DIRECTION('ref_axis',(0.,-1.,0.));
#8774=DIRECTION('',(0.,-1.,0.));
#8775=DIRECTION('',(0.,0.,1.));
#8776=DIRECTION('center_axis',(0.,-1.,0.));
#8777=DIRECTION('ref_axis',(1.,0.,0.));
#8778=DIRECTION('',(1.,0.,0.));
#8779=DIRECTION('center_axis',(-1.,0.,0.));
#8780=DIRECTION('ref_axis',(0.,-1.,0.));
#8781=DIRECTION('',(0.,-1.,0.));
#8782=DIRECTION('',(0.,0.,1.));
#8783=DIRECTION('',(0.,0.,1.));
#8784=DIRECTION('center_axis',(0.,-1.,0.));
#8785=DIRECTION('ref_axis',(1.,0.,0.));
#8786=DIRECTION('',(1.,0.,0.));
#8787=DIRECTION('',(0.,0.,1.));
#8788=DIRECTION('center_axis',(1.,0.,0.));
#8789=DIRECTION('ref_axis',(0.,1.,0.));
#8790=DIRECTION('',(0.,1.,0.));
#8791=DIRECTION('',(0.,0.,1.));
#8792=DIRECTION('center_axis',(0.,1.,0.));
#8793=DIRECTION('ref_axis',(-1.,0.,0.));
#8794=DIRECTION('',(-1.,0.,0.));
#8795=DIRECTION('center_axis',(-1.,0.,0.));
#8796=DIRECTION('ref_axis',(0.,-1.,0.));
#8797=DIRECTION('',(0.,-1.,0.));
#8798=DIRECTION('',(0.,0.,1.));
#8799=DIRECTION('',(0.,0.,1.));
#8800=DIRECTION('center_axis',(0.,-1.,0.));
#8801=DIRECTION('ref_axis',(1.,0.,0.));
#8802=DIRECTION('',(1.,0.,0.));
#8803=DIRECTION('',(0.,0.,1.));
#8804=DIRECTION('center_axis',(1.,0.,0.));
#8805=DIRECTION('ref_axis',(0.,1.,0.));
#8806=DIRECTION('',(0.,1.,0.));
#8807=DIRECTION('',(0.,0.,1.));
#8808=DIRECTION('center_axis',(0.,1.,0.));
#8809=DIRECTION('ref_axis',(-1.,0.,0.));
#8810=DIRECTION('',(-1.,0.,0.));
#8811=DIRECTION('center_axis',(-1.,0.,0.));
#8812=DIRECTION('ref_axis',(0.,-1.,0.));
#8813=DIRECTION('',(0.,-1.,0.));
#8814=DIRECTION('',(0.,0.,1.));
#8815=DIRECTION('',(0.,0.,1.));
#8816=DIRECTION('center_axis',(0.,-1.,0.));
#8817=DIRECTION('ref_axis',(1.,0.,0.));
#8818=DIRECTION('',(1.,0.,0.));
#8819=DIRECTION('',(0.,0.,1.));
#8820=DIRECTION('center_axis',(1.,0.,0.));
#8821=DIRECTION('ref_axis',(0.,1.,0.));
#8822=DIRECTION('',(0.,1.,0.));
#8823=DIRECTION('',(0.,0.,1.));
#8824=DIRECTION('center_axis',(0.,1.,0.));
#8825=DIRECTION('ref_axis',(-1.,0.,0.));
#8826=DIRECTION('',(-1.,0.,0.));
#8827=DIRECTION('center_axis',(-1.,0.,0.));
#8828=DIRECTION('ref_axis',(0.,-1.,0.));
#8829=DIRECTION('',(0.,-1.,0.));
#8830=DIRECTION('',(0.,0.,1.));
#8831=DIRECTION('',(0.,0.,1.));
#8832=DIRECTION('center_axis',(0.,-1.,0.));
#8833=DIRECTION('ref_axis',(1.,0.,0.));
#8834=DIRECTION('',(1.,0.,0.));
#8835=DIRECTION('',(0.,0.,1.));
#8836=DIRECTION('center_axis',(1.,0.,0.));
#8837=DIRECTION('ref_axis',(0.,1.,0.));
#8838=DIRECTION('',(0.,1.,0.));
#8839=DIRECTION('',(0.,0.,1.));
#8840=DIRECTION('center_axis',(0.,1.,0.));
#8841=DIRECTION('ref_axis',(-1.,0.,0.));
#8842=DIRECTION('',(-1.,0.,0.));
#8843=DIRECTION('center_axis',(0.727393652509463,0.686220426895719,0.));
#8844=DIRECTION('ref_axis',(-0.686220426895719,0.727393652509463,0.));
#8845=DIRECTION('',(0.,0.,1.));
#8846=DIRECTION('',(-0.686220426895719,0.727393652509463,0.));
#8847=DIRECTION('center_axis',(0.992988274194944,0.118212889785111,0.));
#8848=DIRECTION('ref_axis',(-0.118212889785111,0.992988274194944,0.));
#8849=DIRECTION('',(0.,0.,1.));
#8850=DIRECTION('',(-0.118212889785111,0.992988274194944,0.));
#8851=DIRECTION('center_axis',(0.388057000058133,0.921635375138065,0.));
#8852=DIRECTION('ref_axis',(-0.921635375138065,0.388057000058133,0.));
#8853=DIRECTION('',(0.,0.,1.));
#8854=DIRECTION('',(-0.921635375138065,0.388057000058133,0.));
#8855=DIRECTION('center_axis',(1.,0.,0.));
#8856=DIRECTION('ref_axis',(0.,1.,0.));
#8857=DIRECTION('',(0.,0.,1.));
#8858=DIRECTION('',(0.,1.,0.));
#8859=DIRECTION('center_axis',(0.,-1.,0.));
#8860=DIRECTION('ref_axis',(1.,0.,0.));
#8861=DIRECTION('',(1.,0.,0.));
#8862=DIRECTION('center_axis',(0.,0.,1.));
#8863=DIRECTION('ref_axis',(-1.,0.,0.));
#8864=DIRECTION('center_axis',(0.,-1.,0.));
#8865=DIRECTION('ref_axis',(-0.70710678118654,0.,0.707106781186555));
#8866=DIRECTION('',(0.,1.,0.));
#8867=DIRECTION('center_axis',(-0.367738219294641,-0.929929353268304,2.0648579585465E-14));
#8868=DIRECTION('ref_axis',(-0.929929353268304,0.367738219294641,5.22157318775608E-14));
#8869=DIRECTION('',(0.,-1.,0.));
#8870=DIRECTION('center_axis',(0.504185299251054,-0.86359549791504,0.));
#8871=DIRECTION('ref_axis',(-0.86359549791504,-0.504185299251054,0.));
#8872=DIRECTION('center_axis',(-0.68394112888133,-0.729537204140085,0.));
#8873=DIRECTION('ref_axis',(-0.515860704175304,0.483619410164383,0.707106781186557));
#8874=DIRECTION('',(0.68394112888133,0.729537204140085,0.));
#8875=DIRECTION('center_axis',(-0.367738219294623,-0.929929353268311,0.));
#8876=DIRECTION('ref_axis',(0.929929353268311,-0.367738219294623,0.));
#8877=DIRECTION('',(-0.68394112888133,-0.729537204140085,0.));
#8878=DIRECTION('center_axis',(0.,-1.,0.));
#8879=DIRECTION('ref_axis',(-0.70710678118654,0.,0.707106781186555));
#8880=DIRECTION('',(0.,1.,0.));
#8881=DIRECTION('center_axis',(-0.707106781186555,-0.70710678118654,0.));
#8882=DIRECTION('ref_axis',(-0.70710678118654,0.707106781186555,0.));
#8883=DIRECTION('',(0.,-1.,0.));
#8884=DIRECTION('center_axis',(-1.,0.,0.));
#8885=DIRECTION('ref_axis',(0.,0.707106781186548,0.707106781186548));
#8886=DIRECTION('',(1.,0.,0.));
#8887=DIRECTION('center_axis',(-0.705073288675658,0.709134442539701,0.));
#8888=DIRECTION('ref_axis',(0.709134442539701,0.705073288675658,0.));
#8889=DIRECTION('',(-1.,0.,0.));
#8890=DIRECTION('center_axis',(0.00574331519218969,0.999983507029293,0.));
#8891=DIRECTION('ref_axis',(0.707095118895105,-0.00406113711888648,0.707106781186561));
#8892=DIRECTION('',(-0.00574331519218969,-0.999983507029292,0.));
#8893=DIRECTION('center_axis',(0.454136827096725,0.890931951539802,0.));
#8894=DIRECTION('ref_axis',(0.890931951539802,-0.454136827096725,0.));
#8895=DIRECTION('',(0.00574331519218969,0.999983507029292,0.));
#8896=DIRECTION('',(-0.00574331519218969,-0.999983507029292,0.));
#8897=DIRECTION('center_axis',(0.805822363404306,0.592157342804679,0.));
#8898=DIRECTION('ref_axis',(0.418718472626616,-0.569802457594945,0.707106781186544));
#8899=DIRECTION('',(0.805822363404306,0.592157342804679,0.));
#8900=DIRECTION('',(-0.805822363404306,-0.592157342804679,0.));
#8901=DIRECTION('center_axis',(0.953196340527091,0.302352007444571,0.));
#8902=DIRECTION('ref_axis',(0.302352007444571,-0.953196340527091,0.));
#8903=DIRECTION('center_axis',(0.999811534110652,-0.0194138161963237,0.));
#8904=DIRECTION('ref_axis',(-0.0137276410811297,-0.706973515678147,0.707106781186568));
#8905=DIRECTION('',(-0.999811534110652,0.0194138161963237,0.));
#8906=DIRECTION('center_axis',(0.753908791298205,-0.65697909738688,0.));
#8907=DIRECTION('ref_axis',(-0.65697909738688,-0.753908791298205,0.));
#8908=DIRECTION('',(0.999811534110652,-0.0194138161963237,0.));
#8909=DIRECTION('',(-0.999811534110652,0.0194138161963237,0.));
#8910=DIRECTION('center_axis',(0.155962573473009,-0.987762965329069,0.));
#8911=DIRECTION('ref_axis',(-0.698453890989119,-0.110282193314072,0.707106781186546));
#8912=DIRECTION('',(0.155962573473009,-0.987762965329069,0.));
#8913=DIRECTION('',(-0.155962573473009,0.987762965329069,0.));
#8914=DIRECTION('center_axis',(0.570191761417592,-0.821511628165727,0.));
#8915=DIRECTION('ref_axis',(0.821511628165727,0.570191761417592,0.));
#8916=DIRECTION('center_axis',(0.870824309096318,-0.491594368038244,0.));
#8917=DIRECTION('ref_axis',(-0.347609711232953,-0.615765774184084,0.707106781186561));
#8918=DIRECTION('',(0.870824309096318,-0.491594368038244,0.));
#8919=DIRECTION('',(-0.870824309096318,0.491594368038244,0.));
#8920=DIRECTION('center_axis',(0.592157342804679,-0.805822363404306,0.));
#8921=DIRECTION('ref_axis',(0.805822363404306,0.592157342804679,0.));
#8922=DIRECTION('',(0.,0.,1.));
#8923=DIRECTION('',(-0.805822363404306,-0.592157342804679,0.));
#8924=DIRECTION('',(0.,0.,1.));
#8925=DIRECTION('center_axis',(-0.0194138161963237,-0.999811534110652,0.));
#8926=DIRECTION('ref_axis',(0.999811534110652,-0.0194138161963237,0.));
#8927=DIRECTION('',(0.,0.,1.));
#8928=DIRECTION('',(-0.999811534110652,0.0194138161963237,0.));
#8929=DIRECTION('center_axis',(-0.987762965329069,-0.155962573473009,0.));
#8930=DIRECTION('ref_axis',(0.155962573473009,-0.987762965329069,0.));
#8931=DIRECTION('',(0.,0.,1.));
#8932=DIRECTION('',(-0.155962573473009,0.987762965329069,0.));
#8933=DIRECTION('center_axis',(-0.491594368038244,-0.870824309096318,0.));
#8934=DIRECTION('ref_axis',(0.870824309096318,-0.491594368038244,0.));
#8935=DIRECTION('',(0.,0.,1.));
#8936=DIRECTION('',(0.870824309096318,-0.491594368038244,0.));
#8937=DIRECTION('center_axis',(-1.,0.,0.));
#8938=DIRECTION('ref_axis',(0.,-1.,0.));
#8939=DIRECTION('',(0.,0.,1.));
#8940=DIRECTION('',(0.,1.,0.));
#8941=DIRECTION('center_axis',(0.,0.,-1.));
#8942=DIRECTION('ref_axis',(-1.,0.,0.));
#8943=DIRECTION('center_axis',(0.,0.,1.));
#8944=DIRECTION('ref_axis',(-1.,0.,0.));
#8945=DIRECTION('center_axis',(0.,-1.,0.));
#8946=DIRECTION('ref_axis',(1.,0.,0.));
#8947=DIRECTION('center_axis',(0.,0.,-1.));
#8948=DIRECTION('ref_axis',(-1.,0.,0.));
#8949=DIRECTION('center_axis',(0.,0.,1.));
#8950=DIRECTION('ref_axis',(-1.,0.,0.));
#8951=DIRECTION('center_axis',(0.,0.,1.));
#8952=DIRECTION('ref_axis',(-1.,0.,0.));
#8953=DIRECTION('center_axis',(0.,0.,1.));
#8954=DIRECTION('ref_axis',(-1.,0.,0.));
#8955=DIRECTION('',(1.,0.,0.));
#8956=DIRECTION('',(0.,-1.,0.));
#8957=DIRECTION('',(-1.,0.,0.));
#8958=DIRECTION('',(0.,1.,0.));
#8959=DIRECTION('',(-1.,0.,0.));
#8960=DIRECTION('',(0.,1.,0.));
#8961=DIRECTION('',(1.,0.,0.));
#8962=DIRECTION('',(0.,-1.,0.));
#8963=DIRECTION('',(1.,0.,0.));
#8964=DIRECTION('',(0.,-1.,0.));
#8965=DIRECTION('',(-1.,0.,0.));
#8966=DIRECTION('',(0.,1.,0.));
#8967=DIRECTION('center_axis',(0.,0.,1.));
#8968=DIRECTION('ref_axis',(-1.,0.,0.));
#8969=DIRECTION('',(1.,0.,0.));
#8970=DIRECTION('',(0.,-1.,0.));
#8971=DIRECTION('',(-1.,0.,0.));
#8972=DIRECTION('',(0.,1.,0.));
#8973=DIRECTION('center_axis',(0.,0.,1.));
#8974=DIRECTION('ref_axis',(-1.,0.,0.));
#8975=DIRECTION('',(1.,0.,0.));
#8976=DIRECTION('',(0.,-1.,0.));
#8977=DIRECTION('',(-1.,0.,0.));
#8978=DIRECTION('',(0.,1.,0.));
#8979=DIRECTION('',(1.,0.,0.));
#8980=DIRECTION('',(0.,-1.,0.));
#8981=DIRECTION('',(-1.,0.,0.));
#8982=DIRECTION('',(0.,1.,0.));
#8983=DIRECTION('',(1.,0.,0.));
#8984=DIRECTION('',(0.,-1.,0.));
#8985=DIRECTION('',(-1.,0.,0.));
#8986=DIRECTION('',(0.,1.,0.));
#8987=DIRECTION('',(1.,0.,0.));
#8988=DIRECTION('',(0.,-1.,0.));
#8989=DIRECTION('',(-1.,0.,0.));
#8990=DIRECTION('',(0.,1.,0.));
#8991=DIRECTION('',(1.,0.,0.));
#8992=DIRECTION('',(0.,-1.,0.));
#8993=DIRECTION('',(-1.,0.,0.));
#8994=DIRECTION('',(0.,1.,0.));
#8995=DIRECTION('center_axis',(0.,0.,1.));
#8996=DIRECTION('ref_axis',(-1.,0.,0.));
#8997=DIRECTION('center_axis',(0.,0.,1.));
#8998=DIRECTION('ref_axis',(-1.,0.,0.));
#8999=DIRECTION('',(1.,0.,0.));
#9000=DIRECTION('',(0.,-1.,0.));
#9001=DIRECTION('',(-1.,0.,0.));
#9002=DIRECTION('',(0.,1.,0.));
#9003=DIRECTION('',(1.,0.,0.));
#9004=DIRECTION('',(0.,-1.,0.));
#9005=DIRECTION('',(-1.,0.,0.));
#9006=DIRECTION('',(0.,1.,0.));
#9007=DIRECTION('',(1.,0.,0.));
#9008=DIRECTION('',(0.,-1.,0.));
#9009=DIRECTION('',(-1.,0.,0.));
#9010=DIRECTION('',(0.,1.,0.));
#9011=DIRECTION('center_axis',(0.,0.,1.));
#9012=DIRECTION('ref_axis',(-1.,0.,0.));
#9013=DIRECTION('',(1.,0.,0.));
#9014=DIRECTION('',(0.,-1.,0.));
#9015=DIRECTION('',(-1.,0.,0.));
#9016=DIRECTION('',(0.,1.,0.));
#9017=DIRECTION('',(1.,0.,0.));
#9018=DIRECTION('',(0.,-1.,0.));
#9019=DIRECTION('',(-1.,0.,0.));
#9020=DIRECTION('',(0.,1.,0.));
#9021=DIRECTION('',(1.,0.,0.));
#9022=DIRECTION('',(0.,-1.,0.));
#9023=DIRECTION('',(-1.,0.,0.));
#9024=DIRECTION('',(0.,1.,0.));
#9025=DIRECTION('',(1.,0.,0.));
#9026=DIRECTION('',(0.,-1.,0.));
#9027=DIRECTION('',(-1.,0.,0.));
#9028=DIRECTION('',(0.,1.,0.));
#9029=DIRECTION('center_axis',(0.,0.,-1.));
#9030=DIRECTION('ref_axis',(-1.,0.,0.));
#9031=DIRECTION('center_axis',(0.,-1.,0.));
#9032=DIRECTION('ref_axis',(1.,0.,0.));
#9033=DIRECTION('center_axis',(0.,0.,-1.));
#9034=DIRECTION('ref_axis',(-1.,0.,0.));
#9035=DIRECTION('center_axis',(-1.,0.,0.));
#9036=DIRECTION('ref_axis',(0.,0.707106781186555,0.70710678118654));
#9037=DIRECTION('center_axis',(-0.707106781186555,-0.70710678118654,0.));
#9038=DIRECTION('ref_axis',(0.70710678118654,-0.707106781186555,0.));
#9039=DIRECTION('',(-1.,0.,0.));
#9040=DIRECTION('center_axis',(-0.707106781186555,0.70710678118654,0.));
#9041=DIRECTION('ref_axis',(-0.70710678118654,-0.707106781186555,0.));
#9042=DIRECTION('center_axis',(0.,-1.,0.));
#9043=DIRECTION('ref_axis',(-0.70710678118654,0.,0.707106781186555));
#9044=DIRECTION('center_axis',(0.707106781186555,-0.70710678118654,0.));
#9045=DIRECTION('ref_axis',(0.70710678118654,0.707106781186555,0.));
#9046=DIRECTION('',(0.,-1.,0.));
#9047=DIRECTION('center_axis',(1.,0.,0.));
#9048=DIRECTION('ref_axis',(0.,-0.707106781186555,0.70710678118654));
#9049=DIRECTION('center_axis',(0.707106781186555,0.70710678118654,0.));
#9050=DIRECTION('ref_axis',(-0.70710678118654,0.707106781186555,0.));
#9051=DIRECTION('',(1.,0.,0.));
#9052=DIRECTION('center_axis',(0.,1.,0.));
#9053=DIRECTION('ref_axis',(0.70710678118654,0.,0.707106781186555));
#9054=DIRECTION('',(0.,1.,0.));
#9055=DIRECTION('center_axis',(1.,0.,0.));
#9056=DIRECTION('ref_axis',(0.,1.,0.));
#9057=DIRECTION('',(0.,0.,1.));
#9058=DIRECTION('',(0.,1.,0.));
#9059=DIRECTION('',(0.,0.,1.));
#9060=DIRECTION('center_axis',(0.,1.,0.));
#9061=DIRECTION('ref_axis',(-1.,0.,0.));
#9062=DIRECTION('',(0.,0.,1.));
#9063=DIRECTION('',(-1.,0.,0.));
#9064=DIRECTION('center_axis',(-1.,0.,0.));
#9065=DIRECTION('ref_axis',(0.,0.707106781186555,0.70710678118654));
#9066=DIRECTION('center_axis',(-0.707106781186555,-0.70710678118654,0.));
#9067=DIRECTION('ref_axis',(0.70710678118654,-0.707106781186555,0.));
#9068=DIRECTION('',(-1.,0.,0.));
#9069=DIRECTION('center_axis',(-0.707106781186555,0.70710678118654,0.));
#9070=DIRECTION('ref_axis',(-0.70710678118654,-0.707106781186555,0.));
#9071=DIRECTION('center_axis',(0.,-1.,0.));
#9072=DIRECTION('ref_axis',(-0.70710678118654,0.,0.707106781186555));
#9073=DIRECTION('center_axis',(0.707106781186555,-0.70710678118654,0.));
#9074=DIRECTION('ref_axis',(0.70710678118654,0.707106781186555,0.));
#9075=DIRECTION('',(0.,-1.,0.));
#9076=DIRECTION('center_axis',(1.,0.,0.));
#9077=DIRECTION('ref_axis',(0.,-0.707106781186555,0.70710678118654));
#9078=DIRECTION('center_axis',(0.707106781186555,0.70710678118654,0.));
#9079=DIRECTION('ref_axis',(-0.70710678118654,0.707106781186555,0.));
#9080=DIRECTION('',(1.,0.,0.));
#9081=DIRECTION('center_axis',(0.,1.,0.));
#9082=DIRECTION('ref_axis',(0.70710678118654,0.,0.707106781186555));
#9083=DIRECTION('',(0.,1.,0.));
#9084=DIRECTION('center_axis',(1.,0.,0.));
#9085=DIRECTION('ref_axis',(0.,1.,0.));
#9086=DIRECTION('',(0.,0.,1.));
#9087=DIRECTION('',(0.,1.,0.));
#9088=DIRECTION('',(0.,0.,1.));
#9089=DIRECTION('center_axis',(0.,1.,0.));
#9090=DIRECTION('ref_axis',(-1.,0.,0.));
#9091=DIRECTION('',(0.,0.,1.));
#9092=DIRECTION('',(-1.,0.,0.));
#9093=DIRECTION('center_axis',(1.,0.,0.));
#9094=DIRECTION('ref_axis',(0.,-0.707106781186548,0.707106781186548));
#9095=DIRECTION('center_axis',(0.707106781186555,0.70710678118654,0.));
#9096=DIRECTION('ref_axis',(-0.70710678118654,0.707106781186555,0.));
#9097=DIRECTION('',(1.,0.,0.));
#9098=DIRECTION('center_axis',(0.707106781186555,-0.70710678118654,0.));
#9099=DIRECTION('ref_axis',(0.70710678118654,0.707106781186555,0.));
#9100=DIRECTION('center_axis',(0.,1.,0.));
#9101=DIRECTION('ref_axis',(0.70710678118654,0.,0.707106781186555));
#9102=DIRECTION('center_axis',(-0.707106781186555,0.70710678118654,0.));
#9103=DIRECTION('ref_axis',(-0.70710678118654,-0.707106781186555,0.));
#9104=DIRECTION('',(0.,1.,0.));
#9105=DIRECTION('center_axis',(-1.,0.,0.));
#9106=DIRECTION('ref_axis',(0.,0.707106781186548,0.707106781186548));
#9107=DIRECTION('center_axis',(-0.707106781186555,-0.70710678118654,0.));
#9108=DIRECTION('ref_axis',(0.70710678118654,-0.707106781186555,0.));
#9109=DIRECTION('',(-1.,0.,0.));
#9110=DIRECTION('center_axis',(0.,-1.,0.));
#9111=DIRECTION('ref_axis',(-0.70710678118654,0.,0.707106781186555));
#9112=DIRECTION('',(0.,-1.,0.));
#9113=DIRECTION('center_axis',(-1.,0.,0.));
#9114=DIRECTION('ref_axis',(0.,-1.,0.));
#9115=DIRECTION('',(0.,0.,1.));
#9116=DIRECTION('',(0.,-1.,0.));
#9117=DIRECTION('',(0.,0.,1.));
#9118=DIRECTION('center_axis',(0.,-1.,0.));
#9119=DIRECTION('ref_axis',(1.,0.,0.));
#9120=DIRECTION('',(0.,0.,1.));
#9121=DIRECTION('',(1.,0.,0.));
#9122=DIRECTION('center_axis',(-1.,0.,0.));
#9123=DIRECTION('ref_axis',(0.,0.707106781186555,0.70710678118654));
#9124=DIRECTION('center_axis',(-0.707106781186555,-0.70710678118654,0.));
#9125=DIRECTION('ref_axis',(0.70710678118654,-0.707106781186555,0.));
#9126=DIRECTION('',(-1.,0.,0.));
#9127=DIRECTION('center_axis',(-0.707106781186555,0.70710678118654,0.));
#9128=DIRECTION('ref_axis',(-0.70710678118654,-0.707106781186555,0.));
#9129=DIRECTION('center_axis',(0.,-1.,0.));
#9130=DIRECTION('ref_axis',(-0.70710678118654,0.,0.707106781186555));
#9131=DIRECTION('center_axis',(0.707106781186555,-0.70710678118654,0.));
#9132=DIRECTION('ref_axis',(0.70710678118654,0.707106781186555,0.));
#9133=DIRECTION('',(0.,-1.,0.));
#9134=DIRECTION('center_axis',(1.,0.,0.));
#9135=DIRECTION('ref_axis',(0.,-0.707106781186555,0.70710678118654));
#9136=DIRECTION('center_axis',(0.707106781186555,0.70710678118654,0.));
#9137=DIRECTION('ref_axis',(-0.70710678118654,0.707106781186555,0.));
#9138=DIRECTION('',(1.,0.,0.));
#9139=DIRECTION('center_axis',(0.,1.,0.));
#9140=DIRECTION('ref_axis',(0.70710678118654,0.,0.707106781186555));
#9141=DIRECTION('',(0.,1.,0.));
#9142=DIRECTION('center_axis',(1.,0.,0.));
#9143=DIRECTION('ref_axis',(0.,1.,0.));
#9144=DIRECTION('',(0.,0.,1.));
#9145=DIRECTION('',(0.,1.,0.));
#9146=DIRECTION('',(0.,0.,1.));
#9147=DIRECTION('center_axis',(0.,1.,0.));
#9148=DIRECTION('ref_axis',(-1.,0.,0.));
#9149=DIRECTION('',(0.,0.,1.));
#9150=DIRECTION('',(-1.,0.,0.));
#9151=DIRECTION('center_axis',(-1.,0.,0.));
#9152=DIRECTION('ref_axis',(0.,0.707106781186555,0.70710678118654));
#9153=DIRECTION('center_axis',(-0.707106781186555,-0.70710678118654,0.));
#9154=DIRECTION('ref_axis',(0.70710678118654,-0.707106781186555,0.));
#9155=DIRECTION('',(-1.,0.,0.));
#9156=DIRECTION('center_axis',(-0.707106781186555,0.70710678118654,0.));
#9157=DIRECTION('ref_axis',(-0.70710678118654,-0.707106781186555,0.));
#9158=DIRECTION('center_axis',(0.,-1.,0.));
#9159=DIRECTION('ref_axis',(-0.70710678118654,0.,0.707106781186555));
#9160=DIRECTION('center_axis',(0.707106781186555,-0.70710678118654,0.));
#9161=DIRECTION('ref_axis',(0.70710678118654,0.707106781186555,0.));
#9162=DIRECTION('',(0.,-1.,0.));
#9163=DIRECTION('center_axis',(1.,0.,0.));
#9164=DIRECTION('ref_axis',(0.,-0.707106781186555,0.70710678118654));
#9165=DIRECTION('center_axis',(0.707106781186555,0.70710678118654,0.));
#9166=DIRECTION('ref_axis',(-0.70710678118654,0.707106781186555,0.));
#9167=DIRECTION('',(1.,0.,0.));
#9168=DIRECTION('center_axis',(0.,1.,0.));
#9169=DIRECTION('ref_axis',(0.70710678118654,0.,0.707106781186555));
#9170=DIRECTION('',(0.,1.,0.));
#9171=DIRECTION('center_axis',(1.,0.,0.));
#9172=DIRECTION('ref_axis',(0.,1.,0.));
#9173=DIRECTION('',(0.,0.,1.));
#9174=DIRECTION('',(0.,1.,0.));
#9175=DIRECTION('',(0.,0.,1.));
#9176=DIRECTION('center_axis',(0.,1.,0.));
#9177=DIRECTION('ref_axis',(-1.,0.,0.));
#9178=DIRECTION('',(0.,0.,1.));
#9179=DIRECTION('',(-1.,0.,0.));
#9180=DIRECTION('center_axis',(-1.,0.,0.));
#9181=DIRECTION('ref_axis',(0.,0.707106781186555,0.70710678118654));
#9182=DIRECTION('center_axis',(-0.707106781186555,-0.70710678118654,0.));
#9183=DIRECTION('ref_axis',(0.70710678118654,-0.707106781186555,0.));
#9184=DIRECTION('',(-1.,0.,0.));
#9185=DIRECTION('center_axis',(-0.707106781186555,0.70710678118654,0.));
#9186=DIRECTION('ref_axis',(-0.70710678118654,-0.707106781186555,0.));
#9187=DIRECTION('center_axis',(0.,-1.,0.));
#9188=DIRECTION('ref_axis',(-0.70710678118654,0.,0.707106781186555));
#9189=DIRECTION('center_axis',(0.707106781186555,-0.70710678118654,0.));
#9190=DIRECTION('ref_axis',(0.70710678118654,0.707106781186555,0.));
#9191=DIRECTION('',(0.,-1.,0.));
#9192=DIRECTION('center_axis',(1.,0.,0.));
#9193=DIRECTION('ref_axis',(0.,-0.707106781186555,0.70710678118654));
#9194=DIRECTION('center_axis',(0.707106781186555,0.70710678118654,0.));
#9195=DIRECTION('ref_axis',(-0.70710678118654,0.707106781186555,0.));
#9196=DIRECTION('',(1.,0.,0.));
#9197=DIRECTION('center_axis',(0.,1.,0.));
#9198=DIRECTION('ref_axis',(0.70710678118654,0.,0.707106781186555));
#9199=DIRECTION('',(0.,1.,0.));
#9200=DIRECTION('center_axis',(1.,0.,0.));
#9201=DIRECTION('ref_axis',(0.,1.,0.));
#9202=DIRECTION('',(0.,0.,1.));
#9203=DIRECTION('',(0.,1.,0.));
#9204=DIRECTION('',(0.,0.,1.));
#9205=DIRECTION('center_axis',(0.,1.,0.));
#9206=DIRECTION('ref_axis',(-1.,0.,0.));
#9207=DIRECTION('',(0.,0.,1.));
#9208=DIRECTION('',(-1.,0.,0.));
#9209=DIRECTION('center_axis',(0.,0.,-1.));
#9210=DIRECTION('ref_axis',(-1.,0.,0.));
#9211=DIRECTION('center_axis',(0.,-1.,0.));
#9212=DIRECTION('ref_axis',(1.,0.,0.));
#9213=DIRECTION('center_axis',(0.,0.,-1.));
#9214=DIRECTION('ref_axis',(-1.,0.,0.));
#9215=DIRECTION('center_axis',(0.,0.,1.));
#9216=DIRECTION('ref_axis',(-1.,0.,0.));
#9217=DIRECTION('',(0.,0.,-1.));
#9218=DIRECTION('center_axis',(0.,0.,-1.));
#9219=DIRECTION('ref_axis',(-1.,0.,0.));
#9220=DIRECTION('center_axis',(-1.,0.,0.));
#9221=DIRECTION('ref_axis',(0.,0.707106781186555,0.70710678118654));
#9222=DIRECTION('center_axis',(-0.707106781186555,-0.70710678118654,0.));
#9223=DIRECTION('ref_axis',(0.70710678118654,-0.707106781186555,0.));
#9224=DIRECTION('',(-1.,0.,0.));
#9225=DIRECTION('center_axis',(-0.707106781186555,0.70710678118654,0.));
#9226=DIRECTION('ref_axis',(-0.70710678118654,-0.707106781186555,0.));
#9227=DIRECTION('center_axis',(0.,-1.,0.));
#9228=DIRECTION('ref_axis',(-0.70710678118654,0.,0.707106781186555));
#9229=DIRECTION('center_axis',(0.707106781186555,-0.70710678118654,0.));
#9230=DIRECTION('ref_axis',(0.70710678118654,0.707106781186555,0.));
#9231=DIRECTION('',(0.,-1.,0.));
#9232=DIRECTION('center_axis',(1.,0.,0.));
#9233=DIRECTION('ref_axis',(0.,-0.707106781186555,0.70710678118654));
#9234=DIRECTION('center_axis',(0.707106781186555,0.70710678118654,0.));
#9235=DIRECTION('ref_axis',(-0.70710678118654,0.707106781186555,0.));
#9236=DIRECTION('',(1.,0.,0.));
#9237=DIRECTION('center_axis',(0.,1.,0.));
#9238=DIRECTION('ref_axis',(0.70710678118654,0.,0.707106781186555));
#9239=DIRECTION('',(0.,1.,0.));
#9240=DIRECTION('center_axis',(1.,0.,0.));
#9241=DIRECTION('ref_axis',(0.,1.,0.));
#9242=DIRECTION('',(0.,0.,1.));
#9243=DIRECTION('',(0.,1.,0.));
#9244=DIRECTION('',(0.,0.,1.));
#9245=DIRECTION('center_axis',(0.,1.,0.));
#9246=DIRECTION('ref_axis',(-1.,0.,0.));
#9247=DIRECTION('',(0.,0.,1.));
#9248=DIRECTION('',(-1.,0.,0.));
#9249=DIRECTION('center_axis',(-1.,0.,0.));
#9250=DIRECTION('ref_axis',(0.,0.707106781186555,0.70710678118654));
#9251=DIRECTION('center_axis',(-0.707106781186555,-0.70710678118654,0.));
#9252=DIRECTION('ref_axis',(0.70710678118654,-0.707106781186555,0.));
#9253=DIRECTION('',(-1.,0.,0.));
#9254=DIRECTION('center_axis',(-0.707106781186555,0.70710678118654,0.));
#9255=DIRECTION('ref_axis',(-0.70710678118654,-0.707106781186555,0.));
#9256=DIRECTION('center_axis',(0.,-1.,0.));
#9257=DIRECTION('ref_axis',(-0.70710678118654,0.,0.707106781186555));
#9258=DIRECTION('center_axis',(0.707106781186555,-0.70710678118654,0.));
#9259=DIRECTION('ref_axis',(0.70710678118654,0.707106781186555,0.));
#9260=DIRECTION('',(0.,-1.,0.));
#9261=DIRECTION('center_axis',(1.,0.,0.));
#9262=DIRECTION('ref_axis',(0.,-0.707106781186555,0.70710678118654));
#9263=DIRECTION('center_axis',(0.707106781186555,0.70710678118654,0.));
#9264=DIRECTION('ref_axis',(-0.70710678118654,0.707106781186555,0.));
#9265=DIRECTION('',(1.,0.,0.));
#9266=DIRECTION('center_axis',(0.,1.,0.));
#9267=DIRECTION('ref_axis',(0.70710678118654,0.,0.707106781186555));
#9268=DIRECTION('',(0.,1.,0.));
#9269=DIRECTION('center_axis',(1.,0.,0.));
#9270=DIRECTION('ref_axis',(0.,1.,0.));
#9271=DIRECTION('',(0.,0.,1.));
#9272=DIRECTION('',(0.,1.,0.));
#9273=DIRECTION('',(0.,0.,1.));
#9274=DIRECTION('center_axis',(0.,1.,0.));
#9275=DIRECTION('ref_axis',(-1.,0.,0.));
#9276=DIRECTION('',(0.,0.,1.));
#9277=DIRECTION('',(-1.,0.,0.));
#9278=DIRECTION('center_axis',(0.,0.,-1.));
#9279=DIRECTION('ref_axis',(-1.,0.,0.));
#9280=DIRECTION('center_axis',(0.,-1.,0.));
#9281=DIRECTION('ref_axis',(1.,0.,0.));
#9282=DIRECTION('center_axis',(0.,0.,-1.));
#9283=DIRECTION('ref_axis',(-1.,0.,0.));
#9284=DIRECTION('center_axis',(0.,0.,1.));
#9285=DIRECTION('ref_axis',(-1.,0.,0.));
#9286=DIRECTION('',(0.,0.,-1.));
#9287=DIRECTION('center_axis',(0.,0.,-1.));
#9288=DIRECTION('ref_axis',(-1.,0.,0.));
#9289=DIRECTION('center_axis',(0.,0.,1.));
#9290=DIRECTION('ref_axis',(-1.,0.,0.));
#9291=DIRECTION('',(0.,0.,-1.));
#9292=DIRECTION('center_axis',(0.,0.,-1.));
#9293=DIRECTION('ref_axis',(-1.,0.,0.));
#9294=DIRECTION('center_axis',(-1.,0.,0.));
#9295=DIRECTION('ref_axis',(0.,0.707106781186555,0.70710678118654));
#9296=DIRECTION('center_axis',(-0.707106781186555,-0.70710678118654,0.));
#9297=DIRECTION('ref_axis',(0.70710678118654,-0.707106781186555,0.));
#9298=DIRECTION('',(-1.,0.,0.));
#9299=DIRECTION('center_axis',(-0.707106781186555,0.70710678118654,0.));
#9300=DIRECTION('ref_axis',(-0.70710678118654,-0.707106781186555,0.));
#9301=DIRECTION('center_axis',(0.,-1.,0.));
#9302=DIRECTION('ref_axis',(-0.70710678118654,0.,0.707106781186555));
#9303=DIRECTION('center_axis',(0.707106781186555,-0.70710678118654,0.));
#9304=DIRECTION('ref_axis',(0.70710678118654,0.707106781186555,0.));
#9305=DIRECTION('',(0.,-1.,0.));
#9306=DIRECTION('center_axis',(1.,0.,0.));
#9307=DIRECTION('ref_axis',(0.,-0.707106781186555,0.70710678118654));
#9308=DIRECTION('center_axis',(0.707106781186555,0.70710678118654,0.));
#9309=DIRECTION('ref_axis',(-0.70710678118654,0.707106781186555,0.));
#9310=DIRECTION('',(1.,0.,0.));
#9311=DIRECTION('center_axis',(0.,1.,0.));
#9312=DIRECTION('ref_axis',(0.70710678118654,0.,0.707106781186555));
#9313=DIRECTION('',(0.,1.,0.));
#9314=DIRECTION('center_axis',(1.,0.,0.));
#9315=DIRECTION('ref_axis',(0.,1.,0.));
#9316=DIRECTION('',(0.,0.,1.));
#9317=DIRECTION('',(0.,1.,0.));
#9318=DIRECTION('',(0.,0.,1.));
#9319=DIRECTION('center_axis',(0.,1.,0.));
#9320=DIRECTION('ref_axis',(-1.,0.,0.));
#9321=DIRECTION('',(0.,0.,1.));
#9322=DIRECTION('',(-1.,0.,0.));
#9323=DIRECTION('center_axis',(0.,0.,-1.));
#9324=DIRECTION('ref_axis',(-1.,0.,0.));
#9325=DIRECTION('center_axis',(0.,-1.,0.));
#9326=DIRECTION('ref_axis',(1.,0.,0.));
#9327=DIRECTION('center_axis',(0.,0.,-1.));
#9328=DIRECTION('ref_axis',(-1.,0.,0.));
#9329=DIRECTION('center_axis',(0.,0.,1.));
#9330=DIRECTION('ref_axis',(-1.,0.,0.));
#9331=DIRECTION('',(0.,0.,-1.));
#9332=DIRECTION('center_axis',(0.,0.,-1.));
#9333=DIRECTION('ref_axis',(-1.,0.,0.));
#9334=DIRECTION('center_axis',(-1.,0.,0.));
#9335=DIRECTION('ref_axis',(0.,0.707106781186555,0.70710678118654));
#9336=DIRECTION('center_axis',(-0.707106781186555,-0.70710678118654,0.));
#9337=DIRECTION('ref_axis',(0.70710678118654,-0.707106781186555,0.));
#9338=DIRECTION('',(-1.,0.,0.));
#9339=DIRECTION('center_axis',(-0.707106781186555,0.70710678118654,0.));
#9340=DIRECTION('ref_axis',(-0.70710678118654,-0.707106781186555,0.));
#9341=DIRECTION('center_axis',(0.,-1.,0.));
#9342=DIRECTION('ref_axis',(-0.70710678118654,0.,0.707106781186555));
#9343=DIRECTION('center_axis',(0.707106781186555,-0.70710678118654,0.));
#9344=DIRECTION('ref_axis',(0.70710678118654,0.707106781186555,0.));
#9345=DIRECTION('',(0.,-1.,0.));
#9346=DIRECTION('center_axis',(1.,0.,0.));
#9347=DIRECTION('ref_axis',(0.,-0.707106781186555,0.70710678118654));
#9348=DIRECTION('center_axis',(0.707106781186555,0.70710678118654,0.));
#9349=DIRECTION('ref_axis',(-0.70710678118654,0.707106781186555,0.));
#9350=DIRECTION('',(1.,0.,0.));
#9351=DIRECTION('center_axis',(0.,1.,0.));
#9352=DIRECTION('ref_axis',(0.70710678118654,0.,0.707106781186555));
#9353=DIRECTION('',(0.,1.,0.));
#9354=DIRECTION('center_axis',(1.,0.,0.));
#9355=DIRECTION('ref_axis',(0.,1.,0.));
#9356=DIRECTION('',(0.,0.,1.));
#9357=DIRECTION('',(0.,1.,0.));
#9358=DIRECTION('',(0.,0.,1.));
#9359=DIRECTION('center_axis',(0.,1.,0.));
#9360=DIRECTION('ref_axis',(-1.,0.,0.));
#9361=DIRECTION('',(0.,0.,1.));
#9362=DIRECTION('',(-1.,0.,0.));
#9363=DIRECTION('center_axis',(-1.,0.,0.));
#9364=DIRECTION('ref_axis',(0.,0.707106781186548,0.707106781186548));
#9365=DIRECTION('center_axis',(-0.707106781186555,-0.70710678118654,0.));
#9366=DIRECTION('ref_axis',(0.70710678118654,-0.707106781186555,0.));
#9367=DIRECTION('',(-1.,0.,0.));
#9368=DIRECTION('center_axis',(-0.707106781186555,0.70710678118654,0.));
#9369=DIRECTION('ref_axis',(-0.70710678118654,-0.707106781186555,0.));
#9370=DIRECTION('center_axis',(0.,-1.,0.));
#9371=DIRECTION('ref_axis',(-0.70710678118654,0.,0.707106781186555));
#9372=DIRECTION('center_axis',(0.707106781186555,-0.70710678118654,0.));
#9373=DIRECTION('ref_axis',(0.70710678118654,0.707106781186555,0.));
#9374=DIRECTION('',(0.,-1.,0.));
#9375=DIRECTION('center_axis',(1.,0.,0.));
#9376=DIRECTION('ref_axis',(0.,-0.707106781186548,0.707106781186548));
#9377=DIRECTION('center_axis',(0.707106781186555,0.70710678118654,0.));
#9378=DIRECTION('ref_axis',(-0.70710678118654,0.707106781186555,0.));
#9379=DIRECTION('',(1.,0.,0.));
#9380=DIRECTION('center_axis',(0.,1.,0.));
#9381=DIRECTION('ref_axis',(0.70710678118654,0.,0.707106781186555));
#9382=DIRECTION('',(0.,1.,0.));
#9383=DIRECTION('center_axis',(1.,0.,0.));
#9384=DIRECTION('ref_axis',(0.,1.,0.));
#9385=DIRECTION('',(0.,0.,1.));
#9386=DIRECTION('',(0.,1.,0.));
#9387=DIRECTION('',(0.,0.,1.));
#9388=DIRECTION('center_axis',(0.,1.,0.));
#9389=DIRECTION('ref_axis',(-1.,0.,0.));
#9390=DIRECTION('',(0.,0.,1.));
#9391=DIRECTION('',(-1.,0.,0.));
#9392=DIRECTION('center_axis',(-1.,0.,0.));
#9393=DIRECTION('ref_axis',(0.,0.707106781186555,0.70710678118654));
#9394=DIRECTION('center_axis',(-0.707106781186555,-0.70710678118654,0.));
#9395=DIRECTION('ref_axis',(0.70710678118654,-0.707106781186555,0.));
#9396=DIRECTION('',(-1.,0.,0.));
#9397=DIRECTION('center_axis',(-0.707106781186555,0.70710678118654,0.));
#9398=DIRECTION('ref_axis',(-0.70710678118654,-0.707106781186555,0.));
#9399=DIRECTION('center_axis',(0.,-1.,0.));
#9400=DIRECTION('ref_axis',(-0.70710678118654,0.,0.707106781186555));
#9401=DIRECTION('center_axis',(0.707106781186555,-0.70710678118654,0.));
#9402=DIRECTION('ref_axis',(0.70710678118654,0.707106781186555,0.));
#9403=DIRECTION('',(0.,-1.,0.));
#9404=DIRECTION('center_axis',(1.,0.,0.));
#9405=DIRECTION('ref_axis',(0.,-0.707106781186555,0.70710678118654));
#9406=DIRECTION('center_axis',(0.707106781186555,0.70710678118654,0.));
#9407=DIRECTION('ref_axis',(-0.70710678118654,0.707106781186555,0.));
#9408=DIRECTION('',(1.,0.,0.));
#9409=DIRECTION('center_axis',(0.,1.,0.));
#9410=DIRECTION('ref_axis',(0.70710678118654,0.,0.707106781186555));
#9411=DIRECTION('',(0.,1.,0.));
#9412=DIRECTION('center_axis',(1.,0.,0.));
#9413=DIRECTION('ref_axis',(0.,1.,0.));
#9414=DIRECTION('',(0.,0.,1.));
#9415=DIRECTION('',(0.,1.,0.));
#9416=DIRECTION('',(0.,0.,1.));
#9417=DIRECTION('center_axis',(0.,1.,0.));
#9418=DIRECTION('ref_axis',(-1.,0.,0.));
#9419=DIRECTION('',(0.,0.,1.));
#9420=DIRECTION('',(-1.,0.,0.));
#9421=DIRECTION('center_axis',(-1.,0.,0.));
#9422=DIRECTION('ref_axis',(0.,0.707106781186555,0.70710678118654));
#9423=DIRECTION('center_axis',(-0.707106781186555,-0.70710678118654,0.));
#9424=DIRECTION('ref_axis',(0.70710678118654,-0.707106781186555,0.));
#9425=DIRECTION('',(-1.,0.,0.));
#9426=DIRECTION('center_axis',(-0.707106781186555,0.70710678118654,0.));
#9427=DIRECTION('ref_axis',(-0.70710678118654,-0.707106781186555,0.));
#9428=DIRECTION('center_axis',(0.,-1.,0.));
#9429=DIRECTION('ref_axis',(-0.70710678118654,0.,0.707106781186555));
#9430=DIRECTION('center_axis',(0.707106781186555,-0.70710678118654,0.));
#9431=DIRECTION('ref_axis',(0.70710678118654,0.707106781186555,0.));
#9432=DIRECTION('',(0.,-1.,0.));
#9433=DIRECTION('center_axis',(1.,0.,0.));
#9434=DIRECTION('ref_axis',(0.,-0.707106781186555,0.70710678118654));
#9435=DIRECTION('center_axis',(0.707106781186555,0.70710678118654,0.));
#9436=DIRECTION('ref_axis',(-0.70710678118654,0.707106781186555,0.));
#9437=DIRECTION('',(1.,0.,0.));
#9438=DIRECTION('center_axis',(0.,1.,0.));
#9439=DIRECTION('ref_axis',(0.70710678118654,0.,0.707106781186555));
#9440=DIRECTION('',(0.,1.,0.));
#9441=DIRECTION('center_axis',(1.,0.,0.));
#9442=DIRECTION('ref_axis',(0.,1.,0.));
#9443=DIRECTION('',(0.,0.,1.));
#9444=DIRECTION('',(0.,1.,0.));
#9445=DIRECTION('',(0.,0.,1.));
#9446=DIRECTION('center_axis',(0.,1.,0.));
#9447=DIRECTION('ref_axis',(-1.,0.,0.));
#9448=DIRECTION('',(0.,0.,1.));
#9449=DIRECTION('',(-1.,0.,0.));
#9450=DIRECTION('center_axis',(0.,0.,1.));
#9451=DIRECTION('ref_axis',(-1.,0.,0.));
#9452=DIRECTION('',(0.,0.,-1.));
#9453=DIRECTION('center_axis',(0.,0.,-1.));
#9454=DIRECTION('ref_axis',(-1.,0.,0.));
#9455=DIRECTION('center_axis',(-1.,0.,0.));
#9456=DIRECTION('ref_axis',(0.,0.707106781186548,0.707106781186548));
#9457=DIRECTION('center_axis',(-0.707106781186555,-0.70710678118654,0.));
#9458=DIRECTION('ref_axis',(0.70710678118654,-0.707106781186555,0.));
#9459=DIRECTION('',(-1.,0.,0.));
#9460=DIRECTION('center_axis',(-0.707106781186555,0.70710678118654,0.));
#9461=DIRECTION('ref_axis',(-0.70710678118654,-0.707106781186555,0.));
#9462=DIRECTION('center_axis',(0.,-1.,0.));
#9463=DIRECTION('ref_axis',(-0.70710678118654,0.,0.707106781186555));
#9464=DIRECTION('center_axis',(0.707106781186555,-0.70710678118654,0.));
#9465=DIRECTION('ref_axis',(0.70710678118654,0.707106781186555,0.));
#9466=DIRECTION('',(0.,-1.,0.));
#9467=DIRECTION('center_axis',(1.,0.,0.));
#9468=DIRECTION('ref_axis',(0.,-0.707106781186548,0.707106781186548));
#9469=DIRECTION('center_axis',(0.707106781186555,0.70710678118654,0.));
#9470=DIRECTION('ref_axis',(-0.70710678118654,0.707106781186555,0.));
#9471=DIRECTION('',(1.,0.,0.));
#9472=DIRECTION('center_axis',(0.,1.,0.));
#9473=DIRECTION('ref_axis',(0.70710678118654,0.,0.707106781186555));
#9474=DIRECTION('',(0.,1.,0.));
#9475=DIRECTION('center_axis',(1.,0.,0.));
#9476=DIRECTION('ref_axis',(0.,1.,0.));
#9477=DIRECTION('',(0.,0.,1.));
#9478=DIRECTION('',(0.,1.,0.));
#9479=DIRECTION('',(0.,0.,1.));
#9480=DIRECTION('center_axis',(0.,1.,0.));
#9481=DIRECTION('ref_axis',(-1.,0.,0.));
#9482=DIRECTION('',(0.,0.,1.));
#9483=DIRECTION('',(-1.,0.,0.));
#9484=DIRECTION('center_axis',(0.,0.,-1.));
#9485=DIRECTION('ref_axis',(-1.,0.,0.));
#9486=DIRECTION('center_axis',(0.,-1.,0.));
#9487=DIRECTION('ref_axis',(1.,0.,0.));
#9488=DIRECTION('center_axis',(0.,0.,-1.));
#9489=DIRECTION('ref_axis',(-1.,0.,0.));
#9490=DIRECTION('center_axis',(0.,0.,1.));
#9491=DIRECTION('ref_axis',(-1.,0.,0.));
#9492=DIRECTION('',(0.,0.,-1.));
#9493=DIRECTION('center_axis',(0.,0.,-1.));
#9494=DIRECTION('ref_axis',(-1.,0.,0.));
#9495=DIRECTION('center_axis',(-1.,0.,0.));
#9496=DIRECTION('ref_axis',(0.,0.707106781186555,0.70710678118654));
#9497=DIRECTION('center_axis',(-0.707106781186555,-0.70710678118654,0.));
#9498=DIRECTION('ref_axis',(0.70710678118654,-0.707106781186555,0.));
#9499=DIRECTION('',(-1.,0.,0.));
#9500=DIRECTION('center_axis',(-0.707106781186555,0.70710678118654,0.));
#9501=DIRECTION('ref_axis',(-0.70710678118654,-0.707106781186555,0.));
#9502=DIRECTION('center_axis',(0.,-1.,0.));
#9503=DIRECTION('ref_axis',(-0.70710678118654,0.,0.707106781186555));
#9504=DIRECTION('center_axis',(0.707106781186555,-0.70710678118654,0.));
#9505=DIRECTION('ref_axis',(0.70710678118654,0.707106781186555,0.));
#9506=DIRECTION('',(0.,-1.,0.));
#9507=DIRECTION('center_axis',(1.,0.,0.));
#9508=DIRECTION('ref_axis',(0.,-0.707106781186555,0.70710678118654));
#9509=DIRECTION('center_axis',(0.707106781186555,0.70710678118654,0.));
#9510=DIRECTION('ref_axis',(-0.70710678118654,0.707106781186555,0.));
#9511=DIRECTION('',(1.,0.,0.));
#9512=DIRECTION('center_axis',(0.,1.,0.));
#9513=DIRECTION('ref_axis',(0.70710678118654,0.,0.707106781186555));
#9514=DIRECTION('',(0.,1.,0.));
#9515=DIRECTION('center_axis',(1.,0.,0.));
#9516=DIRECTION('ref_axis',(0.,1.,0.));
#9517=DIRECTION('',(0.,0.,1.));
#9518=DIRECTION('',(0.,1.,0.));
#9519=DIRECTION('',(0.,0.,1.));
#9520=DIRECTION('center_axis',(0.,1.,0.));
#9521=DIRECTION('ref_axis',(-1.,0.,0.));
#9522=DIRECTION('',(0.,0.,1.));
#9523=DIRECTION('',(-1.,0.,0.));
#9524=DIRECTION('center_axis',(0.,0.,-1.));
#9525=DIRECTION('ref_axis',(-1.,0.,0.));
#9526=DIRECTION('center_axis',(0.,-1.,0.));
#9527=DIRECTION('ref_axis',(1.,0.,0.));
#9528=DIRECTION('center_axis',(0.,0.,-1.));
#9529=DIRECTION('ref_axis',(-1.,0.,0.));
#9530=DIRECTION('center_axis',(0.,0.,1.));
#9531=DIRECTION('ref_axis',(-1.,0.,0.));
#9532=DIRECTION('',(0.,0.,-1.));
#9533=DIRECTION('center_axis',(0.,0.,-1.));
#9534=DIRECTION('ref_axis',(-1.,0.,0.));
#9535=DIRECTION('center_axis',(-1.,0.,0.));
#9536=DIRECTION('ref_axis',(0.,0.707106781186548,0.707106781186548));
#9537=DIRECTION('center_axis',(-0.707106781186555,-0.70710678118654,0.));
#9538=DIRECTION('ref_axis',(0.70710678118654,-0.707106781186555,0.));
#9539=DIRECTION('',(-1.,0.,0.));
#9540=DIRECTION('center_axis',(-0.707106781186555,0.70710678118654,0.));
#9541=DIRECTION('ref_axis',(-0.70710678118654,-0.707106781186555,0.));
#9542=DIRECTION('center_axis',(0.,-1.,0.));
#9543=DIRECTION('ref_axis',(-0.70710678118654,0.,0.707106781186555));
#9544=DIRECTION('center_axis',(0.707106781186555,-0.70710678118654,0.));
#9545=DIRECTION('ref_axis',(0.70710678118654,0.707106781186555,0.));
#9546=DIRECTION('',(0.,-1.,0.));
#9547=DIRECTION('center_axis',(1.,0.,0.));
#9548=DIRECTION('ref_axis',(0.,-0.707106781186548,0.707106781186548));
#9549=DIRECTION('center_axis',(0.707106781186555,0.70710678118654,0.));
#9550=DIRECTION('ref_axis',(-0.70710678118654,0.707106781186555,0.));
#9551=DIRECTION('',(1.,0.,0.));
#9552=DIRECTION('center_axis',(0.,1.,0.));
#9553=DIRECTION('ref_axis',(0.70710678118654,0.,0.707106781186555));
#9554=DIRECTION('',(0.,1.,0.));
#9555=DIRECTION('center_axis',(1.,0.,0.));
#9556=DIRECTION('ref_axis',(0.,1.,0.));
#9557=DIRECTION('',(0.,0.,1.));
#9558=DIRECTION('',(0.,1.,0.));
#9559=DIRECTION('',(0.,0.,1.));
#9560=DIRECTION('center_axis',(0.,1.,0.));
#9561=DIRECTION('ref_axis',(-1.,0.,0.));
#9562=DIRECTION('',(0.,0.,1.));
#9563=DIRECTION('',(-1.,0.,0.));
#9564=DIRECTION('center_axis',(-1.,0.,0.));
#9565=DIRECTION('ref_axis',(0.,-1.,0.));
#9566=DIRECTION('',(0.,0.,1.));
#9567=DIRECTION('',(0.,-1.,0.));
#9568=DIRECTION('center_axis',(0.,-1.,0.));
#9569=DIRECTION('ref_axis',(1.,0.,0.));
#9570=DIRECTION('',(1.,0.,0.));
#9571=DIRECTION('center_axis',(-1.,0.,0.));
#9572=DIRECTION('ref_axis',(0.,-1.,0.));
#9573=DIRECTION('',(0.,0.,1.));
#9574=DIRECTION('',(0.,-1.,0.));
#9575=DIRECTION('center_axis',(0.,-1.,0.));
#9576=DIRECTION('ref_axis',(1.,0.,0.));
#9577=DIRECTION('',(1.,0.,0.));
#9578=DIRECTION('center_axis',(1.,0.,0.));
#9579=DIRECTION('ref_axis',(0.,1.,0.));
#9580=DIRECTION('',(0.,0.,1.));
#9581=DIRECTION('',(0.,1.,0.));
#9582=DIRECTION('center_axis',(0.,1.,0.));
#9583=DIRECTION('ref_axis',(-1.,0.,0.));
#9584=DIRECTION('',(-1.,0.,0.));
#9585=DIRECTION('center_axis',(-1.,0.,0.));
#9586=DIRECTION('ref_axis',(0.,-1.,0.));
#9587=DIRECTION('',(0.,0.,1.));
#9588=DIRECTION('',(0.,-1.,0.));
#9589=DIRECTION('center_axis',(0.,-1.,0.));
#9590=DIRECTION('ref_axis',(1.,0.,0.));
#9591=DIRECTION('',(1.,0.,0.));
#9592=DIRECTION('center_axis',(-1.,0.,0.));
#9593=DIRECTION('ref_axis',(0.,-1.,0.));
#9594=DIRECTION('',(0.,0.,1.));
#9595=DIRECTION('',(0.,-1.,0.));
#9596=DIRECTION('center_axis',(0.,-1.,0.));
#9597=DIRECTION('ref_axis',(1.,0.,0.));
#9598=DIRECTION('',(1.,0.,0.));
#9599=DIRECTION('center_axis',(-1.,0.,0.));
#9600=DIRECTION('ref_axis',(0.,-1.,0.));
#9601=DIRECTION('',(0.,0.,1.));
#9602=DIRECTION('',(0.,-1.,0.));
#9603=DIRECTION('center_axis',(0.,-1.,0.));
#9604=DIRECTION('ref_axis',(1.,0.,0.));
#9605=DIRECTION('',(1.,0.,0.));
#9606=DIRECTION('center_axis',(-1.,0.,0.));
#9607=DIRECTION('ref_axis',(0.,-1.,0.));
#9608=DIRECTION('',(0.,0.,1.));
#9609=DIRECTION('',(0.,-1.,0.));
#9610=DIRECTION('center_axis',(0.,-1.,0.));
#9611=DIRECTION('ref_axis',(1.,0.,0.));
#9612=DIRECTION('',(1.,0.,0.));
#9613=DIRECTION('center_axis',(-1.,0.,0.));
#9614=DIRECTION('ref_axis',(0.,-1.,0.));
#9615=DIRECTION('',(0.,0.,1.));
#9616=DIRECTION('',(0.,-1.,0.));
#9617=DIRECTION('center_axis',(0.,-1.,0.));
#9618=DIRECTION('ref_axis',(1.,0.,0.));
#9619=DIRECTION('',(1.,0.,0.));
#9620=DIRECTION('center_axis',(-1.,0.,0.));
#9621=DIRECTION('ref_axis',(0.,-1.,0.));
#9622=DIRECTION('',(0.,0.,1.));
#9623=DIRECTION('',(0.,-1.,0.));
#9624=DIRECTION('center_axis',(0.,-1.,0.));
#9625=DIRECTION('ref_axis',(1.,0.,0.));
#9626=DIRECTION('',(1.,0.,0.));
#9627=DIRECTION('center_axis',(-1.,0.,0.));
#9628=DIRECTION('ref_axis',(0.,-1.,0.));
#9629=DIRECTION('',(0.,0.,1.));
#9630=DIRECTION('',(0.,-1.,0.));
#9631=DIRECTION('center_axis',(0.,-1.,0.));
#9632=DIRECTION('ref_axis',(1.,0.,0.));
#9633=DIRECTION('',(1.,0.,0.));
#9634=DIRECTION('center_axis',(-1.,0.,0.));
#9635=DIRECTION('ref_axis',(0.,-1.,0.));
#9636=DIRECTION('',(0.,0.,1.));
#9637=DIRECTION('',(0.,-1.,0.));
#9638=DIRECTION('center_axis',(0.,-1.,0.));
#9639=DIRECTION('ref_axis',(1.,0.,0.));
#9640=DIRECTION('',(1.,0.,0.));
#9641=DIRECTION('center_axis',(-1.,0.,0.));
#9642=DIRECTION('ref_axis',(0.,-1.,0.));
#9643=DIRECTION('',(0.,0.,1.));
#9644=DIRECTION('',(0.,-1.,0.));
#9645=DIRECTION('center_axis',(0.,-1.,0.));
#9646=DIRECTION('ref_axis',(1.,0.,0.));
#9647=DIRECTION('',(1.,0.,0.));
#9648=DIRECTION('center_axis',(-1.,0.,0.));
#9649=DIRECTION('ref_axis',(0.,-1.,0.));
#9650=DIRECTION('',(0.,0.,1.));
#9651=DIRECTION('',(0.,-1.,0.));
#9652=DIRECTION('center_axis',(0.,-1.,0.));
#9653=DIRECTION('ref_axis',(1.,0.,0.));
#9654=DIRECTION('',(1.,0.,0.));
#9655=DIRECTION('center_axis',(-1.,0.,0.));
#9656=DIRECTION('ref_axis',(0.,-1.,0.));
#9657=DIRECTION('',(0.,0.,1.));
#9658=DIRECTION('',(0.,-1.,0.));
#9659=DIRECTION('center_axis',(0.,-1.,0.));
#9660=DIRECTION('ref_axis',(1.,0.,0.));
#9661=DIRECTION('',(1.,0.,0.));
#9662=DIRECTION('center_axis',(-1.,0.,0.));
#9663=DIRECTION('ref_axis',(0.,-1.,0.));
#9664=DIRECTION('',(0.,0.,1.));
#9665=DIRECTION('',(0.,-1.,0.));
#9666=DIRECTION('center_axis',(0.,-1.,0.));
#9667=DIRECTION('ref_axis',(1.,0.,0.));
#9668=DIRECTION('',(1.,0.,0.));
#9669=DIRECTION('center_axis',(-1.,0.,0.));
#9670=DIRECTION('ref_axis',(0.,-1.,0.));
#9671=DIRECTION('',(0.,0.,1.));
#9672=DIRECTION('',(0.,-1.,0.));
#9673=DIRECTION('center_axis',(0.,-1.,0.));
#9674=DIRECTION('ref_axis',(1.,0.,0.));
#9675=DIRECTION('',(1.,0.,0.));
#9676=DIRECTION('center_axis',(-0.729537204140085,0.68394112888133,0.));
#9677=DIRECTION('ref_axis',(-0.68394112888133,-0.729537204140085,0.));
#9678=DIRECTION('',(0.,0.,1.));
#9679=DIRECTION('',(-0.68394112888133,-0.729537204140085,0.));
#9680=DIRECTION('center_axis',(-1.,0.,0.));
#9681=DIRECTION('ref_axis',(0.,-1.,0.));
#9682=DIRECTION('',(0.,0.,1.));
#9683=DIRECTION('',(0.,1.,0.));
#9684=DIRECTION('center_axis',(0.,1.,0.));
#9685=DIRECTION('ref_axis',(-1.,0.,0.));
#9686=DIRECTION('',(0.,0.,1.));
#9687=DIRECTION('',(-1.,0.,0.));
#9688=DIRECTION('center_axis',(0.999983507029293,-0.00574331519218969,0.));
#9689=DIRECTION('ref_axis',(0.00574331519218969,0.999983507029292,0.));
#9690=DIRECTION('',(-0.00574331519218969,-0.999983507029292,0.));
#9691=DIRECTION('center_axis',(0.,0.,1.));
#9692=DIRECTION('ref_axis',(-1.,0.,0.));
#9693=CARTESIAN_POINT('',(0.,0.,0.));
#9694=CARTESIAN_POINT('Origin',(80.914202557428,-147.048736788232,0.51));
#9695=CARTESIAN_POINT('',(126.,-134.5,0.51));
#9696=CARTESIAN_POINT('',(154.5,-146.5,0.51));
#9697=CARTESIAN_POINT('',(123.345806017697,-133.382444639031,0.51));
#9698=CARTESIAN_POINT('',(123.5,-113.5,0.51));
#9699=CARTESIAN_POINT('',(126.421489600186,-138.04051264156,0.51));
#9700=CARTESIAN_POINT('',(98.5,-87.,0.51));
#9701=CARTESIAN_POINT('',(121.846172431944,-111.746942777861,0.51));
#9702=CARTESIAN_POINT('',(98.5,-85.5,0.51));
#9703=CARTESIAN_POINT('',(98.5,-117.024368394116,0.51));
#9704=CARTESIAN_POINT('',(14.,-85.5,0.51));
#9705=CARTESIAN_POINT('',(89.707101278714,-85.5,0.51));
#9706=CARTESIAN_POINT('',(14.,-87.,0.51));
#9707=CARTESIAN_POINT('',(14.,-116.274368394116,0.51));
#9708=CARTESIAN_POINT('',(7.5,-87.,0.51));
#9709=CARTESIAN_POINT('',(47.457101278714,-87.,0.51));
#9710=CARTESIAN_POINT('',(7.5,-158.5,0.51));
#9711=CARTESIAN_POINT('',(7.5,-117.024368394116,0.51));
#9712=CARTESIAN_POINT('',(58.,-206.,0.51));
#9713=CARTESIAN_POINT('',(24.1187300991213,-174.131478806104,0.51));
#9714=CARTESIAN_POINT('',(154.5,-206.,0.51));
#9715=CARTESIAN_POINT('',(69.457101278714,-206.,0.51));
#9716=CARTESIAN_POINT('',(154.5,-176.524368394116,0.51));
#9717=CARTESIAN_POINT('Origin',(14.,-85.5,1.51));
#9718=CARTESIAN_POINT('',(14.,-85.5,1.51));
#9719=CARTESIAN_POINT('',(14.,-85.5,1.51));
#9720=CARTESIAN_POINT('',(14.,-87.,1.51));
#9721=CARTESIAN_POINT('',(14.,-85.5,1.51));
#9722=CARTESIAN_POINT('',(14.,-87.,1.51));
#9723=CARTESIAN_POINT('Origin',(98.5,-85.5,1.51));
#9724=CARTESIAN_POINT('',(98.5,-85.5,1.51));
#9725=CARTESIAN_POINT('',(98.5,-85.5,1.51));
#9726=CARTESIAN_POINT('',(98.5,-85.5,1.51));
#9727=CARTESIAN_POINT('Origin',(98.5,-87.,1.51));
#9728=CARTESIAN_POINT('',(98.5,-87.,1.51));
#9729=CARTESIAN_POINT('',(98.5,-87.,1.51));
#9730=CARTESIAN_POINT('',(98.5,-87.,1.51));
#9731=CARTESIAN_POINT('Origin',(123.5,-113.5,1.51));
#9732=CARTESIAN_POINT('',(123.5,-113.5,1.51));
#9733=CARTESIAN_POINT('',(123.5,-113.5,1.51));
#9734=CARTESIAN_POINT('',(123.5,-113.5,1.51));
#9735=CARTESIAN_POINT('Origin',(126.,-134.5,1.51));
#9736=CARTESIAN_POINT('',(126.,-134.5,1.51));
#9737=CARTESIAN_POINT('',(126.,-134.5,1.51));
#9738=CARTESIAN_POINT('',(126.,-134.5,1.51));
#9739=CARTESIAN_POINT('Origin',(81.,-145.75,1.51));
#9740=CARTESIAN_POINT('',(5.35000004470348,-160.000002384186,1.51));
#9741=CARTESIAN_POINT('Origin',(3.00000004470348,-160.000002384186,1.51));
#9742=CARTESIAN_POINT('',(4.7000000447035,-160.000002384186,1.51));
#9743=CARTESIAN_POINT('Origin',(3.00000004470348,-160.000002384186,1.51));
#9744=CARTESIAN_POINT('Origin',(81.,-145.75,1.51));
#9745=CARTESIAN_POINT('',(133.350001952052,-131.000001952052,1.51));
#9746=CARTESIAN_POINT('Origin',(131.000001952052,-131.000001952052,1.51));
#9747=CARTESIAN_POINT('',(132.700001952052,-131.000001952052,1.51));
#9748=CARTESIAN_POINT('Origin',(131.000001952052,-131.000001952052,1.51));
#9749=CARTESIAN_POINT('Origin',(81.,-145.75,1.51));
#9750=CARTESIAN_POINT('',(161.350002369285,-210.000003129244,1.51));
#9751=CARTESIAN_POINT('Origin',(159.000002369285,-210.000003129244,1.51));
#9752=CARTESIAN_POINT('',(160.700002369285,-210.000003129244,1.51));
#9753=CARTESIAN_POINT('Origin',(159.000002369285,-210.000003129244,1.51));
#9754=CARTESIAN_POINT('Origin',(81.,-145.75,1.51));
#9755=CARTESIAN_POINT('',(11.6,-81.8160921834646,1.51));
#9756=CARTESIAN_POINT('Origin',(9.25,-81.8160921834646,1.51));
#9757=CARTESIAN_POINT('',(10.95,-81.8160921834646,1.51));
#9758=CARTESIAN_POINT('Origin',(9.25,-81.8160921834646,1.51));
#9759=CARTESIAN_POINT('Origin',(81.,-145.75,1.51));
#9760=CARTESIAN_POINT('',(105.35000153482,-81.0000012069941,1.51));
#9761=CARTESIAN_POINT('Origin',(103.00000153482,-81.0000012069941,1.51));
#9762=CARTESIAN_POINT('',(104.70000153482,-81.0000012069941,1.51));
#9763=CARTESIAN_POINT('Origin',(103.00000153482,-81.0000012069941,1.51));
#9764=CARTESIAN_POINT('Origin',(81.,-145.75,1.51));
#9765=CARTESIAN_POINT('',(58.350000834465,-210.000003129244,1.51));
#9766=CARTESIAN_POINT('Origin',(56.000000834465,-210.000003129244,1.51));
#9767=CARTESIAN_POINT('',(57.700000834465,-210.000003129244,1.51));
#9768=CARTESIAN_POINT('Origin',(56.000000834465,-210.000003129244,1.51));
#9769=CARTESIAN_POINT('Origin',(56.000000834465,-210.000003129244,1.51));
#9770=CARTESIAN_POINT('',(57.700000834465,-210.000003129244,7.01));
#9771=CARTESIAN_POINT('Origin',(56.000000834465,-210.000003129244,7.01));
#9772=CARTESIAN_POINT('',(57.700000834465,-210.000003129244,1.51));
#9773=CARTESIAN_POINT('Origin',(3.00000004470348,-160.000002384186,1.51));
#9774=CARTESIAN_POINT('',(4.7000000447035,-160.000002384186,7.01));
#9775=CARTESIAN_POINT('Origin',(3.00000004470348,-160.000002384186,7.01));
#9776=CARTESIAN_POINT('',(4.7000000447035,-160.000002384186,1.51));
#9777=CARTESIAN_POINT('Origin',(103.00000153482,-81.0000012069941,1.51));
#9778=CARTESIAN_POINT('',(104.70000153482,-81.0000012069941,7.01));
#9779=CARTESIAN_POINT('Origin',(103.00000153482,-81.0000012069941,7.01));
#9780=CARTESIAN_POINT('',(104.70000153482,-81.0000012069941,1.51));
#9781=CARTESIAN_POINT('Origin',(159.000002369285,-210.000003129244,1.51));
#9782=CARTESIAN_POINT('',(160.700002369285,-210.000003129244,7.01));
#9783=CARTESIAN_POINT('Origin',(159.000002369285,-210.000003129244,7.01));
#9784=CARTESIAN_POINT('',(160.700002369285,-210.000003129244,1.51));
#9785=CARTESIAN_POINT('Origin',(131.000001952052,-131.000001952052,1.51));
#9786=CARTESIAN_POINT('',(132.700001952052,-131.000001952052,7.01));
#9787=CARTESIAN_POINT('Origin',(131.000001952052,-131.000001952052,7.01));
#9788=CARTESIAN_POINT('',(132.700001952052,-131.000001952052,1.51));
#9789=CARTESIAN_POINT('Origin',(9.25,-81.8160921834646,1.51));
#9790=CARTESIAN_POINT('',(10.95,-81.8160921834646,7.01));
#9791=CARTESIAN_POINT('Origin',(9.25,-81.8160921834646,7.01));
#9792=CARTESIAN_POINT('',(10.95,-81.8160921834646,1.51));
#9793=CARTESIAN_POINT('Origin',(18.9342019695231,-84.,1.51));
#9794=CARTESIAN_POINT('',(18.9342019695231,-77.5,1.51));
#9795=CARTESIAN_POINT('',(18.9342019695231,-84.,1.51));
#9796=CARTESIAN_POINT('',(18.9342019695231,-114.875,1.51));
#9797=CARTESIAN_POINT('',(18.9342019695231,-77.5,7.01));
#9798=CARTESIAN_POINT('',(18.9342019695231,-77.5,1.51));
#9799=CARTESIAN_POINT('',(18.9342019695231,-84.,7.01));
#9800=CARTESIAN_POINT('',(18.9342019695231,-77.5,7.01));
#9801=CARTESIAN_POINT('',(18.9342019695231,-84.,1.51));
#9802=CARTESIAN_POINT('Origin',(12.5,-84.,1.51));
#9803=CARTESIAN_POINT('',(12.5,-84.,1.51));
#9804=CARTESIAN_POINT('',(46.75,-84.,1.51));
#9805=CARTESIAN_POINT('',(12.5,-84.,7.01));
#9806=CARTESIAN_POINT('',(100.,-84.,7.01));
#9807=CARTESIAN_POINT('',(12.5,-84.,1.51));
#9808=CARTESIAN_POINT('Origin',(12.5,-85.5,1.51));
#9809=CARTESIAN_POINT('',(12.5,-85.5,1.51));
#9810=CARTESIAN_POINT('',(12.5000000000001,-115.625,1.51));
#9811=CARTESIAN_POINT('',(12.5,-85.5,7.01));
#9812=CARTESIAN_POINT('',(12.5,-84.,7.01));
#9813=CARTESIAN_POINT('',(12.5,-85.5,1.51));
#9814=CARTESIAN_POINT('Origin',(6.,-85.5,1.51));
#9815=CARTESIAN_POINT('',(6.,-85.5,1.51));
#9816=CARTESIAN_POINT('',(43.5,-85.5,1.51));
#9817=CARTESIAN_POINT('',(6.,-85.5,7.01));
#9818=CARTESIAN_POINT('',(12.5,-85.5,7.01));
#9819=CARTESIAN_POINT('',(6.,-85.5,1.51));
#9820=CARTESIAN_POINT('Origin',(5.99999999999999,-159.148383944811,1.51));
#9821=CARTESIAN_POINT('',(5.99999999999999,-159.148383944811,1.51));
#9822=CARTESIAN_POINT('',(6.,-152.449191972406,1.51));
#9823=CARTESIAN_POINT('',(5.99999999999999,-159.148383944811,7.01));
#9824=CARTESIAN_POINT('',(6.,-85.5,7.01));
#9825=CARTESIAN_POINT('',(5.99999999999999,-159.148383944811,1.51));
#9826=CARTESIAN_POINT('Origin',(57.4054023323585,-207.5,1.51));
#9827=CARTESIAN_POINT('',(57.4054023323585,-207.5,1.51));
#9828=CARTESIAN_POINT('',(48.2562616064564,-198.894372584547,1.51));
#9829=CARTESIAN_POINT('',(57.4054023323585,-207.5,7.01));
#9830=CARTESIAN_POINT('',(5.99999999999999,-159.148383944811,7.01));
#9831=CARTESIAN_POINT('',(57.4054023323585,-207.5,1.51));
#9832=CARTESIAN_POINT('Origin',(156.,-207.5,1.51));
#9833=CARTESIAN_POINT('',(156.,-207.5,1.51));
#9834=CARTESIAN_POINT('',(118.5,-207.5,1.51));
#9835=CARTESIAN_POINT('',(156.,-207.5,7.01));
#9836=CARTESIAN_POINT('',(57.4054023323585,-207.5,7.01));
#9837=CARTESIAN_POINT('',(156.,-207.5,1.51));
#9838=CARTESIAN_POINT('Origin',(156.,-145.504037253046,1.51));
#9839=CARTESIAN_POINT('',(156.,-145.504037253046,1.51));
#9840=CARTESIAN_POINT('',(156.,-145.627018626523,1.51));
#9841=CARTESIAN_POINT('',(156.,-145.504037253046,7.01));
#9842=CARTESIAN_POINT('',(156.,-207.5,7.01));
#9843=CARTESIAN_POINT('',(156.,-145.504037253046,1.51));
#9844=CARTESIAN_POINT('Origin',(127.386326965759,-133.456174922839,1.51));
#9845=CARTESIAN_POINT('',(127.386326965759,-133.456174922839,1.51));
#9846=CARTESIAN_POINT('',(109.884206232923,-126.086860930066,1.51));
#9847=CARTESIAN_POINT('',(127.386326965759,-133.456174922839,7.01));
#9848=CARTESIAN_POINT('',(156.,-145.504037253046,7.01));
#9849=CARTESIAN_POINT('',(127.386326965759,-133.456174922839,1.51));
#9850=CARTESIAN_POINT('Origin',(124.93093801658,-112.830907749742,1.51));
#9851=CARTESIAN_POINT('',(124.93093801658,-112.830907749742,1.51));
#9852=CARTESIAN_POINT('',(126.556073824892,-126.482048539561,1.51));
#9853=CARTESIAN_POINT('',(124.93093801658,-112.830907749742,7.01));
#9854=CARTESIAN_POINT('',(127.386326965759,-133.456174922839,7.01));
#9855=CARTESIAN_POINT('',(124.93093801658,-112.830907749742,1.51));
#9856=CARTESIAN_POINT('Origin',(100.,-86.4041134521664,1.51));
#9857=CARTESIAN_POINT('',(100.,-86.4041134521664,1.51));
#9858=CARTESIAN_POINT('',(110.337784832526,-97.3621653746437,1.51));
#9859=CARTESIAN_POINT('',(100.,-86.4041134521664,7.01));
#9860=CARTESIAN_POINT('',(124.93093801658,-112.830907749742,7.01));
#9861=CARTESIAN_POINT('',(100.,-86.4041134521664,1.51));
#9862=CARTESIAN_POINT('Origin',(100.,-84.,1.51));
#9863=CARTESIAN_POINT('',(100.,-84.,1.51));
#9864=CARTESIAN_POINT('',(100.,-114.875,1.51));
#9865=CARTESIAN_POINT('',(100.,-84.,7.01));
#9866=CARTESIAN_POINT('',(100.,-86.4041134521664,7.01));
#9867=CARTESIAN_POINT('',(100.,-84.,1.51));
#9868=CARTESIAN_POINT('Origin',(89.9062133328367,-84.,1.51));
#9869=CARTESIAN_POINT('',(89.9062133328367,-84.,1.51));
#9870=CARTESIAN_POINT('',(85.4531066664183,-84.,1.51));
#9871=CARTESIAN_POINT('',(89.9062133328367,-84.,7.01));
#9872=CARTESIAN_POINT('',(100.,-84.,7.01));
#9873=CARTESIAN_POINT('',(89.9062133328367,-84.,1.51));
#9874=CARTESIAN_POINT('Origin',(89.9062133328367,-77.5,1.51));
#9875=CARTESIAN_POINT('',(89.9062133328367,-77.5,1.51));
#9876=CARTESIAN_POINT('',(89.9062133328367,-111.625,1.51));
#9877=CARTESIAN_POINT('',(89.9062133328367,-77.5,7.01));
#9878=CARTESIAN_POINT('',(89.9062133328367,-77.5,7.01));
#9879=CARTESIAN_POINT('',(89.9062133328367,-77.5,1.51));
#9880=CARTESIAN_POINT('Origin',(81.,-145.75,7.01));
#9881=CARTESIAN_POINT('',(6.00000000000001,-77.5,7.01));
#9882=CARTESIAN_POINT('',(106.5,-77.5,7.01));
#9883=CARTESIAN_POINT('',(6.00000000000001,-79.,7.01));
#9884=CARTESIAN_POINT('',(6.00000000000001,-77.5,7.01));
#9885=CARTESIAN_POINT('',(-0.500000000000007,-79.,7.01));
#9886=CARTESIAN_POINT('',(6.00000000000001,-79.,7.01));
#9887=CARTESIAN_POINT('',(-0.499999999999994,-161.95804770566,7.01));
#9888=CARTESIAN_POINT('',(-0.500000000000007,-79.,7.01));
#9889=CARTESIAN_POINT('',(54.8288124392457,-214.,7.01));
#9890=CARTESIAN_POINT('',(-0.499999999999995,-161.95804770566,7.01));
#9891=CARTESIAN_POINT('',(162.5,-214.,7.01));
#9892=CARTESIAN_POINT('',(54.8288124392457,-214.,7.01));
#9893=CARTESIAN_POINT('',(162.5,-141.18819868291,7.01));
#9894=CARTESIAN_POINT('',(162.5,-214.,7.01));
#9895=CARTESIAN_POINT('',(133.39374381738,-128.932932921807,7.01));
#9896=CARTESIAN_POINT('',(162.5,-141.18819868291,7.01));
#9897=CARTESIAN_POINT('',(131.131669421762,-109.931507998622,7.01));
#9898=CARTESIAN_POINT('',(133.39374381738,-128.932932921807,7.01));
#9899=CARTESIAN_POINT('',(106.5,-83.821938411554,7.01));
#9900=CARTESIAN_POINT('',(131.131669421762,-109.931507998622,7.01));
#9901=CARTESIAN_POINT('',(106.5,-77.5,7.01));
#9902=CARTESIAN_POINT('',(106.5,-83.821938411554,7.01));
#9903=CARTESIAN_POINT('',(106.5,-77.5,7.01));
#9904=CARTESIAN_POINT('Origin',(83.5933390067198,-84.,1.51));
#9905=CARTESIAN_POINT('',(83.5933390067198,-77.5,1.51));
#9906=CARTESIAN_POINT('',(83.5933390067198,-84.,1.51));
#9907=CARTESIAN_POINT('',(83.5933390067198,-114.875,1.51));
#9908=CARTESIAN_POINT('',(83.5933390067198,-77.5,7.01));
#9909=CARTESIAN_POINT('',(83.5933390067198,-77.5,1.51));
#9910=CARTESIAN_POINT('',(83.5933390067198,-84.,7.01));
#9911=CARTESIAN_POINT('',(83.5933390067198,-77.5,7.01));
#9912=CARTESIAN_POINT('',(83.5933390067198,-84.,1.51));
#9913=CARTESIAN_POINT('Origin',(31.7512498437603,-84.,1.51));
#9914=CARTESIAN_POINT('',(31.7512498437603,-84.,1.51));
#9915=CARTESIAN_POINT('',(56.3756249218802,-84.,1.51));
#9916=CARTESIAN_POINT('',(31.7512498437603,-84.,7.01));
#9917=CARTESIAN_POINT('',(100.,-84.,7.01));
#9918=CARTESIAN_POINT('',(31.7512498437603,-84.,1.51));
#9919=CARTESIAN_POINT('Origin',(31.7512498437603,-77.5,1.51));
#9920=CARTESIAN_POINT('',(31.7512498437603,-77.5,1.51));
#9921=CARTESIAN_POINT('',(31.7512498437603,-111.625,1.51));
#9922=CARTESIAN_POINT('',(31.7512498437603,-77.5,7.01));
#9923=CARTESIAN_POINT('',(31.7512498437603,-77.5,7.01));
#9924=CARTESIAN_POINT('',(31.7512498437603,-77.5,1.51));
#9925=CARTESIAN_POINT('Origin',(57.6722944252401,-80.75,7.01));
#9926=CARTESIAN_POINT('',(106.5,-77.5,7.01));
#9927=CARTESIAN_POINT('Origin',(81.,-145.75,1.51));
#9928=CARTESIAN_POINT('',(106.5,-77.5,1.51));
#9929=CARTESIAN_POINT('',(106.5,-77.5,1.51));
#9930=CARTESIAN_POINT('',(154.5,-146.5,1.51));
#9931=CARTESIAN_POINT('',(154.5,-146.5,1.51));
#9932=CARTESIAN_POINT('',(154.5,-206.,1.51));
#9933=CARTESIAN_POINT('',(154.5,-206.,1.51));
#9934=CARTESIAN_POINT('',(58.,-206.,1.51));
#9935=CARTESIAN_POINT('',(58.,-206.,1.51));
#9936=CARTESIAN_POINT('',(7.5,-158.5,1.51));
#9937=CARTESIAN_POINT('',(7.5,-158.5,1.51));
#9938=CARTESIAN_POINT('',(7.5,-87.,1.51));
#9939=CARTESIAN_POINT('',(7.5,-87.,1.51));
#9940=CARTESIAN_POINT('',(14.,-87.,1.51));
#9941=CARTESIAN_POINT('Origin',(56.000000834465,-210.000003129244,1.51));
#9942=CARTESIAN_POINT('',(58.350000834465,-210.000003129244,-2.49));
#9943=CARTESIAN_POINT('Origin',(56.000000834465,-210.000003129244,-2.49));
#9944=CARTESIAN_POINT('',(58.350000834465,-210.000003129244,1.51));
#9945=CARTESIAN_POINT('Origin',(103.00000153482,-81.0000012069941,1.51));
#9946=CARTESIAN_POINT('',(105.35000153482,-81.0000012069941,-2.49));
#9947=CARTESIAN_POINT('Origin',(103.00000153482,-81.0000012069941,-2.49));
#9948=CARTESIAN_POINT('',(105.35000153482,-81.0000012069941,1.51));
#9949=CARTESIAN_POINT('Origin',(9.25,-81.8160921834646,1.51));
#9950=CARTESIAN_POINT('',(11.6,-81.8160921834646,-2.49));
#9951=CARTESIAN_POINT('Origin',(9.25,-81.8160921834646,-2.49));
#9952=CARTESIAN_POINT('',(11.6,-81.8160921834646,1.51));
#9953=CARTESIAN_POINT('Origin',(154.5,-146.5,1.51));
#9954=CARTESIAN_POINT('',(154.5,-146.5,1.51));
#9955=CARTESIAN_POINT('Origin',(154.5,-206.,1.51));
#9956=CARTESIAN_POINT('',(154.5,-206.,1.51));
#9957=CARTESIAN_POINT('Origin',(58.,-206.,1.51));
#9958=CARTESIAN_POINT('',(58.,-206.,1.51));
#9959=CARTESIAN_POINT('Origin',(7.5,-158.5,1.51));
#9960=CARTESIAN_POINT('',(7.5,-158.5,1.51));
#9961=CARTESIAN_POINT('Origin',(7.5,-87.,1.51));
#9962=CARTESIAN_POINT('',(7.5,-87.,1.51));
#9963=CARTESIAN_POINT('Origin',(14.,-87.,1.51));
#9964=CARTESIAN_POINT('Origin',(159.000002369285,-210.000003129244,1.51));
#9965=CARTESIAN_POINT('',(161.350002369285,-210.000003129244,-2.49));
#9966=CARTESIAN_POINT('Origin',(159.000002369285,-210.000003129244,-2.49));
#9967=CARTESIAN_POINT('',(161.350002369285,-210.000003129244,1.51));
#9968=CARTESIAN_POINT('Origin',(131.000001952052,-131.000001952052,1.51));
#9969=CARTESIAN_POINT('',(133.350001952052,-131.000001952052,-2.49));
#9970=CARTESIAN_POINT('Origin',(131.000001952052,-131.000001952052,-2.49));
#9971=CARTESIAN_POINT('',(133.350001952052,-131.000001952052,1.51));
#9972=CARTESIAN_POINT('Origin',(3.00000004470348,-160.000002384186,1.51));
#9973=CARTESIAN_POINT('',(5.35000004470348,-160.000002384186,-2.49));
#9974=CARTESIAN_POINT('Origin',(3.00000004470348,-160.000002384186,-2.49));
#9975=CARTESIAN_POINT('',(5.35000004470348,-160.000002384186,1.51));
#9976=CARTESIAN_POINT('Origin',(106.5,-83.821938411554,1.51));
#9977=CARTESIAN_POINT('',(131.131669421762,-109.931507998622,-2.49));
#9978=CARTESIAN_POINT('',(131.131669421762,-109.931507998622,1.51));
#9979=CARTESIAN_POINT('',(106.5,-83.821938411554,-2.49));
#9980=CARTESIAN_POINT('',(131.131669421762,-109.931507998622,-2.49));
#9981=CARTESIAN_POINT('',(106.5,-83.821938411554,1.51));
#9982=CARTESIAN_POINT('Origin',(106.5,-77.5,1.51));
#9983=CARTESIAN_POINT('',(106.5,-77.5,-2.49));
#9984=CARTESIAN_POINT('',(106.5,-83.821938411554,-2.49));
#9985=CARTESIAN_POINT('',(106.5,-77.5,1.51));
#9986=CARTESIAN_POINT('Origin',(6.00000000000001,-77.5,1.51));
#9987=CARTESIAN_POINT('',(6.00000000000001,-77.5,-2.49));
#9988=CARTESIAN_POINT('',(106.5,-77.5,-2.49));
#9989=CARTESIAN_POINT('',(6.00000000000001,-77.5,1.51));
#9990=CARTESIAN_POINT('Origin',(6.00000000000001,-79.,1.51));
#9991=CARTESIAN_POINT('',(6.00000000000001,-79.,-2.49));
#9992=CARTESIAN_POINT('',(6.00000000000001,-77.5,-2.49));
#9993=CARTESIAN_POINT('',(6.00000000000001,-79.,1.51));
#9994=CARTESIAN_POINT('Origin',(-0.500000000000007,-79.,1.51));
#9995=CARTESIAN_POINT('',(-0.500000000000007,-79.,-2.49));
#9996=CARTESIAN_POINT('',(6.00000000000001,-79.,-2.49));
#9997=CARTESIAN_POINT('',(-0.500000000000007,-79.,1.51));
#9998=CARTESIAN_POINT('Origin',(-0.499999999999995,-161.95804770566,1.51));
#9999=CARTESIAN_POINT('',(-0.499999999999995,-161.95804770566,-2.49));
#10000=CARTESIAN_POINT('',(-0.500000000000007,-79.,-2.49));
#10001=CARTESIAN_POINT('',(-0.499999999999995,-161.95804770566,1.51));
#10002=CARTESIAN_POINT('Origin',(54.8288124392457,-214.,1.51));
#10003=CARTESIAN_POINT('',(54.8288124392457,-214.,-2.49));
#10004=CARTESIAN_POINT('',(-0.499999999999995,-161.95804770566,-2.49));
#10005=CARTESIAN_POINT('',(54.8288124392457,-214.,1.51));
#10006=CARTESIAN_POINT('Origin',(162.5,-214.,1.51));
#10007=CARTESIAN_POINT('',(162.5,-214.,-2.49));
#10008=CARTESIAN_POINT('',(54.8288124392457,-214.,-2.49));
#10009=CARTESIAN_POINT('',(162.5,-214.,1.51));
#10010=CARTESIAN_POINT('Origin',(162.5,-141.18819868291,1.51));
#10011=CARTESIAN_POINT('',(162.5,-141.18819868291,-2.49));
#10012=CARTESIAN_POINT('',(162.5,-214.,-2.49));
#10013=CARTESIAN_POINT('',(162.5,-141.18819868291,1.51));
#10014=CARTESIAN_POINT('Origin',(133.39374381738,-128.932932921807,1.51));
#10015=CARTESIAN_POINT('',(133.39374381738,-128.932932921807,-2.49));
#10016=CARTESIAN_POINT('',(162.5,-141.18819868291,-2.49));
#10017=CARTESIAN_POINT('',(133.39374381738,-128.932932921807,1.51));
#10018=CARTESIAN_POINT('Origin',(131.131669421762,-109.931507998622,1.51));
#10019=CARTESIAN_POINT('',(133.39374381738,-128.932932921807,-2.49));
#10020=CARTESIAN_POINT('Origin',(81.,-145.75,-2.49));
#10021=CARTESIAN_POINT('Origin',(387.,-110.,-2.49));
#10022=CARTESIAN_POINT('',(387.,-110.,-2.49));
#10023=CARTESIAN_POINT('',(387.5,-30.5,-2.49));
#10024=CARTESIAN_POINT('',(387.,-110.,-2.49));
#10025=CARTESIAN_POINT('',(387.5,-30.5,1.51));
#10026=CARTESIAN_POINT('',(387.5,-30.5,1.51));
#10027=CARTESIAN_POINT('',(387.,-110.,1.51));
#10028=CARTESIAN_POINT('',(387.,-110.,1.51));
#10029=CARTESIAN_POINT('',(387.,-110.,1.51));
#10030=CARTESIAN_POINT('Origin',(312.25,-94.525548101837,-2.49));
#10031=CARTESIAN_POINT('',(313.000004664063,-29.0000004321337,-2.49));
#10032=CARTESIAN_POINT('',(312.741905735843,-22.5,-2.49));
#10033=CARTESIAN_POINT('',(312.741905735843,-22.5,-2.49));
#10034=CARTESIAN_POINT('',(365.844865108016,-22.5,-2.49));
#10035=CARTESIAN_POINT('',(395.5,-22.5,-2.49));
#10036=CARTESIAN_POINT('',(365.844865108016,-29.,-2.49));
#10037=CARTESIAN_POINT('',(365.844865108016,-22.5,-2.49));
#10038=CARTESIAN_POINT('',(378.58365034095,-29.,-2.49));
#10039=CARTESIAN_POINT('',(389.,-29.,-2.49));
#10040=CARTESIAN_POINT('',(378.58365034095,-22.5,-2.49));
#10041=CARTESIAN_POINT('',(378.58365034095,-22.5,-2.49));
#10042=CARTESIAN_POINT('',(395.5,-22.5,-2.49));
#10043=CARTESIAN_POINT('',(395.5,-22.5,-2.49));
#10044=CARTESIAN_POINT('',(395.5,-32.025640762244,-2.49));
#10045=CARTESIAN_POINT('',(395.5,-32.025640762244,-2.49));
#10046=CARTESIAN_POINT('',(394.974087439222,-114.068000243689,-2.49));
#10047=CARTESIAN_POINT('',(394.974087439222,-114.068000243689,-2.49));
#10048=CARTESIAN_POINT('',(323.553791906045,-166.551096203674,-2.49));
#10049=CARTESIAN_POINT('',(323.553791906045,-166.551096203674,-2.49));
#10050=CARTESIAN_POINT('',(262.643264740483,-165.368367520847,-2.49));
#10051=CARTESIAN_POINT('',(262.643264740483,-165.368367520847,-2.49));
#10052=CARTESIAN_POINT('',(260.700815793568,-153.066190857054,-2.49));
#10053=CARTESIAN_POINT('',(260.700815793568,-153.066190857054,-2.49));
#10054=CARTESIAN_POINT('',(229.,-135.170569038105,-2.49));
#10055=CARTESIAN_POINT('',(229.,-135.170569038105,-2.49));
#10056=CARTESIAN_POINT('',(229.,-84.8364201602873,-2.49));
#10057=CARTESIAN_POINT('',(229.,-84.8364201602873,-2.49));
#10058=CARTESIAN_POINT('',(281.5,-28.8364201602873,-2.49));
#10059=CARTESIAN_POINT('',(281.5,-28.8364201602873,-2.49));
#10060=CARTESIAN_POINT('',(281.5,-22.5,-2.49));
#10061=CARTESIAN_POINT('',(281.5,-22.5,-2.49));
#10062=CARTESIAN_POINT('',(304.81719631768,-22.5,-2.49));
#10063=CARTESIAN_POINT('',(306.,-22.5,-2.49));
#10064=CARTESIAN_POINT('',(304.81719631768,-29.,-2.49));
#10065=CARTESIAN_POINT('',(304.81719631768,-22.5,-2.49));
#10066=CARTESIAN_POINT('',(389.,-29.,-2.49));
#10067=CARTESIAN_POINT('',(287.350004246831,-26.0000003874302,-2.49));
#10068=CARTESIAN_POINT('Origin',(285.000004246831,-26.0000003874302,-2.49));
#10069=CARTESIAN_POINT('',(266.081052224801,-151.036173932425,-2.49));
#10070=CARTESIAN_POINT('Origin',(263.731052224801,-151.036173932425,-2.49));
#10071=CARTESIAN_POINT('',(235.095120896397,-133.04184829057,-2.49));
#10072=CARTESIAN_POINT('Origin',(232.745120896397,-133.04184829057,-2.49));
#10073=CARTESIAN_POINT('',(387.5,-32.,-2.49));
#10074=CARTESIAN_POINT('',(387.,-110.,-2.49));
#10075=CARTESIAN_POINT('',(387.5,-32.,-2.49));
#10076=CARTESIAN_POINT('',(395.015472950264,-25.892586135222,-2.49));
#10077=CARTESIAN_POINT('Origin',(392.665472950264,-25.892586135222,-2.49));
#10078=CARTESIAN_POINT('',(393.881384294523,-112.028002573774,-2.49));
#10079=CARTESIAN_POINT('Origin',(391.531384294523,-112.028002573774,-2.49));
#10080=CARTESIAN_POINT('',(324.867940487776,-163.338599071368,-2.49));
#10081=CARTESIAN_POINT('Origin',(322.517940487776,-163.338599071368,-2.49));
#10082=CARTESIAN_POINT('',(234.896105313261,-85.8558676193793,-2.49));
#10083=CARTESIAN_POINT('Origin',(232.546105313261,-85.8558676193793,-2.49));
#10084=CARTESIAN_POINT('Origin',(339.293385421929,-25.7500002160668,7.01));
#10085=CARTESIAN_POINT('',(313.000004664063,-29.0000004321337,7.01));
#10086=CARTESIAN_POINT('',(312.741905735843,-22.5,7.01));
#10087=CARTESIAN_POINT('',(312.956277099417,-27.8987591714365,7.01));
#10088=CARTESIAN_POINT('',(365.844865108016,-29.,7.01));
#10089=CARTESIAN_POINT('',(326.146695042996,-29.,7.01));
#10090=CARTESIAN_POINT('',(365.844865108016,-22.5,7.01));
#10091=CARTESIAN_POINT('',(365.844865108016,-24.1250001080334,7.01));
#10092=CARTESIAN_POINT('',(326.017645578886,-22.5,7.01));
#10093=CARTESIAN_POINT('Origin',(312.25,-94.525548101837,7.01));
#10094=CARTESIAN_POINT('',(281.5,-22.5,7.01));
#10095=CARTESIAN_POINT('',(304.81719631768,-22.5,7.01));
#10096=CARTESIAN_POINT('',(296.875,-22.5,7.01));
#10097=CARTESIAN_POINT('',(281.5,-28.8364201602873,7.01));
#10098=CARTESIAN_POINT('',(281.5,-61.6809841310621,7.01));
#10099=CARTESIAN_POINT('',(229.,-84.8364201602873,7.01));
#10100=CARTESIAN_POINT('',(246.05390779005,-66.645585184234,7.01));
#10101=CARTESIAN_POINT('',(229.,-135.170569038105,7.01));
#10102=CARTESIAN_POINT('',(229.,-114.848058569971,7.01));
#10103=CARTESIAN_POINT('',(260.700815793568,-153.066190857054,7.01));
#10104=CARTESIAN_POINT('',(267.716190552959,-157.026483059936,7.01));
#10105=CARTESIAN_POINT('',(262.643264740483,-165.368367520847,7.01));
#10106=CARTESIAN_POINT('',(257.789778132985,-134.629619006698,7.01));
#10107=CARTESIAN_POINT('',(323.553791906045,-166.551096203674,7.01));
#10108=CARTESIAN_POINT('',(317.205012520376,-166.427818934049,7.01));
#10109=CARTESIAN_POINT('',(394.974087439222,-114.068000243689,7.01));
#10110=CARTESIAN_POINT('',(372.778228938183,-130.378593233088,7.01));
#10111=CARTESIAN_POINT('',(395.5,-32.025640762244,7.01));
#10112=CARTESIAN_POINT('',(395.297977656552,-63.5411263400953,7.01));
#10113=CARTESIAN_POINT('',(395.5,-22.5,7.01));
#10114=CARTESIAN_POINT('',(395.5,-58.5127740509185,7.01));
#10115=CARTESIAN_POINT('',(378.58365034095,-22.5,7.01));
#10116=CARTESIAN_POINT('',(345.416825170475,-22.5,7.01));
#10117=CARTESIAN_POINT('',(378.58365034095,-29.,7.01));
#10118=CARTESIAN_POINT('',(378.58365034095,-61.7627740509185,7.01));
#10119=CARTESIAN_POINT('',(389.,-29.,7.01));
#10120=CARTESIAN_POINT('',(345.416825170475,-29.,7.01));
#10121=CARTESIAN_POINT('',(389.,-32.0048076429201,7.01));
#10122=CARTESIAN_POINT('',(389.,-61.7627740509185,7.01));
#10123=CARTESIAN_POINT('',(388.495141394854,-110.762750045692,7.01));
#10124=CARTESIAN_POINT('',(388.798044427999,-63.5098768751221,7.01));
#10125=CARTESIAN_POINT('',(321.478835982384,-160.009580538189,7.01));
#10126=CARTESIAN_POINT('',(367.614244551884,-126.107045453026,7.01));
#10127=CARTESIAN_POINT('',(268.21436213884,-158.975318910159,7.01));
#10128=CARTESIAN_POINT('',(316.230629461183,-159.907673615447,7.01));
#10129=CARTESIAN_POINT('',(266.631402961294,-148.949910785698,7.01));
#10130=CARTESIAN_POINT('',(263.785556469484,-130.926216337567,7.01));
#10131=CARTESIAN_POINT('',(235.5,-131.375731694645,7.01));
#10132=CARTESIAN_POINT('',(272.279165832946,-152.138164019695,7.01));
#10133=CARTESIAN_POINT('',(235.5,-87.4068287800539,7.01));
#10134=CARTESIAN_POINT('',(235.5,-112.950639898241,7.01));
#10135=CARTESIAN_POINT('',(288.,-31.4068287800539,7.01));
#10136=CARTESIAN_POINT('',(251.674903703505,-70.1535981629816,7.01));
#10137=CARTESIAN_POINT('',(288.,-29.,7.01));
#10138=CARTESIAN_POINT('',(288.,-62.9661884409454,7.01));
#10139=CARTESIAN_POINT('',(304.81719631768,-29.,7.01));
#10140=CARTESIAN_POINT('',(300.125,-29.,7.01));
#10141=CARTESIAN_POINT('',(304.81719631768,-58.5127740509185,7.01));
#10142=CARTESIAN_POINT('',(286.700004246831,-26.0000003874302,7.01));
#10143=CARTESIAN_POINT('Origin',(285.000004246831,-26.0000003874302,7.01));
#10144=CARTESIAN_POINT('',(234.146105313261,-85.8558676193793,7.01));
#10145=CARTESIAN_POINT('Origin',(232.546105313261,-85.8558676193793,7.01));
#10146=CARTESIAN_POINT('',(394.265472950264,-25.892586135222,7.01));
#10147=CARTESIAN_POINT('Origin',(392.665472950264,-25.892586135222,7.01));
#10148=CARTESIAN_POINT('',(393.131384294522,-112.028002573774,7.01));
#10149=CARTESIAN_POINT('Origin',(391.531384294523,-112.028002573774,7.01));
#10150=CARTESIAN_POINT('',(324.117940487776,-163.338599071368,7.01));
#10151=CARTESIAN_POINT('Origin',(322.517940487776,-163.338599071368,7.01));
#10152=CARTESIAN_POINT('',(265.331052224801,-151.036173932425,7.01));
#10153=CARTESIAN_POINT('Origin',(263.731052224801,-151.036173932425,7.01));
#10154=CARTESIAN_POINT('',(234.345120896397,-133.04184829057,7.01));
#10155=CARTESIAN_POINT('Origin',(232.745120896397,-133.04184829057,7.01));
#10156=CARTESIAN_POINT('Origin',(312.741905735843,-22.5,1.51));
#10157=CARTESIAN_POINT('',(365.844865108016,-22.5,1.51));
#10158=CARTESIAN_POINT('',(312.741905735843,-22.5,1.51));
#10159=CARTESIAN_POINT('Origin',(365.844865108016,-22.5,1.51));
#10160=CARTESIAN_POINT('',(365.844865108016,-29.,1.51));
#10161=CARTESIAN_POINT('',(365.844865108016,-29.,1.51));
#10162=CARTESIAN_POINT('',(365.844865108016,-29.,1.51));
#10163=CARTESIAN_POINT('Origin',(395.5,-22.5,1.51));
#10164=CARTESIAN_POINT('',(395.5,-32.025640762244,1.51));
#10165=CARTESIAN_POINT('',(395.5,-22.5,1.51));
#10166=CARTESIAN_POINT('Origin',(395.5,-32.025640762244,1.51));
#10167=CARTESIAN_POINT('',(394.974087439222,-114.068000243689,1.51));
#10168=CARTESIAN_POINT('Origin',(394.974087439222,-114.068000243689,1.51));
#10169=CARTESIAN_POINT('',(323.553791906045,-166.551096203674,1.51));
#10170=CARTESIAN_POINT('Origin',(323.553791906045,-166.551096203674,1.51));
#10171=CARTESIAN_POINT('',(262.643264740483,-165.368367520847,1.51));
#10172=CARTESIAN_POINT('Origin',(262.643264740483,-165.368367520847,1.51));
#10173=CARTESIAN_POINT('',(260.700815793568,-153.066190857054,1.51));
#10174=CARTESIAN_POINT('Origin',(260.700815793568,-153.066190857054,1.51));
#10175=CARTESIAN_POINT('',(229.,-135.170569038105,1.51));
#10176=CARTESIAN_POINT('Origin',(229.,-135.170569038105,1.51));
#10177=CARTESIAN_POINT('',(229.,-84.8364201602873,1.51));
#10178=CARTESIAN_POINT('Origin',(229.,-84.8364201602873,1.51));
#10179=CARTESIAN_POINT('',(281.5,-28.8364201602873,1.51));
#10180=CARTESIAN_POINT('Origin',(281.5,-28.8364201602873,1.51));
#10181=CARTESIAN_POINT('',(281.5,-22.5,1.51));
#10182=CARTESIAN_POINT('Origin',(281.5,-22.5,1.51));
#10183=CARTESIAN_POINT('',(304.81719631768,-22.5,1.51));
#10184=CARTESIAN_POINT('Origin',(304.81719631768,-22.5,1.51));
#10185=CARTESIAN_POINT('',(304.81719631768,-29.,1.51));
#10186=CARTESIAN_POINT('',(304.81719631768,-29.,1.51));
#10187=CARTESIAN_POINT('',(304.81719631768,-29.,1.51));
#10188=CARTESIAN_POINT('Origin',(288.,-29.,1.51));
#10189=CARTESIAN_POINT('',(288.,-29.,1.51));
#10190=CARTESIAN_POINT('',(288.,-29.,1.51));
#10191=CARTESIAN_POINT('',(300.125,-29.,1.51));
#10192=CARTESIAN_POINT('Origin',(313.000004664063,-29.,1.51));
#10193=CARTESIAN_POINT('',(313.000004664063,-29.0000004321337,1.51));
#10194=CARTESIAN_POINT('',(313.000004664063,-29.0000004321337,1.51));
#10195=CARTESIAN_POINT('',(312.625002332032,-29.,1.51));
#10196=CARTESIAN_POINT('Origin',(312.25,-94.525548101837,1.51));
#10197=CARTESIAN_POINT('',(234.896105313261,-85.8558676193793,1.51));
#10198=CARTESIAN_POINT('Origin',(232.546105313261,-85.8558676193793,1.51));
#10199=CARTESIAN_POINT('',(234.146105313261,-85.8558676193793,1.51));
#10200=CARTESIAN_POINT('Origin',(232.546105313261,-85.8558676193793,1.51));
#10201=CARTESIAN_POINT('Origin',(312.25,-94.525548101837,1.51));
#10202=CARTESIAN_POINT('',(324.867940487776,-163.338599071368,1.51));
#10203=CARTESIAN_POINT('Origin',(322.517940487776,-163.338599071368,1.51));
#10204=CARTESIAN_POINT('',(324.117940487776,-163.338599071368,1.51));
#10205=CARTESIAN_POINT('Origin',(322.517940487776,-163.338599071368,1.51));
#10206=CARTESIAN_POINT('Origin',(312.25,-94.525548101837,1.51));
#10207=CARTESIAN_POINT('',(393.881384294523,-112.028002573774,1.51));
#10208=CARTESIAN_POINT('Origin',(391.531384294523,-112.028002573774,1.51));
#10209=CARTESIAN_POINT('',(393.131384294522,-112.028002573774,1.51));
#10210=CARTESIAN_POINT('Origin',(391.531384294523,-112.028002573774,1.51));
#10211=CARTESIAN_POINT('Origin',(312.25,-94.525548101837,1.51));
#10212=CARTESIAN_POINT('',(395.015472950264,-25.892586135222,1.51));
#10213=CARTESIAN_POINT('Origin',(392.665472950264,-25.892586135222,1.51));
#10214=CARTESIAN_POINT('',(394.265472950264,-25.892586135222,1.51));
#10215=CARTESIAN_POINT('Origin',(392.665472950264,-25.892586135222,1.51));
#10216=CARTESIAN_POINT('Origin',(312.25,-94.525548101837,1.51));
#10217=CARTESIAN_POINT('',(235.095120896397,-133.04184829057,1.51));
#10218=CARTESIAN_POINT('Origin',(232.745120896397,-133.04184829057,1.51));
#10219=CARTESIAN_POINT('',(234.345120896397,-133.04184829057,1.51));
#10220=CARTESIAN_POINT('Origin',(232.745120896397,-133.04184829057,1.51));
#10221=CARTESIAN_POINT('Origin',(312.25,-94.525548101837,1.51));
#10222=CARTESIAN_POINT('',(266.081052224801,-151.036173932425,1.51));
#10223=CARTESIAN_POINT('Origin',(263.731052224801,-151.036173932425,1.51));
#10224=CARTESIAN_POINT('',(265.331052224801,-151.036173932425,1.51));
#10225=CARTESIAN_POINT('Origin',(263.731052224801,-151.036173932425,1.51));
#10226=CARTESIAN_POINT('Origin',(312.25,-94.525548101837,1.51));
#10227=CARTESIAN_POINT('',(287.350004246831,-26.0000003874302,1.51));
#10228=CARTESIAN_POINT('Origin',(285.000004246831,-26.0000003874302,1.51));
#10229=CARTESIAN_POINT('',(286.700004246831,-26.0000003874302,1.51));
#10230=CARTESIAN_POINT('Origin',(285.000004246831,-26.0000003874302,1.51));
#10231=CARTESIAN_POINT('Origin',(232.745120896397,-133.04184829057,1.51));
#10232=CARTESIAN_POINT('',(234.345120896397,-133.04184829057,1.51));
#10233=CARTESIAN_POINT('Origin',(263.731052224801,-151.036173932425,1.51));
#10234=CARTESIAN_POINT('',(265.331052224801,-151.036173932425,1.51));
#10235=CARTESIAN_POINT('Origin',(322.517940487776,-163.338599071368,1.51));
#10236=CARTESIAN_POINT('',(324.117940487776,-163.338599071368,1.51));
#10237=CARTESIAN_POINT('Origin',(391.531384294523,-112.028002573774,1.51));
#10238=CARTESIAN_POINT('',(393.131384294522,-112.028002573774,1.51));
#10239=CARTESIAN_POINT('Origin',(392.665472950264,-25.892586135222,1.51));
#10240=CARTESIAN_POINT('',(394.265472950264,-25.892586135222,1.51));
#10241=CARTESIAN_POINT('Origin',(232.546105313261,-85.8558676193793,1.51));
#10242=CARTESIAN_POINT('',(234.146105313261,-85.8558676193793,1.51));
#10243=CARTESIAN_POINT('Origin',(285.000004246831,-26.0000003874302,1.51));
#10244=CARTESIAN_POINT('',(286.700004246831,-26.0000003874302,1.51));
#10245=CARTESIAN_POINT('Origin',(288.,-31.4068287800539,1.51));
#10246=CARTESIAN_POINT('',(288.,-31.4068287800539,1.51));
#10247=CARTESIAN_POINT('',(288.,-31.4068287800539,1.51));
#10248=CARTESIAN_POINT('',(288.,-62.9661884409454,1.51));
#10249=CARTESIAN_POINT('Origin',(235.5,-87.4068287800539,1.51));
#10250=CARTESIAN_POINT('',(235.5,-87.4068287800539,1.51));
#10251=CARTESIAN_POINT('',(235.5,-87.4068287800539,1.51));
#10252=CARTESIAN_POINT('',(251.674903703505,-70.1535981629816,1.51));
#10253=CARTESIAN_POINT('Origin',(235.5,-131.375731694645,1.51));
#10254=CARTESIAN_POINT('',(235.5,-131.375731694645,1.51));
#10255=CARTESIAN_POINT('',(235.5,-131.375731694645,1.51));
#10256=CARTESIAN_POINT('',(235.5,-112.950639898241,1.51));
#10257=CARTESIAN_POINT('Origin',(266.631402961294,-148.949910785698,1.51));
#10258=CARTESIAN_POINT('',(266.631402961294,-148.949910785698,1.51));
#10259=CARTESIAN_POINT('',(266.631402961294,-148.949910785698,1.51));
#10260=CARTESIAN_POINT('',(272.279165832946,-152.138164019695,1.51));
#10261=CARTESIAN_POINT('Origin',(268.21436213884,-158.975318910159,1.51));
#10262=CARTESIAN_POINT('',(268.21436213884,-158.975318910159,1.51));
#10263=CARTESIAN_POINT('',(268.21436213884,-158.975318910159,1.51));
#10264=CARTESIAN_POINT('',(263.785556469484,-130.926216337567,1.51));
#10265=CARTESIAN_POINT('Origin',(321.478835982384,-160.009580538189,1.51));
#10266=CARTESIAN_POINT('',(321.478835982384,-160.009580538189,1.51));
#10267=CARTESIAN_POINT('',(321.478835982384,-160.009580538189,1.51));
#10268=CARTESIAN_POINT('',(316.230629461183,-159.907673615447,1.51));
#10269=CARTESIAN_POINT('Origin',(388.495141394854,-110.762750045692,1.51));
#10270=CARTESIAN_POINT('',(388.495141394854,-110.762750045692,1.51));
#10271=CARTESIAN_POINT('',(388.495141394854,-110.762750045692,1.51));
#10272=CARTESIAN_POINT('',(367.614244551884,-126.107045453026,1.51));
#10273=CARTESIAN_POINT('Origin',(389.,-32.0048076429201,1.51));
#10274=CARTESIAN_POINT('',(389.,-32.0048076429201,1.51));
#10275=CARTESIAN_POINT('',(389.,-32.0048076429201,1.51));
#10276=CARTESIAN_POINT('',(388.798044427999,-63.5098768751221,1.51));
#10277=CARTESIAN_POINT('Origin',(389.,-29.,1.51));
#10278=CARTESIAN_POINT('',(389.,-29.,1.51));
#10279=CARTESIAN_POINT('',(389.,-29.,1.51));
#10280=CARTESIAN_POINT('',(389.,-61.7627740509185,1.51));
#10281=CARTESIAN_POINT('Origin',(378.58365034095,-29.,1.51));
#10282=CARTESIAN_POINT('',(378.58365034095,-29.,1.51));
#10283=CARTESIAN_POINT('',(378.58365034095,-29.,1.51));
#10284=CARTESIAN_POINT('',(345.416825170475,-29.,1.51));
#10285=CARTESIAN_POINT('Origin',(285.000004246831,-26.0000003874302,1.51));
#10286=CARTESIAN_POINT('',(287.350004246831,-26.0000003874302,1.51));
#10287=CARTESIAN_POINT('Origin',(263.731052224801,-151.036173932425,1.51));
#10288=CARTESIAN_POINT('',(266.081052224801,-151.036173932425,1.51));
#10289=CARTESIAN_POINT('Origin',(232.745120896397,-133.04184829057,1.51));
#10290=CARTESIAN_POINT('',(235.095120896397,-133.04184829057,1.51));
#10291=CARTESIAN_POINT('Origin',(387.5,-32.,1.51));
#10292=CARTESIAN_POINT('',(387.5,-32.,1.51));
#10293=CARTESIAN_POINT('',(387.5,-32.,1.51));
#10294=CARTESIAN_POINT('',(387.5,-32.,1.51));
#10295=CARTESIAN_POINT('Origin',(387.,-110.,1.51));
#10296=CARTESIAN_POINT('',(387.,-110.,1.51));
#10297=CARTESIAN_POINT('Origin',(392.665472950264,-25.892586135222,1.51));
#10298=CARTESIAN_POINT('',(395.015472950264,-25.892586135222,1.51));
#10299=CARTESIAN_POINT('Origin',(391.531384294523,-112.028002573774,1.51));
#10300=CARTESIAN_POINT('',(393.881384294523,-112.028002573774,1.51));
#10301=CARTESIAN_POINT('Origin',(322.517940487776,-163.338599071368,1.51));
#10302=CARTESIAN_POINT('',(324.867940487776,-163.338599071368,1.51));
#10303=CARTESIAN_POINT('Origin',(232.546105313261,-85.8558676193793,1.51));
#10304=CARTESIAN_POINT('',(234.896105313261,-85.8558676193793,1.51));
#10305=CARTESIAN_POINT('Origin',(304.81719631768,-29.,1.51));
#10306=CARTESIAN_POINT('',(389.,-29.,1.51));
#10307=CARTESIAN_POINT('',(313.000004664063,-29.0000004321337,1.51));
#10308=CARTESIAN_POINT('Origin',(378.58365034095,-22.5,1.51));
#10309=CARTESIAN_POINT('',(378.58365034095,-22.5,1.51));
#10310=CARTESIAN_POINT('Origin',(378.58365034095,-29.,1.51));
#10311=CARTESIAN_POINT('',(378.58365034095,-29.,1.51));
#10312=CARTESIAN_POINT('Origin',(365.844865108016,-29.,1.51));
#10313=CARTESIAN_POINT('',(389.,-29.,1.51));
#10314=CARTESIAN_POINT('Origin',(313.000004664063,-29.0000004321337,1.51));
#10315=CARTESIAN_POINT('Origin',(312.25,-94.525548101837,1.51));
#10316=CARTESIAN_POINT('Origin',(9.25,-81.8160921834646,9.21));
#10317=CARTESIAN_POINT('',(11.75,-81.8160921834646,10.01));
#10318=CARTESIAN_POINT('Origin',(9.25,-81.8160921834646,10.01));
#10319=CARTESIAN_POINT('',(10.95,-81.8160921834646,9.21));
#10320=CARTESIAN_POINT('Origin',(11.75,-81.8160921834646,9.21));
#10321=CARTESIAN_POINT('Origin',(9.25,-81.8160921834646,9.21));
#10322=CARTESIAN_POINT('Origin',(81.,-145.75,10.01));
#10323=CARTESIAN_POINT('',(132.606097880831,-129.084158569215,10.01));
#10324=CARTESIAN_POINT('',(133.500001952052,-131.000001952052,10.01));
#10325=CARTESIAN_POINT('Origin',(131.000001952052,-131.000001952052,10.01));
#10326=CARTESIAN_POINT('',(130.368502479586,-110.28835719876,10.01));
#10327=CARTESIAN_POINT('',(133.220297997069,-134.24343954562,10.01));
#10328=CARTESIAN_POINT('',(105.7,-84.1397445703986,10.01));
#10329=CARTESIAN_POINT('',(127.685733992055,-107.444622601977,10.01));
#10330=CARTESIAN_POINT('',(105.7,-78.3,10.01));
#10331=CARTESIAN_POINT('',(105.7,-114.785969205777,10.01));
#10332=CARTESIAN_POINT('',(6.80000000000001,-78.3,10.01));
#10333=CARTESIAN_POINT('',(93.75,-78.3,10.01));
#10334=CARTESIAN_POINT('',(6.80000000000001,-79.8,10.01));
#10335=CARTESIAN_POINT('',(6.80000000000001,-111.625,10.01));
#10336=CARTESIAN_POINT('',(0.299999999999994,-79.8,10.01));
#10337=CARTESIAN_POINT('',(43.5,-79.8,10.01));
#10338=CARTESIAN_POINT('',(0.300000000000013,-161.612242935094,10.01));
#10339=CARTESIAN_POINT('',(0.300000000000002,-112.375,10.01));
#10340=CARTESIAN_POINT('',(55.1459311953212,-213.2,10.01));
#10341=CARTESIAN_POINT('',(17.6249681631997,-177.908005068797,10.01));
#10342=CARTESIAN_POINT('',(161.7,-213.2,10.01));
#10343=CARTESIAN_POINT('',(67.9144062196229,-213.2,10.01));
#10344=CARTESIAN_POINT('',(161.7,-141.719378814619,10.01));
#10345=CARTESIAN_POINT('',(161.7,-179.875,10.01));
#10346=CARTESIAN_POINT('',(133.128971535679,-129.6894720928,10.01));
#10347=CARTESIAN_POINT('',(128.391782400186,-127.694866141013,10.01));
#10348=CARTESIAN_POINT('Origin',(131.000001952052,-131.000001952052,10.01));
#10349=CARTESIAN_POINT('',(105.50000153482,-81.0000012069941,10.01));
#10350=CARTESIAN_POINT('Origin',(103.00000153482,-81.0000012069941,10.01));
#10351=CARTESIAN_POINT('',(5.5000000447035,-160.000002384186,10.01));
#10352=CARTESIAN_POINT('Origin',(3.00000004470348,-160.000002384186,10.01));
#10353=CARTESIAN_POINT('',(145.799996741116,-162.799996361136,10.01));
#10354=CARTESIAN_POINT('',(131.099997069687,-162.799996361136,10.01));
#10355=CARTESIAN_POINT('',(145.799996741116,-162.799996361136,10.01));
#10356=CARTESIAN_POINT('',(131.099997069687,-148.099996689707,10.01));
#10357=CARTESIAN_POINT('',(131.099997069687,-162.799996361136,10.01));
#10358=CARTESIAN_POINT('',(145.799996741116,-148.099996689707,10.01));
#10359=CARTESIAN_POINT('',(131.099997069687,-148.099996689707,10.01));
#10360=CARTESIAN_POINT('',(145.799996741116,-148.099996689707,10.01));
#10361=CARTESIAN_POINT('',(145.299996752292,-185.799995847046,10.01));
#10362=CARTESIAN_POINT('',(130.599997080863,-185.799995847046,10.01));
#10363=CARTESIAN_POINT('',(145.299996752292,-185.799995847046,10.01));
#10364=CARTESIAN_POINT('',(130.599997080863,-171.099996175617,10.01));
#10365=CARTESIAN_POINT('',(130.599997080863,-185.799995847046,10.01));
#10366=CARTESIAN_POINT('',(145.299996752292,-171.099996175617,10.01));
#10367=CARTESIAN_POINT('',(130.599997080863,-171.099996175617,10.01));
#10368=CARTESIAN_POINT('',(145.299996752292,-171.099996175617,10.01));
#10369=CARTESIAN_POINT('',(55.4999987594783,-179.799995981157,10.01));
#10370=CARTESIAN_POINT('',(40.7999990880489,-179.799995981157,10.01));
#10371=CARTESIAN_POINT('',(55.4999987594783,-179.799995981157,10.01));
#10372=CARTESIAN_POINT('',(40.7999990880489,-165.099996309727,10.01));
#10373=CARTESIAN_POINT('',(40.7999990880489,-179.799995981157,10.01));
#10374=CARTESIAN_POINT('',(55.4999987594783,-165.099996309727,10.01));
#10375=CARTESIAN_POINT('',(40.7999990880489,-165.099996309727,10.01));
#10376=CARTESIAN_POINT('',(55.4999987594783,-165.099996309727,10.01));
#10377=CARTESIAN_POINT('',(113.299997467548,-202.299995478243,10.01));
#10378=CARTESIAN_POINT('',(98.5999977961183,-202.299995478243,10.01));
#10379=CARTESIAN_POINT('',(113.299997467548,-202.299995478243,10.01));
#10380=CARTESIAN_POINT('',(98.5999977961183,-187.599995806813,10.01));
#10381=CARTESIAN_POINT('',(98.5999977961183,-202.299995478243,10.01));
#10382=CARTESIAN_POINT('',(113.299997467548,-187.599995806813,10.01));
#10383=CARTESIAN_POINT('',(98.5999977961183,-187.599995806813,10.01));
#10384=CARTESIAN_POINT('',(113.299997467548,-187.599995806813,10.01));
#10385=CARTESIAN_POINT('',(41.1167224398129,-117.434197846111,10.01));
#10386=CARTESIAN_POINT('',(55.9929726462484,-117.434197846111,10.01));
#10387=CARTESIAN_POINT('',(41.1167224398129,-117.434197846111,10.01));
#10388=CARTESIAN_POINT('',(55.9929726462484,-132.310448052547,10.01));
#10389=CARTESIAN_POINT('',(55.9929726462484,-117.434197846111,10.01));
#10390=CARTESIAN_POINT('',(41.1167224398129,-132.310448052547,10.01));
#10391=CARTESIAN_POINT('',(55.9929726462484,-132.310448052547,10.01));
#10392=CARTESIAN_POINT('',(41.1167224398129,-132.310448052547,10.01));
#10393=CARTESIAN_POINT('',(76.9999982789159,-179.799995981157,10.01));
#10394=CARTESIAN_POINT('',(62.2999986074865,-179.799995981157,10.01));
#10395=CARTESIAN_POINT('',(76.9999982789159,-179.799995981157,10.01));
#10396=CARTESIAN_POINT('',(62.2999986074865,-165.099996309727,10.01));
#10397=CARTESIAN_POINT('',(62.2999986074865,-179.799995981157,10.01));
#10398=CARTESIAN_POINT('',(76.9999982789159,-165.099996309727,10.01));
#10399=CARTESIAN_POINT('',(62.2999986074865,-165.099996309727,10.01));
#10400=CARTESIAN_POINT('',(76.9999982789159,-165.099996309727,10.01));
#10401=CARTESIAN_POINT('',(97.9999978095293,-179.799995981157,10.01));
#10402=CARTESIAN_POINT('',(83.2999981380999,-179.799995981157,10.01));
#10403=CARTESIAN_POINT('',(97.9999978095293,-179.799995981157,10.01));
#10404=CARTESIAN_POINT('',(83.2999981380999,-165.099996309727,10.01));
#10405=CARTESIAN_POINT('',(83.2999981380999,-179.799995981157,10.01));
#10406=CARTESIAN_POINT('',(97.9999978095293,-165.099996309727,10.01));
#10407=CARTESIAN_POINT('',(83.2999981380999,-165.099996309727,10.01));
#10408=CARTESIAN_POINT('',(97.9999978095293,-165.099996309727,10.01));
#10409=CARTESIAN_POINT('',(119.499997328967,-179.299995992333,10.01));
#10410=CARTESIAN_POINT('',(104.799997657537,-179.299995992333,10.01));
#10411=CARTESIAN_POINT('',(119.499997328967,-179.299995992333,10.01));
#10412=CARTESIAN_POINT('',(104.799997657537,-164.599996320903,10.01));
#10413=CARTESIAN_POINT('',(104.799997657537,-179.299995992333,10.01));
#10414=CARTESIAN_POINT('',(119.499997328967,-164.599996320903,10.01));
#10415=CARTESIAN_POINT('',(104.799997657537,-164.599996320903,10.01));
#10416=CARTESIAN_POINT('',(119.499997328967,-164.599996320903,10.01));
#10417=CARTESIAN_POINT('',(62.2612666687933,-155.895717430226,10.01));
#10418=CARTESIAN_POINT('',(62.2612666687933,-140.994773648987,10.01));
#10419=CARTESIAN_POINT('',(62.2612666687933,-140.994773648987,10.01));
#10420=CARTESIAN_POINT('',(77.1622104500325,-140.994773648987,10.01));
#10421=CARTESIAN_POINT('',(77.1622104500325,-140.994773648987,10.01));
#10422=CARTESIAN_POINT('',(77.1622104500325,-155.895717430226,10.01));
#10423=CARTESIAN_POINT('',(77.1622104500325,-155.895717430226,10.01));
#10424=CARTESIAN_POINT('',(62.2612666687933,-155.895717430226,10.01));
#10425=CARTESIAN_POINT('',(99.0309389942013,-156.064882455233,10.01));
#10426=CARTESIAN_POINT('',(84.2001080582358,-156.064882455233,10.01));
#10427=CARTESIAN_POINT('',(99.0309389942013,-156.064882455233,10.01));
#10428=CARTESIAN_POINT('',(84.2001080582358,-141.234051519267,10.01));
#10429=CARTESIAN_POINT('',(84.2001080582358,-156.064882455233,10.01));
#10430=CARTESIAN_POINT('',(99.0309389942013,-141.234051519267,10.01));
#10431=CARTESIAN_POINT('',(84.2001080582358,-141.234051519267,10.01));
#10432=CARTESIAN_POINT('',(99.0309389942013,-141.234051519267,10.01));
#10433=CARTESIAN_POINT('',(120.999997295439,-155.999996513128,10.01));
#10434=CARTESIAN_POINT('',(106.199997626245,-155.999996513128,10.01));
#10435=CARTESIAN_POINT('',(120.999997295439,-155.999996513128,10.01));
#10436=CARTESIAN_POINT('',(106.199997626245,-141.199996843934,10.01));
#10437=CARTESIAN_POINT('',(106.199997626245,-155.999996513128,10.01));
#10438=CARTESIAN_POINT('',(120.999997295439,-141.199996843934,10.01));
#10439=CARTESIAN_POINT('',(106.199997626245,-141.199996843934,10.01));
#10440=CARTESIAN_POINT('',(120.999997295439,-141.199996843934,10.01));
#10441=CARTESIAN_POINT('',(105.820327572421,-132.366697874484,10.01));
#10442=CARTESIAN_POINT('',(105.820327572421,-117.633305850807,10.01));
#10443=CARTESIAN_POINT('',(105.820327572421,-117.633305850807,10.01));
#10444=CARTESIAN_POINT('',(120.430869430168,-117.633305850807,10.01));
#10445=CARTESIAN_POINT('',(120.430869430168,-117.633305850807,10.01));
#10446=CARTESIAN_POINT('',(120.430869430168,-132.366697874484,10.01));
#10447=CARTESIAN_POINT('',(120.430869430168,-132.366697874484,10.01));
#10448=CARTESIAN_POINT('',(105.820327572421,-132.366697874484,10.01));
#10449=CARTESIAN_POINT('',(62.7999985963106,-132.299997042865,10.01));
#10450=CARTESIAN_POINT('',(62.7999985963106,-117.700006682426,10.01));
#10451=CARTESIAN_POINT('',(62.7999985963106,-117.700006682426,10.01));
#10452=CARTESIAN_POINT('',(77.200003489852,-117.700006682426,10.01));
#10453=CARTESIAN_POINT('',(77.200003489852,-117.700006682426,10.01));
#10454=CARTESIAN_POINT('',(77.200003489852,-132.299997042865,10.01));
#10455=CARTESIAN_POINT('',(77.200003489852,-132.299997042865,10.01));
#10456=CARTESIAN_POINT('',(62.7999985963106,-132.299997042865,10.01));
#10457=CARTESIAN_POINT('',(41.3263150390274,-141.07979881447,10.01));
#10458=CARTESIAN_POINT('',(55.9999987483025,-141.07979881447,10.01));
#10459=CARTESIAN_POINT('',(41.3263150390274,-141.07979881447,10.01));
#10460=CARTESIAN_POINT('',(55.9999987483025,-155.899996515363,10.01));
#10461=CARTESIAN_POINT('',(55.9999987483025,-141.07979881447,10.01));
#10462=CARTESIAN_POINT('',(41.3263150390274,-155.899996515363,10.01));
#10463=CARTESIAN_POINT('',(55.9999987483025,-155.899996515363,10.01));
#10464=CARTESIAN_POINT('',(41.3263150390274,-155.899996515363,10.01));
#10465=CARTESIAN_POINT('',(84.0786447761435,-117.423029755699,10.01));
#10466=CARTESIAN_POINT('',(98.9952032945967,-117.423029755699,10.01));
#10467=CARTESIAN_POINT('',(84.0786447761435,-117.423029755699,10.01));
#10468=CARTESIAN_POINT('',(98.9952032945967,-132.339588274152,10.01));
#10469=CARTESIAN_POINT('',(98.9952032945967,-117.423029755699,10.01));
#10470=CARTESIAN_POINT('',(84.0786447761435,-132.339588274152,10.01));
#10471=CARTESIAN_POINT('',(98.9952032945967,-132.339588274152,10.01));
#10472=CARTESIAN_POINT('',(84.0786447761435,-132.339588274152,10.01));
#10473=CARTESIAN_POINT('',(19.7987164229308,-149.119828535392,10.01));
#10474=CARTESIAN_POINT('',(34.4682816363232,-149.119828535392,10.01));
#10475=CARTESIAN_POINT('',(19.7987164229308,-149.119828535392,10.01));
#10476=CARTESIAN_POINT('',(34.4682816363232,-163.789393748784,10.01));
#10477=CARTESIAN_POINT('',(34.4682816363232,-149.119828535392,10.01));
#10478=CARTESIAN_POINT('',(19.7987164229308,-163.789393748784,10.01));
#10479=CARTESIAN_POINT('',(34.4682816363232,-163.789393748784,10.01));
#10480=CARTESIAN_POINT('',(19.7987164229308,-163.789393748784,10.01));
#10481=CARTESIAN_POINT('',(58.500000834465,-210.000003129244,10.01));
#10482=CARTESIAN_POINT('Origin',(56.000000834465,-210.000003129244,10.01));
#10483=CARTESIAN_POINT('',(161.500002369285,-210.000003129244,10.01));
#10484=CARTESIAN_POINT('Origin',(159.000002369285,-210.000003129244,10.01));
#10485=CARTESIAN_POINT('Origin',(9.25,-81.8160921834646,7.01));
#10486=CARTESIAN_POINT('',(10.95,-81.8160921834646,7.01));
#10487=CARTESIAN_POINT('',(10.95,-81.8160921834646,7.01));
#10488=CARTESIAN_POINT('Origin',(9.25,-81.8160921834646,7.01));
#10489=CARTESIAN_POINT('Origin',(103.00000153482,-81.0000012069941,9.21));
#10490=CARTESIAN_POINT('',(104.70000153482,-81.0000012069941,9.21));
#10491=CARTESIAN_POINT('Origin',(105.50000153482,-81.0000012069941,9.21));
#10492=CARTESIAN_POINT('Origin',(103.00000153482,-81.0000012069941,9.21));
#10493=CARTESIAN_POINT('Origin',(103.00000153482,-81.0000012069941,7.01));
#10494=CARTESIAN_POINT('',(104.70000153482,-81.0000012069941,7.01));
#10495=CARTESIAN_POINT('',(104.70000153482,-81.0000012069941,7.01));
#10496=CARTESIAN_POINT('Origin',(103.00000153482,-81.0000012069941,7.01));
#10497=CARTESIAN_POINT('Origin',(131.000001952052,-131.000001952052,9.21));
#10498=CARTESIAN_POINT('',(132.765978824211,-129.405604130417,10.000832982771));
#10499=CARTESIAN_POINT('Ctrl Pts',(132.765978824211,-129.405604130417,10.000832982771));
#10500=CARTESIAN_POINT('Ctrl Pts',(132.717288009502,-129.298429994906,10.0062813568999));
#10501=CARTESIAN_POINT('Ctrl Pts',(132.664821826848,-129.193016731242,10.0098770137709));
#10502=CARTESIAN_POINT('Ctrl Pts',(132.608010045299,-129.087696300696,10.009998971031));
#10503=CARTESIAN_POINT('Ctrl Pts',(132.607054458652,-129.08592716616,10.01));
#10504=CARTESIAN_POINT('Ctrl Pts',(132.606097880831,-129.084158569215,10.01));
#10505=CARTESIAN_POINT('',(132.700001952052,-131.000001952052,9.21));
#10506=CARTESIAN_POINT('Origin',(133.500001952052,-131.000001952052,9.21));
#10507=CARTESIAN_POINT('Origin',(131.000001952052,-131.000001952052,9.21));
#10508=CARTESIAN_POINT('Ctrl Pts',(133.128971535679,-129.6894720928,10.01));
#10509=CARTESIAN_POINT('Ctrl Pts',(133.126764689179,-129.687579980247,10.01));
#10510=CARTESIAN_POINT('Ctrl Pts',(133.124556270228,-129.685689699378,10.0099985232992));
#10511=CARTESIAN_POINT('Ctrl Pts',(133.007817938343,-129.585936453565,10.0098437254214));
#10512=CARTESIAN_POINT('Ctrl Pts',(132.889119831215,-129.4930457314,10.0058421126877));
#10513=CARTESIAN_POINT('Ctrl Pts',(132.765978824211,-129.405604130417,10.000832982771));
#10514=CARTESIAN_POINT('Origin',(128.391782400186,-127.694866141013,9.21));
#10515=CARTESIAN_POINT('',(162.5,-141.18819868291,9.21));
#10516=CARTESIAN_POINT('Origin',(161.7,-141.719378814619,9.21));
#10517=CARTESIAN_POINT('',(133.39374381738,-128.932932921807,9.21));
#10518=CARTESIAN_POINT('',(128.702228000233,-126.957557840903,9.21));
#10519=CARTESIAN_POINT('Origin',(132.654369435642,-129.489639629626,9.21));
#10520=CARTESIAN_POINT('Origin',(131.000001952052,-131.000001952052,7.01));
#10521=CARTESIAN_POINT('',(132.700001952052,-131.000001952052,7.01));
#10522=CARTESIAN_POINT('',(132.700001952052,-131.000001952052,7.01));
#10523=CARTESIAN_POINT('Origin',(131.000001952052,-131.000001952052,7.01));
#10524=CARTESIAN_POINT('Origin',(159.000002369285,-210.000003129244,9.21));
#10525=CARTESIAN_POINT('',(160.700002369285,-210.000003129244,9.21));
#10526=CARTESIAN_POINT('Origin',(161.500002369285,-210.000003129244,9.21));
#10527=CARTESIAN_POINT('Origin',(159.000002369285,-210.000003129244,9.21));
#10528=CARTESIAN_POINT('Origin',(159.000002369285,-210.000003129244,7.01));
#10529=CARTESIAN_POINT('',(160.700002369285,-210.000003129244,7.01));
#10530=CARTESIAN_POINT('',(160.700002369285,-210.000003129244,7.01));
#10531=CARTESIAN_POINT('Origin',(159.000002369285,-210.000003129244,7.01));
#10532=CARTESIAN_POINT('Origin',(3.00000004470348,-160.000002384186,9.21));
#10533=CARTESIAN_POINT('',(4.7000000447035,-160.000002384186,9.21));
#10534=CARTESIAN_POINT('Origin',(5.5000000447035,-160.000002384186,9.21));
#10535=CARTESIAN_POINT('Origin',(3.00000004470348,-160.000002384186,9.21));
#10536=CARTESIAN_POINT('Origin',(3.00000004470348,-160.000002384186,7.01));
#10537=CARTESIAN_POINT('',(4.7000000447035,-160.000002384186,7.01));
#10538=CARTESIAN_POINT('',(4.7000000447035,-160.000002384186,7.01));
#10539=CARTESIAN_POINT('Origin',(3.00000004470348,-160.000002384186,7.01));
#10540=CARTESIAN_POINT('Origin',(56.000000834465,-210.000003129244,9.21));
#10541=CARTESIAN_POINT('',(57.700000834465,-210.000003129244,9.21));
#10542=CARTESIAN_POINT('Origin',(58.500000834465,-210.000003129244,9.21));
#10543=CARTESIAN_POINT('Origin',(56.000000834465,-210.000003129244,9.21));
#10544=CARTESIAN_POINT('Origin',(56.000000834465,-210.000003129244,7.01));
#10545=CARTESIAN_POINT('',(57.700000834465,-210.000003129244,7.01));
#10546=CARTESIAN_POINT('',(57.700000834465,-210.000003129244,7.01));
#10547=CARTESIAN_POINT('Origin',(56.000000834465,-210.000003129244,7.01));
#10548=CARTESIAN_POINT('Origin',(105.7,-114.785969205777,9.21));
#10549=CARTESIAN_POINT('',(106.5,-83.821938411554,9.21));
#10550=CARTESIAN_POINT('Origin',(105.7,-84.1397445703986,9.21));
#10551=CARTESIAN_POINT('',(106.5,-77.5,9.21));
#10552=CARTESIAN_POINT('',(106.5,-114.785969205777,9.21));
#10553=CARTESIAN_POINT('Origin',(105.7,-78.3,9.21));
#10554=CARTESIAN_POINT('Origin',(127.685733992055,-107.444622601977,9.21));
#10555=CARTESIAN_POINT('',(131.131669421762,-109.931507998622,9.21));
#10556=CARTESIAN_POINT('Origin',(130.368502479586,-110.28835719876,9.21));
#10557=CARTESIAN_POINT('',(128.267648914063,-106.895646260461,9.21));
#10558=CARTESIAN_POINT('Origin',(133.220297997069,-134.24343954562,9.21));
#10559=CARTESIAN_POINT('',(134.014688616425,-134.148869233792,9.21));
#10560=CARTESIAN_POINT('Origin',(161.7,-179.875,9.21));
#10561=CARTESIAN_POINT('',(162.5,-214.,9.21));
#10562=CARTESIAN_POINT('Origin',(161.7,-213.2,9.21));
#10563=CARTESIAN_POINT('',(162.5,-179.875,9.21));
#10564=CARTESIAN_POINT('Origin',(67.9144062196229,-213.2,9.21));
#10565=CARTESIAN_POINT('',(54.8288124392457,-214.,9.21));
#10566=CARTESIAN_POINT('Origin',(55.1459311953212,-213.2,9.21));
#10567=CARTESIAN_POINT('',(67.9144062196229,-214.,9.21));
#10568=CARTESIAN_POINT('Origin',(17.6249681631997,-177.908005068797,9.21));
#10569=CARTESIAN_POINT('',(-0.499999999999989,-161.95804770566,9.21));
#10570=CARTESIAN_POINT('',(17.076856399256,-178.490734417832,9.21));
#10571=CARTESIAN_POINT('Origin',(0.300000000000014,-161.612242935094,9.21));
#10572=CARTESIAN_POINT('Origin',(0.300000000000002,-112.375,9.21));
#10573=CARTESIAN_POINT('',(-0.500000000000007,-79.,9.21));
#10574=CARTESIAN_POINT('',(-0.5,-112.375,9.21));
#10575=CARTESIAN_POINT('Origin',(0.299999999999995,-79.8,9.21));
#10576=CARTESIAN_POINT('Origin',(43.5,-79.8,9.21));
#10577=CARTESIAN_POINT('',(6.00000000000001,-79.,9.21));
#10578=CARTESIAN_POINT('',(43.5,-79.,9.21));
#10579=CARTESIAN_POINT('Origin',(6.80000000000001,-79.8,9.21));
#10580=CARTESIAN_POINT('Origin',(6.80000000000001,-111.625,9.21));
#10581=CARTESIAN_POINT('',(6.00000000000001,-77.5,9.21));
#10582=CARTESIAN_POINT('',(6.00000000000001,-111.625,9.21));
#10583=CARTESIAN_POINT('Origin',(6.80000000000001,-78.3,9.21));
#10584=CARTESIAN_POINT('Origin',(93.75,-78.3,9.21));
#10585=CARTESIAN_POINT('',(93.75,-77.5,9.21));
#10586=CARTESIAN_POINT('Origin',(-0.499999999999989,-161.95804770566,7.01));
#10587=CARTESIAN_POINT('',(-0.499999999999989,-161.95804770566,7.01));
#10588=CARTESIAN_POINT('',(-0.499999999999989,-161.95804770566,7.01));
#10589=CARTESIAN_POINT('',(54.8288124392457,-214.,7.01));
#10590=CARTESIAN_POINT('',(-0.499999999999989,-161.95804770566,7.01));
#10591=CARTESIAN_POINT('',(54.8288124392457,-214.,7.01));
#10592=CARTESIAN_POINT('Origin',(-0.500000000000007,-79.,7.01));
#10593=CARTESIAN_POINT('',(-0.500000000000007,-79.,7.01));
#10594=CARTESIAN_POINT('',(-0.500000000000007,-79.,7.01));
#10595=CARTESIAN_POINT('',(-0.500000000000007,-79.,7.01));
#10596=CARTESIAN_POINT('Origin',(6.00000000000001,-79.,7.01));
#10597=CARTESIAN_POINT('',(6.00000000000001,-79.,7.01));
#10598=CARTESIAN_POINT('',(6.00000000000001,-79.,7.01));
#10599=CARTESIAN_POINT('',(-0.500000000000007,-79.,7.01));
#10600=CARTESIAN_POINT('Origin',(6.00000000000001,-77.5,7.01));
#10601=CARTESIAN_POINT('',(6.00000000000001,-77.5,7.01));
#10602=CARTESIAN_POINT('',(6.00000000000001,-77.5,7.01));
#10603=CARTESIAN_POINT('',(6.00000000000001,-77.5,7.01));
#10604=CARTESIAN_POINT('Origin',(106.5,-77.5,7.01));
#10605=CARTESIAN_POINT('',(106.5,-77.5,7.01));
#10606=CARTESIAN_POINT('',(106.5,-77.5,7.01));
#10607=CARTESIAN_POINT('',(106.5,-77.5,7.01));
#10608=CARTESIAN_POINT('Origin',(106.5,-83.821938411554,7.01));
#10609=CARTESIAN_POINT('',(106.5,-83.821938411554,7.01));
#10610=CARTESIAN_POINT('',(106.5,-83.821938411554,7.01));
#10611=CARTESIAN_POINT('',(106.5,-83.821938411554,7.01));
#10612=CARTESIAN_POINT('Origin',(19.7987164229308,-163.789393748784,7.01));
#10613=CARTESIAN_POINT('',(19.7987164229308,-163.789393748784,7.01));
#10614=CARTESIAN_POINT('',(19.7987164229308,-149.119828535392,7.01));
#10615=CARTESIAN_POINT('',(19.7987164229308,-163.789393748784,7.01));
#10616=CARTESIAN_POINT('',(19.7987164229308,-149.119828535392,7.01));
#10617=CARTESIAN_POINT('',(19.7987164229308,-163.789393748784,7.01));
#10618=CARTESIAN_POINT('Origin',(34.4682816363232,-163.789393748784,7.01));
#10619=CARTESIAN_POINT('',(34.4682816363232,-163.789393748784,7.01));
#10620=CARTESIAN_POINT('',(34.4682816363232,-163.789393748784,7.01));
#10621=CARTESIAN_POINT('',(34.4682816363232,-163.789393748784,7.01));
#10622=CARTESIAN_POINT('Origin',(34.4682816363232,-149.119828535392,7.01));
#10623=CARTESIAN_POINT('',(34.4682816363232,-149.119828535392,7.01));
#10624=CARTESIAN_POINT('',(34.4682816363232,-149.119828535392,7.01));
#10625=CARTESIAN_POINT('',(34.4682816363232,-149.119828535392,7.01));
#10626=CARTESIAN_POINT('Origin',(19.7987164229308,-149.119828535392,7.01));
#10627=CARTESIAN_POINT('',(19.7987164229308,-149.119828535392,7.01));
#10628=CARTESIAN_POINT('Origin',(84.0786447761435,-132.339588274152,7.01));
#10629=CARTESIAN_POINT('',(84.0786447761435,-132.339588274152,7.01));
#10630=CARTESIAN_POINT('',(84.0786447761435,-117.423029755699,7.01));
#10631=CARTESIAN_POINT('',(84.0786447761435,-132.339588274152,7.01));
#10632=CARTESIAN_POINT('',(84.0786447761435,-117.423029755699,7.01));
#10633=CARTESIAN_POINT('',(84.0786447761435,-132.339588274152,7.01));
#10634=CARTESIAN_POINT('Origin',(98.9952032945967,-132.339588274152,7.01));
#10635=CARTESIAN_POINT('',(98.9952032945967,-132.339588274152,7.01));
#10636=CARTESIAN_POINT('',(98.9952032945967,-132.339588274152,7.01));
#10637=CARTESIAN_POINT('',(98.9952032945967,-132.339588274152,7.01));
#10638=CARTESIAN_POINT('Origin',(98.9952032945967,-117.423029755699,7.01));
#10639=CARTESIAN_POINT('',(98.9952032945967,-117.423029755699,7.01));
#10640=CARTESIAN_POINT('',(98.9952032945967,-117.423029755699,7.01));
#10641=CARTESIAN_POINT('',(98.9952032945967,-117.423029755699,7.01));
#10642=CARTESIAN_POINT('Origin',(84.0786447761435,-117.423029755699,7.01));
#10643=CARTESIAN_POINT('',(84.0786447761435,-117.423029755699,7.01));
#10644=CARTESIAN_POINT('Origin',(41.3263150390274,-155.899996515363,7.01));
#10645=CARTESIAN_POINT('',(41.3263150390274,-155.899996515363,7.01));
#10646=CARTESIAN_POINT('',(41.3263150390274,-141.07979881447,7.01));
#10647=CARTESIAN_POINT('',(41.3263150390274,-155.899996515363,7.01));
#10648=CARTESIAN_POINT('',(41.3263150390274,-141.07979881447,7.01));
#10649=CARTESIAN_POINT('',(41.3263150390274,-155.899996515363,7.01));
#10650=CARTESIAN_POINT('Origin',(55.9999987483025,-155.899996515363,7.01));
#10651=CARTESIAN_POINT('',(55.9999987483025,-155.899996515363,7.01));
#10652=CARTESIAN_POINT('',(55.9999987483025,-155.899996515363,7.01));
#10653=CARTESIAN_POINT('',(55.9999987483025,-155.899996515363,7.01));
#10654=CARTESIAN_POINT('Origin',(55.9999987483025,-141.07979881447,7.01));
#10655=CARTESIAN_POINT('',(55.9999987483025,-141.07979881447,7.01));
#10656=CARTESIAN_POINT('',(55.9999987483025,-141.07979881447,7.01));
#10657=CARTESIAN_POINT('',(55.9999987483025,-141.07979881447,7.01));
#10658=CARTESIAN_POINT('Origin',(41.3263150390274,-141.07979881447,7.01));
#10659=CARTESIAN_POINT('',(41.3263150390274,-141.07979881447,7.01));
#10660=CARTESIAN_POINT('Origin',(77.200003489852,-132.299997042865,7.01));
#10661=CARTESIAN_POINT('',(77.200003489852,-132.299997042865,7.01));
#10662=CARTESIAN_POINT('',(62.7999985963106,-132.299997042865,7.01));
#10663=CARTESIAN_POINT('',(62.7999985963106,-132.299997042865,7.01));
#10664=CARTESIAN_POINT('',(62.7999985963106,-132.299997042865,7.01));
#10665=CARTESIAN_POINT('',(77.200003489852,-132.299997042865,7.01));
#10666=CARTESIAN_POINT('Origin',(77.200003489852,-117.700006682426,7.01));
#10667=CARTESIAN_POINT('',(77.200003489852,-117.700006682426,7.01));
#10668=CARTESIAN_POINT('',(77.200003489852,-132.299997042865,7.01));
#10669=CARTESIAN_POINT('',(77.200003489852,-117.700006682426,7.01));
#10670=CARTESIAN_POINT('Origin',(62.7999985963106,-117.700006682426,7.01));
#10671=CARTESIAN_POINT('',(62.7999985963106,-117.700006682426,7.01));
#10672=CARTESIAN_POINT('',(77.200003489852,-117.700006682426,7.01));
#10673=CARTESIAN_POINT('',(62.7999985963106,-117.700006682426,7.01));
#10674=CARTESIAN_POINT('Origin',(62.7999985963106,-132.299997042865,7.01));
#10675=CARTESIAN_POINT('',(62.7999985963106,-117.700006682426,7.01));
#10676=CARTESIAN_POINT('Origin',(120.430869430168,-132.366697874484,7.01));
#10677=CARTESIAN_POINT('',(120.430869430168,-132.366697874484,7.01));
#10678=CARTESIAN_POINT('',(105.820327572421,-132.366697874484,7.01));
#10679=CARTESIAN_POINT('',(105.820327572421,-132.366697874484,7.01));
#10680=CARTESIAN_POINT('',(105.820327572421,-132.366697874484,7.01));
#10681=CARTESIAN_POINT('',(120.430869430168,-132.366697874484,7.01));
#10682=CARTESIAN_POINT('Origin',(120.430869430168,-117.633305850807,7.01));
#10683=CARTESIAN_POINT('',(120.430869430168,-117.633305850807,7.01));
#10684=CARTESIAN_POINT('',(120.430869430168,-132.366697874484,7.01));
#10685=CARTESIAN_POINT('',(120.430869430168,-117.633305850807,7.01));
#10686=CARTESIAN_POINT('Origin',(105.820327572421,-117.633305850807,7.01));
#10687=CARTESIAN_POINT('',(105.820327572421,-117.633305850807,7.01));
#10688=CARTESIAN_POINT('',(120.430869430168,-117.633305850807,7.01));
#10689=CARTESIAN_POINT('',(105.820327572421,-117.633305850807,7.01));
#10690=CARTESIAN_POINT('Origin',(105.820327572421,-132.366697874484,7.01));
#10691=CARTESIAN_POINT('',(105.820327572421,-117.633305850807,7.01));
#10692=CARTESIAN_POINT('Origin',(120.999997295439,-141.199996843934,7.01));
#10693=CARTESIAN_POINT('',(120.999997295439,-141.199996843934,7.01));
#10694=CARTESIAN_POINT('',(120.999997295439,-155.999996513128,7.01));
#10695=CARTESIAN_POINT('',(120.999997295439,-141.199996843934,7.01));
#10696=CARTESIAN_POINT('',(120.999997295439,-155.999996513128,7.01));
#10697=CARTESIAN_POINT('',(120.999997295439,-141.199996843934,7.01));
#10698=CARTESIAN_POINT('Origin',(106.199997626245,-141.199996843934,7.01));
#10699=CARTESIAN_POINT('',(106.199997626245,-141.199996843934,7.01));
#10700=CARTESIAN_POINT('',(106.199997626245,-141.199996843934,7.01));
#10701=CARTESIAN_POINT('',(106.199997626245,-141.199996843934,7.01));
#10702=CARTESIAN_POINT('Origin',(106.199997626245,-155.999996513128,7.01));
#10703=CARTESIAN_POINT('',(106.199997626245,-155.999996513128,7.01));
#10704=CARTESIAN_POINT('',(106.199997626245,-155.999996513128,7.01));
#10705=CARTESIAN_POINT('',(106.199997626245,-155.999996513128,7.01));
#10706=CARTESIAN_POINT('Origin',(120.999997295439,-155.999996513128,7.01));
#10707=CARTESIAN_POINT('',(120.999997295439,-155.999996513128,7.01));
#10708=CARTESIAN_POINT('Origin',(99.0309389942013,-141.234051519267,7.01));
#10709=CARTESIAN_POINT('',(99.0309389942013,-141.234051519267,7.01));
#10710=CARTESIAN_POINT('',(99.0309389942013,-156.064882455233,7.01));
#10711=CARTESIAN_POINT('',(99.0309389942013,-141.234051519267,7.01));
#10712=CARTESIAN_POINT('',(99.0309389942013,-156.064882455233,7.01));
#10713=CARTESIAN_POINT('',(99.0309389942013,-141.234051519267,7.01));
#10714=CARTESIAN_POINT('Origin',(84.2001080582358,-141.234051519267,7.01));
#10715=CARTESIAN_POINT('',(84.2001080582358,-141.234051519267,7.01));
#10716=CARTESIAN_POINT('',(84.2001080582358,-141.234051519267,7.01));
#10717=CARTESIAN_POINT('',(84.2001080582358,-141.234051519267,7.01));
#10718=CARTESIAN_POINT('Origin',(84.2001080582358,-156.064882455233,7.01));
#10719=CARTESIAN_POINT('',(84.2001080582358,-156.064882455233,7.01));
#10720=CARTESIAN_POINT('',(84.2001080582358,-156.064882455233,7.01));
#10721=CARTESIAN_POINT('',(84.2001080582358,-156.064882455233,7.01));
#10722=CARTESIAN_POINT('Origin',(99.0309389942013,-156.064882455233,7.01));
#10723=CARTESIAN_POINT('',(99.0309389942013,-156.064882455233,7.01));
#10724=CARTESIAN_POINT('Origin',(77.1622104500325,-155.895717430226,7.01));
#10725=CARTESIAN_POINT('',(77.1622104500325,-155.895717430226,7.01));
#10726=CARTESIAN_POINT('',(62.2612666687933,-155.895717430226,7.01));
#10727=CARTESIAN_POINT('',(62.2612666687933,-155.895717430226,7.01));
#10728=CARTESIAN_POINT('',(62.2612666687933,-155.895717430226,7.01));
#10729=CARTESIAN_POINT('',(77.1622104500325,-155.895717430226,7.01));
#10730=CARTESIAN_POINT('Origin',(77.1622104500325,-140.994773648987,7.01));
#10731=CARTESIAN_POINT('',(77.1622104500325,-140.994773648987,7.01));
#10732=CARTESIAN_POINT('',(77.1622104500325,-155.895717430226,7.01));
#10733=CARTESIAN_POINT('',(77.1622104500325,-140.994773648987,7.01));
#10734=CARTESIAN_POINT('Origin',(62.2612666687933,-140.994773648987,7.01));
#10735=CARTESIAN_POINT('',(62.2612666687933,-140.994773648987,7.01));
#10736=CARTESIAN_POINT('',(77.1622104500325,-140.994773648987,7.01));
#10737=CARTESIAN_POINT('',(62.2612666687933,-140.994773648987,7.01));
#10738=CARTESIAN_POINT('Origin',(62.2612666687933,-155.895717430226,7.01));
#10739=CARTESIAN_POINT('',(62.2612666687933,-140.994773648987,7.01));
#10740=CARTESIAN_POINT('Origin',(119.499997328967,-164.599996320903,7.01));
#10741=CARTESIAN_POINT('',(119.499997328967,-164.599996320903,7.01));
#10742=CARTESIAN_POINT('',(119.499997328967,-179.299995992333,7.01));
#10743=CARTESIAN_POINT('',(119.499997328967,-164.599996320903,7.01));
#10744=CARTESIAN_POINT('',(119.499997328967,-179.299995992333,7.01));
#10745=CARTESIAN_POINT('',(119.499997328967,-164.599996320903,7.01));
#10746=CARTESIAN_POINT('Origin',(104.799997657537,-164.599996320903,7.01));
#10747=CARTESIAN_POINT('',(104.799997657537,-164.599996320903,7.01));
#10748=CARTESIAN_POINT('',(104.799997657537,-164.599996320903,7.01));
#10749=CARTESIAN_POINT('',(104.799997657537,-164.599996320903,7.01));
#10750=CARTESIAN_POINT('Origin',(104.799997657537,-179.299995992333,7.01));
#10751=CARTESIAN_POINT('',(104.799997657537,-179.299995992333,7.01));
#10752=CARTESIAN_POINT('',(104.799997657537,-179.299995992333,7.01));
#10753=CARTESIAN_POINT('',(104.799997657537,-179.299995992333,7.01));
#10754=CARTESIAN_POINT('Origin',(119.499997328967,-179.299995992333,7.01));
#10755=CARTESIAN_POINT('',(119.499997328967,-179.299995992333,7.01));
#10756=CARTESIAN_POINT('Origin',(97.9999978095293,-165.099996309727,7.01));
#10757=CARTESIAN_POINT('',(97.9999978095293,-165.099996309727,7.01));
#10758=CARTESIAN_POINT('',(97.9999978095293,-179.799995981157,7.01));
#10759=CARTESIAN_POINT('',(97.9999978095293,-165.099996309727,7.01));
#10760=CARTESIAN_POINT('',(97.9999978095293,-179.799995981157,7.01));
#10761=CARTESIAN_POINT('',(97.9999978095293,-165.099996309727,7.01));
#10762=CARTESIAN_POINT('Origin',(83.2999981380999,-165.099996309727,7.01));
#10763=CARTESIAN_POINT('',(83.2999981380999,-165.099996309727,7.01));
#10764=CARTESIAN_POINT('',(83.2999981380999,-165.099996309727,7.01));
#10765=CARTESIAN_POINT('',(83.2999981380999,-165.099996309727,7.01));
#10766=CARTESIAN_POINT('Origin',(83.2999981380999,-179.799995981157,7.01));
#10767=CARTESIAN_POINT('',(83.2999981380999,-179.799995981157,7.01));
#10768=CARTESIAN_POINT('',(83.2999981380999,-179.799995981157,7.01));
#10769=CARTESIAN_POINT('',(83.2999981380999,-179.799995981157,7.01));
#10770=CARTESIAN_POINT('Origin',(97.9999978095293,-179.799995981157,7.01));
#10771=CARTESIAN_POINT('',(97.9999978095293,-179.799995981157,7.01));
#10772=CARTESIAN_POINT('Origin',(76.9999982789159,-165.099996309727,7.01));
#10773=CARTESIAN_POINT('',(76.9999982789159,-165.099996309727,7.01));
#10774=CARTESIAN_POINT('',(76.9999982789159,-179.799995981157,7.01));
#10775=CARTESIAN_POINT('',(76.9999982789159,-165.099996309727,7.01));
#10776=CARTESIAN_POINT('',(76.9999982789159,-179.799995981157,7.01));
#10777=CARTESIAN_POINT('',(76.9999982789159,-165.099996309727,7.01));
#10778=CARTESIAN_POINT('Origin',(62.2999986074865,-165.099996309727,7.01));
#10779=CARTESIAN_POINT('',(62.2999986074865,-165.099996309727,7.01));
#10780=CARTESIAN_POINT('',(62.2999986074865,-165.099996309727,7.01));
#10781=CARTESIAN_POINT('',(62.2999986074865,-165.099996309727,7.01));
#10782=CARTESIAN_POINT('Origin',(62.2999986074865,-179.799995981157,7.01));
#10783=CARTESIAN_POINT('',(62.2999986074865,-179.799995981157,7.01));
#10784=CARTESIAN_POINT('',(62.2999986074865,-179.799995981157,7.01));
#10785=CARTESIAN_POINT('',(62.2999986074865,-179.799995981157,7.01));
#10786=CARTESIAN_POINT('Origin',(76.9999982789159,-179.799995981157,7.01));
#10787=CARTESIAN_POINT('',(76.9999982789159,-179.799995981157,7.01));
#10788=CARTESIAN_POINT('Origin',(41.1167224398129,-132.310448052547,7.01));
#10789=CARTESIAN_POINT('',(41.1167224398129,-132.310448052547,7.01));
#10790=CARTESIAN_POINT('',(41.1167224398129,-117.434197846111,7.01));
#10791=CARTESIAN_POINT('',(41.1167224398129,-132.310448052547,7.01));
#10792=CARTESIAN_POINT('',(41.1167224398129,-117.434197846111,7.01));
#10793=CARTESIAN_POINT('',(41.1167224398129,-132.310448052547,7.01));
#10794=CARTESIAN_POINT('Origin',(55.9929726462484,-132.310448052547,7.01));
#10795=CARTESIAN_POINT('',(55.9929726462484,-132.310448052547,7.01));
#10796=CARTESIAN_POINT('',(55.9929726462484,-132.310448052547,7.01));
#10797=CARTESIAN_POINT('',(55.9929726462484,-132.310448052547,7.01));
#10798=CARTESIAN_POINT('Origin',(55.9929726462484,-117.434197846111,7.01));
#10799=CARTESIAN_POINT('',(55.9929726462484,-117.434197846111,7.01));
#10800=CARTESIAN_POINT('',(55.9929726462484,-117.434197846111,7.01));
#10801=CARTESIAN_POINT('',(55.9929726462484,-117.434197846111,7.01));
#10802=CARTESIAN_POINT('Origin',(41.1167224398129,-117.434197846111,7.01));
#10803=CARTESIAN_POINT('',(41.1167224398129,-117.434197846111,7.01));
#10804=CARTESIAN_POINT('Origin',(113.299997467548,-187.599995806813,7.01));
#10805=CARTESIAN_POINT('',(113.299997467548,-187.599995806813,7.01));
#10806=CARTESIAN_POINT('',(113.299997467548,-202.299995478243,7.01));
#10807=CARTESIAN_POINT('',(113.299997467548,-187.599995806813,7.01));
#10808=CARTESIAN_POINT('',(113.299997467548,-202.299995478243,7.01));
#10809=CARTESIAN_POINT('',(113.299997467548,-187.599995806813,7.01));
#10810=CARTESIAN_POINT('Origin',(98.5999977961183,-187.599995806813,7.01));
#10811=CARTESIAN_POINT('',(98.5999977961183,-187.599995806813,7.01));
#10812=CARTESIAN_POINT('',(98.5999977961183,-187.599995806813,7.01));
#10813=CARTESIAN_POINT('',(98.5999977961183,-187.599995806813,7.01));
#10814=CARTESIAN_POINT('Origin',(98.5999977961183,-202.299995478243,7.01));
#10815=CARTESIAN_POINT('',(98.5999977961183,-202.299995478243,7.01));
#10816=CARTESIAN_POINT('',(98.5999977961183,-202.299995478243,7.01));
#10817=CARTESIAN_POINT('',(98.5999977961183,-202.299995478243,7.01));
#10818=CARTESIAN_POINT('Origin',(113.299997467548,-202.299995478243,7.01));
#10819=CARTESIAN_POINT('',(113.299997467548,-202.299995478243,7.01));
#10820=CARTESIAN_POINT('Origin',(55.4999987594783,-165.099996309727,7.01));
#10821=CARTESIAN_POINT('',(55.4999987594783,-165.099996309727,7.01));
#10822=CARTESIAN_POINT('',(55.4999987594783,-179.799995981157,7.01));
#10823=CARTESIAN_POINT('',(55.4999987594783,-165.099996309727,7.01));
#10824=CARTESIAN_POINT('',(55.4999987594783,-179.799995981157,7.01));
#10825=CARTESIAN_POINT('',(55.4999987594783,-165.099996309727,7.01));
#10826=CARTESIAN_POINT('Origin',(40.7999990880489,-165.099996309727,7.01));
#10827=CARTESIAN_POINT('',(40.7999990880489,-165.099996309727,7.01));
#10828=CARTESIAN_POINT('',(40.7999990880489,-165.099996309727,7.01));
#10829=CARTESIAN_POINT('',(40.7999990880489,-165.099996309727,7.01));
#10830=CARTESIAN_POINT('Origin',(40.7999990880489,-179.799995981157,7.01));
#10831=CARTESIAN_POINT('',(40.7999990880489,-179.799995981157,7.01));
#10832=CARTESIAN_POINT('',(40.7999990880489,-179.799995981157,7.01));
#10833=CARTESIAN_POINT('',(40.7999990880489,-179.799995981157,7.01));
#10834=CARTESIAN_POINT('Origin',(55.4999987594783,-179.799995981157,7.01));
#10835=CARTESIAN_POINT('',(55.4999987594783,-179.799995981157,7.01));
#10836=CARTESIAN_POINT('Origin',(145.299996752292,-171.099996175617,7.01));
#10837=CARTESIAN_POINT('',(145.299996752292,-171.099996175617,7.01));
#10838=CARTESIAN_POINT('',(145.299996752292,-185.799995847046,7.01));
#10839=CARTESIAN_POINT('',(145.299996752292,-171.099996175617,7.01));
#10840=CARTESIAN_POINT('',(145.299996752292,-185.799995847046,7.01));
#10841=CARTESIAN_POINT('',(145.299996752292,-171.099996175617,7.01));
#10842=CARTESIAN_POINT('Origin',(130.599997080863,-171.099996175617,7.01));
#10843=CARTESIAN_POINT('',(130.599997080863,-171.099996175617,7.01));
#10844=CARTESIAN_POINT('',(130.599997080863,-171.099996175617,7.01));
#10845=CARTESIAN_POINT('',(130.599997080863,-171.099996175617,7.01));
#10846=CARTESIAN_POINT('Origin',(130.599997080863,-185.799995847046,7.01));
#10847=CARTESIAN_POINT('',(130.599997080863,-185.799995847046,7.01));
#10848=CARTESIAN_POINT('',(130.599997080863,-185.799995847046,7.01));
#10849=CARTESIAN_POINT('',(130.599997080863,-185.799995847046,7.01));
#10850=CARTESIAN_POINT('Origin',(145.299996752292,-185.799995847046,7.01));
#10851=CARTESIAN_POINT('',(145.299996752292,-185.799995847046,7.01));
#10852=CARTESIAN_POINT('Origin',(145.799996741116,-148.099996689707,7.01));
#10853=CARTESIAN_POINT('',(145.799996741116,-148.099996689707,7.01));
#10854=CARTESIAN_POINT('',(145.799996741116,-162.799996361136,7.01));
#10855=CARTESIAN_POINT('',(145.799996741116,-148.099996689707,7.01));
#10856=CARTESIAN_POINT('',(145.799996741116,-162.799996361136,7.01));
#10857=CARTESIAN_POINT('',(145.799996741116,-148.099996689707,7.01));
#10858=CARTESIAN_POINT('Origin',(131.099997069687,-148.099996689707,7.01));
#10859=CARTESIAN_POINT('',(131.099997069687,-148.099996689707,7.01));
#10860=CARTESIAN_POINT('',(131.099997069687,-148.099996689707,7.01));
#10861=CARTESIAN_POINT('',(131.099997069687,-148.099996689707,7.01));
#10862=CARTESIAN_POINT('Origin',(131.099997069687,-162.799996361136,7.01));
#10863=CARTESIAN_POINT('',(131.099997069687,-162.799996361136,7.01));
#10864=CARTESIAN_POINT('',(131.099997069687,-162.799996361136,7.01));
#10865=CARTESIAN_POINT('',(131.099997069687,-162.799996361136,7.01));
#10866=CARTESIAN_POINT('Origin',(145.799996741116,-162.799996361136,7.01));
#10867=CARTESIAN_POINT('',(145.799996741116,-162.799996361136,7.01));
#10868=CARTESIAN_POINT('Origin',(131.131669421762,-109.931507998622,7.01));
#10869=CARTESIAN_POINT('',(131.131669421762,-109.931507998622,7.01));
#10870=CARTESIAN_POINT('',(131.131669421762,-109.931507998622,7.01));
#10871=CARTESIAN_POINT('',(131.131669421762,-109.931507998622,7.01));
#10872=CARTESIAN_POINT('Origin',(133.39374381738,-128.932932921807,7.01));
#10873=CARTESIAN_POINT('',(133.39374381738,-128.932932921807,7.01));
#10874=CARTESIAN_POINT('',(133.39374381738,-128.932932921807,7.01));
#10875=CARTESIAN_POINT('',(133.39374381738,-128.932932921807,7.01));
#10876=CARTESIAN_POINT('Origin',(162.5,-141.18819868291,7.01));
#10877=CARTESIAN_POINT('',(162.5,-141.18819868291,7.01));
#10878=CARTESIAN_POINT('',(162.5,-141.18819868291,7.01));
#10879=CARTESIAN_POINT('',(162.5,-141.18819868291,7.01));
#10880=CARTESIAN_POINT('Origin',(162.5,-214.,7.01));
#10881=CARTESIAN_POINT('',(162.5,-214.,7.01));
#10882=CARTESIAN_POINT('',(162.5,-214.,7.01));
#10883=CARTESIAN_POINT('',(162.5,-214.,7.01));
#10884=CARTESIAN_POINT('Origin',(54.8288124392457,-214.,7.01));
#10885=CARTESIAN_POINT('',(54.8288124392457,-214.,7.01));
#10886=CARTESIAN_POINT('Origin',(81.,-145.75,7.01));
#10887=CARTESIAN_POINT('Origin',(229.8,-89.6809841310621,9.21));
#10888=CARTESIAN_POINT('',(229.8,-134.703512134294,10.01));
#10889=CARTESIAN_POINT('',(229.8,-85.1527781442586,10.01));
#10890=CARTESIAN_POINT('',(229.8,-89.6809841310621,10.01));
#10891=CARTESIAN_POINT('',(229.,-84.8364201602873,9.21));
#10892=CARTESIAN_POINT('Origin',(229.8,-85.1527781442586,9.21));
#10893=CARTESIAN_POINT('',(229.,-135.170569038105,9.21));
#10894=CARTESIAN_POINT('',(229.,-89.6809841310621,9.21));
#10895=CARTESIAN_POINT('Origin',(229.8,-134.703512134294,9.21));
#10896=CARTESIAN_POINT('Origin',(272.887537553362,-39.192738087339,9.21));
#10897=CARTESIAN_POINT('',(282.3,-29.1527781442586,10.01));
#10898=CARTESIAN_POINT('',(272.887537553362,-39.192738087339,10.01));
#10899=CARTESIAN_POINT('',(281.5,-28.8364201602873,9.21));
#10900=CARTESIAN_POINT('Origin',(282.3,-29.1527781442586,9.21));
#10901=CARTESIAN_POINT('',(272.30390779005,-38.645585184234,9.21));
#10902=CARTESIAN_POINT('Origin',(282.3,-58.5127740509185,9.21));
#10903=CARTESIAN_POINT('',(282.3,-23.3,10.01));
#10904=CARTESIAN_POINT('',(282.3,-58.5127740509185,10.01));
#10905=CARTESIAN_POINT('',(281.5,-22.5,9.21));
#10906=CARTESIAN_POINT('Origin',(282.3,-23.3,9.21));
#10907=CARTESIAN_POINT('',(281.5,-58.5127740509185,9.21));
#10908=CARTESIAN_POINT('Origin',(353.875,-23.3,9.21));
#10909=CARTESIAN_POINT('',(394.695392077471,-23.3,10.01));
#10910=CARTESIAN_POINT('',(353.875,-23.3,10.01));
#10911=CARTESIAN_POINT('',(395.5,-22.5,9.21));
#10912=CARTESIAN_POINT('Origin',(394.695392077471,-23.3,9.21));
#10913=CARTESIAN_POINT('',(353.875,-22.5,9.21));
#10914=CARTESIAN_POINT('Origin',(394.228854584465,-104.530053167125,9.21));
#10915=CARTESIAN_POINT('',(394.687923235728,-24.6004194111382,10.01));
#10916=CARTESIAN_POINT('',(394.87298895875,-25.8925861351387,9.98649849517598));
#10917=CARTESIAN_POINT('Ctrl Pts',(394.687923235728,-24.6004194111382,10.01));
#10918=CARTESIAN_POINT('Ctrl Pts',(394.689099472517,-24.604488460172,10.01));
#10919=CARTESIAN_POINT('Ctrl Pts',(394.690270545313,-24.6085590074471,10.0099973018915));
#10920=CARTESIAN_POINT('Ctrl Pts',(394.738802410395,-24.7780629115147,10.0097755639288));
#10921=CARTESIAN_POINT('Ctrl Pts',(394.777600969664,-24.9458978087804,10.0053251770309));
#10922=CARTESIAN_POINT('Ctrl Pts',(394.833362365924,-25.2686611424541,9.99643339226806));
#10923=CARTESIAN_POINT('Ctrl Pts',(394.852046110739,-25.4225285887681,9.99206886200291));
#10924=CARTESIAN_POINT('Ctrl Pts',(394.869837186664,-25.6824157998274,9.98760708806373));
#10925=CARTESIAN_POINT('Ctrl Pts',(394.873291082444,-25.7873781858734,9.98657338775649));
#10926=CARTESIAN_POINT('Ctrl Pts',(394.87298895875,-25.8925861350554,9.98649849517598));
#10927=CARTESIAN_POINT('',(394.672947415219,-27.2078983690865,10.01));
#10928=CARTESIAN_POINT('Ctrl Pts',(394.87298895875,-25.8925861350554,9.98649849517598));
#10929=CARTESIAN_POINT('Ctrl Pts',(394.872976823835,-25.8968118527804,9.98649548708669));
#10930=CARTESIAN_POINT('Ctrl Pts',(394.872958620966,-25.9010379666076,9.98649398235028));
#10931=CARTESIAN_POINT('Ctrl Pts',(394.87230570393,-26.0147190454737,9.98649398235028));
#10932=CARTESIAN_POINT('Ctrl Pts',(394.867614587153,-26.1238515937296,9.98753472610691));
#10933=CARTESIAN_POINT('Ctrl Pts',(394.846502571337,-26.3877286148099,9.99206886200291));
#10934=CARTESIAN_POINT('Ctrl Pts',(394.826052669779,-26.5413713005511,9.99643339226806));
#10935=CARTESIAN_POINT('Ctrl Pts',(394.766587550191,-26.8634728411832,10.0053251770329));
#10936=CARTESIAN_POINT('Ctrl Pts',(394.725863724872,-27.0308510087972,10.0097755639289));
#10937=CARTESIAN_POINT('Ctrl Pts',(394.675388064948,-27.1997862719692,10.0099973018914));
#10938=CARTESIAN_POINT('Ctrl Pts',(394.674170313296,-27.203843099289,10.01));
#10939=CARTESIAN_POINT('Ctrl Pts',(394.672947415219,-27.2078983690865,10.01));
#10940=CARTESIAN_POINT('',(394.176409527891,-113.661398016582,10.01));
#10941=CARTESIAN_POINT('',(394.228854584465,-104.530053167125,10.01));
#10942=CARTESIAN_POINT('',(394.974087439222,-114.068000243689,9.21));
#10943=CARTESIAN_POINT('Origin',(394.176409527891,-113.661398016582,9.21));
#10944=CARTESIAN_POINT('',(395.028841390088,-104.534647819279,9.21));
#10945=CARTESIAN_POINT('',(394.228854584465,-104.530053167125,10.01));
#10946=CARTESIAN_POINT('Origin',(336.594355297351,-155.975483322357,9.21));
#10947=CARTESIAN_POINT('',(323.553791906045,-166.551096203674,9.21));
#10948=CARTESIAN_POINT('',(337.068081171595,-156.620141213081,9.21));
#10949=CARTESIAN_POINT('',(323.298412715441,-165.745986583306,10.01));
#10950=CARTESIAN_POINT('',(336.594355297351,-155.975483322357,10.01));
#10951=CARTESIAN_POINT('Origin',(323.298412715441,-165.745986583306,9.21));
#10952=CARTESIAN_POINT('Origin',(286.765279990552,-165.036605365347,9.21));
#10953=CARTESIAN_POINT('',(322.669912282291,-165.733782691401,10.01));
#10954=CARTESIAN_POINT('',(322.27310146655,-165.726077627017,10.01));
#10955=CARTESIAN_POINT('Ctrl Pts',(322.669912282291,-165.733782691394,10.01));
#10956=CARTESIAN_POINT('Ctrl Pts',(322.657438267569,-165.73405684537,10.01));
#10957=CARTESIAN_POINT('Ctrl Pts',(322.644963370201,-165.734282399849,10.0099995046479));
#10958=CARTESIAN_POINT('Ctrl Pts',(322.578798869553,-165.735220642783,10.0099956066707));
#10959=CARTESIAN_POINT('Ctrl Pts',(322.525111797936,-165.735080877507,10.0099894471379));
#10960=CARTESIAN_POINT('Ctrl Pts',(322.417742405404,-165.732996034933,10.0099894471379));
#10961=CARTESIAN_POINT('Ctrl Pts',(322.364090377047,-165.731051545844,10.0099956066707));
#10962=CARTESIAN_POINT('Ctrl Pts',(322.298012173844,-165.727545483427,10.0099995046478));
#10963=CARTESIAN_POINT('Ctrl Pts',(322.285555435361,-165.726835819495,10.01));
#10964=CARTESIAN_POINT('Ctrl Pts',(322.27310146655,-165.726077627017,10.01));
#10965=CARTESIAN_POINT('',(263.328938266434,-164.581530768763,10.01));
#10966=CARTESIAN_POINT('',(286.765279990552,-165.036605365347,10.01));
#10967=CARTESIAN_POINT('',(262.643264740483,-165.368367520847,9.21));
#10968=CARTESIAN_POINT('Origin',(263.328938266434,-164.581530768763,9.21));
#10969=CARTESIAN_POINT('',(286.749748937595,-165.836454592636,9.21));
#10970=CARTESIAN_POINT('',(286.765279990552,-165.036605365347,10.01));
#10971=CARTESIAN_POINT('Origin',(257.608764031791,-128.353760616023,9.21));
#10972=CARTESIAN_POINT('',(260.700815793568,-153.066190857054,9.21));
#10973=CARTESIAN_POINT('',(256.818553659528,-128.478530674802,9.21));
#10974=CARTESIAN_POINT('',(261.430734214211,-152.559571771349,10.01));
#10975=CARTESIAN_POINT('',(257.608764031791,-128.353760616023,10.01));
#10976=CARTESIAN_POINT('Origin',(261.430734214211,-152.559571771349,9.21));
#10977=CARTESIAN_POINT('Origin',(252.259058150605,-147.382012703184,9.21));
#10978=CARTESIAN_POINT('',(251.865782656175,-148.078672150461,9.21));
#10979=CARTESIAN_POINT('',(252.259058150605,-147.382012703184,10.01));
#10980=CARTESIAN_POINT('Origin',(323.553791906045,-166.551096203674,7.01));
#10981=CARTESIAN_POINT('',(323.553791906045,-166.551096203674,7.01));
#10982=CARTESIAN_POINT('',(323.553791906045,-166.551096203674,7.01));
#10983=CARTESIAN_POINT('',(394.974087439222,-114.068000243689,7.01));
#10984=CARTESIAN_POINT('',(394.974087439222,-114.068000243689,7.01));
#10985=CARTESIAN_POINT('',(394.974087439222,-114.068000243689,7.01));
#10986=CARTESIAN_POINT('Origin',(262.643264740483,-165.368367520847,7.01));
#10987=CARTESIAN_POINT('',(262.643264740483,-165.368367520847,7.01));
#10988=CARTESIAN_POINT('',(262.643264740483,-165.368367520847,7.01));
#10989=CARTESIAN_POINT('',(323.553791906045,-166.551096203674,7.01));
#10990=CARTESIAN_POINT('Origin',(260.700815793568,-153.066190857054,7.01));
#10991=CARTESIAN_POINT('',(260.700815793568,-153.066190857054,7.01));
#10992=CARTESIAN_POINT('',(260.700815793568,-153.066190857054,7.01));
#10993=CARTESIAN_POINT('',(262.643264740483,-165.368367520847,7.01));
#10994=CARTESIAN_POINT('Origin',(229.,-135.170569038105,7.01));
#10995=CARTESIAN_POINT('',(229.,-135.170569038105,7.01));
#10996=CARTESIAN_POINT('',(229.,-135.170569038105,7.01));
#10997=CARTESIAN_POINT('',(229.,-135.170569038105,7.01));
#10998=CARTESIAN_POINT('Origin',(229.,-84.8364201602873,7.01));
#10999=CARTESIAN_POINT('',(229.,-84.8364201602873,7.01));
#11000=CARTESIAN_POINT('',(229.,-84.8364201602873,7.01));
#11001=CARTESIAN_POINT('',(229.,-135.170569038105,7.01));
#11002=CARTESIAN_POINT('Origin',(392.665472950264,-25.892586135222,9.21));
#11003=CARTESIAN_POINT('Origin',(392.665472950264,-25.892586135222,10.01));
#11004=CARTESIAN_POINT('',(394.265472950264,-25.892586135222,9.21));
#11005=CARTESIAN_POINT('Origin',(395.065472950264,-25.892586135222,9.21));
#11006=CARTESIAN_POINT('Origin',(392.665472950264,-25.892586135222,9.21));
#11007=CARTESIAN_POINT('Origin',(312.25,-94.525548101837,10.01));
#11008=CARTESIAN_POINT('',(324.917940487776,-163.338599071368,10.01));
#11009=CARTESIAN_POINT('Origin',(322.517940487776,-163.338599071368,10.01));
#11010=CARTESIAN_POINT('Origin',(322.517940487776,-163.338599071368,10.01));
#11011=CARTESIAN_POINT('',(317.349181630182,-103.599997702241,10.01));
#11012=CARTESIAN_POINT('',(333.699992559105,-103.599997702241,10.01));
#11013=CARTESIAN_POINT('',(322.574996279553,-103.599997702241,10.01));
#11014=CARTESIAN_POINT('',(317.349181630182,-87.3081714861591,10.01));
#11015=CARTESIAN_POINT('',(317.349181630182,-98.662772902039,10.01));
#11016=CARTESIAN_POINT('',(333.699992559105,-87.3081714861591,10.01));
#11017=CARTESIAN_POINT('',(315.199590815091,-87.3081714861591,10.01));
#11018=CARTESIAN_POINT('',(333.699992559105,-91.316859793998,10.01));
#11019=CARTESIAN_POINT('',(289.199993553758,-62.3085418450656,10.01));
#11020=CARTESIAN_POINT('',(272.851326109368,-62.3085418450656,10.01));
#11021=CARTESIAN_POINT('',(292.950663054684,-62.3085418450656,10.01));
#11022=CARTESIAN_POINT('',(289.199993553758,-78.5999982610345,10.01));
#11023=CARTESIAN_POINT('',(289.199993553758,-78.8170449734513,10.01));
#11024=CARTESIAN_POINT('',(272.851326109368,-78.5999982610345,10.01));
#11025=CARTESIAN_POINT('',(300.324996776879,-78.5999982610345,10.01));
#11026=CARTESIAN_POINT('',(272.851326109368,-86.1627731814357,10.01));
#11027=CARTESIAN_POINT('',(276.299993806332,-150.099996662885,10.01));
#11028=CARTESIAN_POINT('',(292.599993477762,-150.099996662885,10.01));
#11029=CARTESIAN_POINT('',(302.024996738881,-150.099996662885,10.01));
#11030=CARTESIAN_POINT('',(276.299993806332,-133.799996991456,10.01));
#11031=CARTESIAN_POINT('',(276.299993806332,-121.912772382361,10.01));
#11032=CARTESIAN_POINT('',(292.599993477762,-133.799996991456,10.01));
#11033=CARTESIAN_POINT('',(294.674996903166,-133.799996991456,10.01));
#11034=CARTESIAN_POINT('',(292.599993477762,-114.562772546646,10.01));
#11035=CARTESIAN_POINT('',(393.931384294523,-112.028002573774,10.01));
#11036=CARTESIAN_POINT('Origin',(391.531384294523,-112.028002573774,10.01));
#11037=CARTESIAN_POINT('',(359.399991948903,-113.699997476488,10.01));
#11038=CARTESIAN_POINT('',(375.699991620332,-113.699997476488,10.01));
#11039=CARTESIAN_POINT('',(343.574995810166,-113.699997476488,10.01));
#11040=CARTESIAN_POINT('',(359.399991948903,-97.399997805059,10.01));
#11041=CARTESIAN_POINT('',(359.399991948903,-103.712772789163,10.01));
#11042=CARTESIAN_POINT('',(375.699991620332,-97.399997805059,10.01));
#11043=CARTESIAN_POINT('',(336.224995974451,-97.399997805059,10.01));
#11044=CARTESIAN_POINT('',(375.699991620332,-96.362772953448,10.01));
#11045=CARTESIAN_POINT('',(235.145120896397,-133.04184829057,10.01));
#11046=CARTESIAN_POINT('Origin',(232.745120896397,-133.04184829057,10.01));
#11047=CARTESIAN_POINT('',(316.750081645883,-79.1999982476234,10.01));
#11048=CARTESIAN_POINT('',(333.099992572516,-79.1999982476234,10.01));
#11049=CARTESIAN_POINT('',(322.274996286258,-79.1999982476234,10.01));
#11050=CARTESIAN_POINT('',(316.750081645883,-62.893398483092,10.01));
#11051=CARTESIAN_POINT('',(316.750081645883,-86.4627731747302,10.01));
#11052=CARTESIAN_POINT('',(333.099992572516,-62.893398483092,10.01));
#11053=CARTESIAN_POINT('',(314.900040822941,-62.893398483092,10.01));
#11054=CARTESIAN_POINT('',(333.099992572516,-79.1094732924645,10.01));
#11055=CARTESIAN_POINT('',(338.799992409349,-103.099997713417,10.01));
#11056=CARTESIAN_POINT('',(355.199992078543,-103.099997713417,10.01));
#11057=CARTESIAN_POINT('',(333.324996039271,-103.099997713417,10.01));
#11058=CARTESIAN_POINT('',(338.799992409349,-86.7999980419874,10.01));
#11059=CARTESIAN_POINT('',(338.799992409349,-98.4127729076269,10.01));
#11060=CARTESIAN_POINT('',(355.199992078543,-86.7999980419874,10.01));
#11061=CARTESIAN_POINT('',(325.924996204674,-86.7999980419874,10.01));
#11062=CARTESIAN_POINT('',(355.199992078543,-91.0627730719122,10.01));
#11063=CARTESIAN_POINT('',(337.299992442876,-79.1999982476234,10.01));
#11064=CARTESIAN_POINT('',(353.654471591188,-79.1999982476234,10.01));
#11065=CARTESIAN_POINT('',(332.552235795594,-79.1999982476234,10.01));
#11066=CARTESIAN_POINT('',(337.299992442876,-62.8999985761941,10.01));
#11067=CARTESIAN_POINT('',(337.299992442876,-86.4627731747302,10.01));
#11068=CARTESIAN_POINT('',(353.654471591188,-62.8999985761941,10.01));
#11069=CARTESIAN_POINT('',(325.174996221438,-62.8999985761941,10.01));
#11070=CARTESIAN_POINT('',(353.654471591188,-79.1127733390155,10.01));
#11071=CARTESIAN_POINT('',(273.34999387227,-103.599997702241,10.01));
#11072=CARTESIAN_POINT('',(289.699993542582,-103.599997702241,10.01));
#11073=CARTESIAN_POINT('',(300.574996771291,-103.599997702241,10.01));
#11074=CARTESIAN_POINT('',(273.34999387227,-87.2999980308116,10.01));
#11075=CARTESIAN_POINT('',(273.34999387227,-98.662772902039,10.01));
#11076=CARTESIAN_POINT('',(289.699993542582,-87.2999980308116,10.01));
#11077=CARTESIAN_POINT('',(293.199996936135,-87.2999980308116,10.01));
#11078=CARTESIAN_POINT('',(289.699993542582,-91.3127730663243,10.01));
#11079=CARTESIAN_POINT('',(295.399993379414,-79.1999982476234,10.01));
#11080=CARTESIAN_POINT('',(311.699993050843,-79.1999982476234,10.01));
#11081=CARTESIAN_POINT('',(311.574996525422,-79.1999982476234,10.01));
#11082=CARTESIAN_POINT('',(295.399993379414,-62.8999985761941,10.01));
#11083=CARTESIAN_POINT('',(295.399993379414,-86.4627731747302,10.01));
#11084=CARTESIAN_POINT('',(311.699993050843,-62.8999985761941,10.01));
#11085=CARTESIAN_POINT('',(304.224996689707,-62.8999985761941,10.01));
#11086=CARTESIAN_POINT('',(311.699993050843,-79.1127733390155,10.01));
#11087=CARTESIAN_POINT('',(287.500004246831,-26.0000003874302,10.01));
#11088=CARTESIAN_POINT('Origin',(285.000004246831,-26.0000003874302,10.01));
#11089=CARTESIAN_POINT('',(266.131052224801,-151.036173932425,10.01));
#11090=CARTESIAN_POINT('Origin',(263.731052224801,-151.036173932425,10.01));
#11091=CARTESIAN_POINT('',(274.399993848801,-127.599997165799,10.01));
#11092=CARTESIAN_POINT('',(290.69999352023,-127.599997165799,10.01));
#11093=CARTESIAN_POINT('',(301.074996760115,-127.599997165799,10.01));
#11094=CARTESIAN_POINT('',(274.399993848801,-111.29999749437,10.01));
#11095=CARTESIAN_POINT('',(274.399993848801,-110.662772633818,10.01));
#11096=CARTESIAN_POINT('',(290.69999352023,-111.29999749437,10.01));
#11097=CARTESIAN_POINT('',(293.7249969244,-111.29999749437,10.01));
#11098=CARTESIAN_POINT('',(290.69999352023,-103.312772798103,10.01));
#11099=CARTESIAN_POINT('',(338.349992419407,-127.699997163564,10.01));
#11100=CARTESIAN_POINT('',(354.699992089719,-127.699997163564,10.01));
#11101=CARTESIAN_POINT('',(333.074996044859,-127.699997163564,10.01));
#11102=CARTESIAN_POINT('',(338.349992419407,-111.399997492135,10.01));
#11103=CARTESIAN_POINT('',(338.349992419407,-110.7127726327,10.01));
#11104=CARTESIAN_POINT('',(354.699992089719,-111.399997492135,10.01));
#11105=CARTESIAN_POINT('',(325.699996209703,-111.399997492135,10.01));
#11106=CARTESIAN_POINT('',(354.699992089719,-103.362772796986,10.01));
#11107=CARTESIAN_POINT('',(316.875448451121,-127.799997161329,10.01));
#11108=CARTESIAN_POINT('',(333.199992570281,-127.799997161329,10.01));
#11109=CARTESIAN_POINT('',(322.324996285141,-127.799997161329,10.01));
#11110=CARTESIAN_POINT('',(316.875448451121,-111.505576884048,10.01));
#11111=CARTESIAN_POINT('',(316.875448451121,-110.762772631583,10.01));
#11112=CARTESIAN_POINT('',(333.199992570281,-111.505576884048,10.01));
#11113=CARTESIAN_POINT('',(314.962724225561,-111.505576884048,10.01));
#11114=CARTESIAN_POINT('',(333.199992570281,-103.415562492943,10.01));
#11115=CARTESIAN_POINT('',(234.946105313261,-85.8558676193793,10.01));
#11116=CARTESIAN_POINT('Origin',(232.546105313261,-85.8558676193793,10.01));
#11117=CARTESIAN_POINT('',(295.299993381649,-103.599997702241,10.01));
#11118=CARTESIAN_POINT('',(311.699993050843,-103.599997702241,10.01));
#11119=CARTESIAN_POINT('',(311.574996525422,-103.599997702241,10.01));
#11120=CARTESIAN_POINT('',(295.299993381649,-87.2999980308116,10.01));
#11121=CARTESIAN_POINT('',(295.299993381649,-98.662772902039,10.01));
#11122=CARTESIAN_POINT('',(311.699993050843,-87.2999980308116,10.01));
#11123=CARTESIAN_POINT('',(304.174996690825,-87.2999980308116,10.01));
#11124=CARTESIAN_POINT('',(311.699993050843,-91.3127730663243,10.01));
#11125=CARTESIAN_POINT('',(246.386087725968,-106.099997646362,10.01));
#11126=CARTESIAN_POINT('',(262.699994146079,-106.099997646362,10.01));
#11127=CARTESIAN_POINT('',(287.074997073039,-106.099997646362,10.01));
#11128=CARTESIAN_POINT('',(246.386087725968,-89.7931317194566,10.01));
#11129=CARTESIAN_POINT('',(246.386087725968,-99.9127728740993,10.01));
#11130=CARTESIAN_POINT('',(262.699994146079,-89.7931317194566,10.01));
#11131=CARTESIAN_POINT('',(279.718043862984,-89.7931317194566,10.01));
#11132=CARTESIAN_POINT('',(262.699994146079,-92.5593399106468,10.01));
#11133=CARTESIAN_POINT('',(295.842838287294,-128.299997150153,10.01));
#11134=CARTESIAN_POINT('',(312.199993039668,-128.299997150153,10.01));
#11135=CARTESIAN_POINT('',(311.824996519834,-128.299997150153,10.01));
#11136=CARTESIAN_POINT('',(295.842838287294,-111.959044382889,10.01));
#11137=CARTESIAN_POINT('',(295.842838287294,-111.012772625995,10.01));
#11138=CARTESIAN_POINT('',(312.199993039668,-111.959044382889,10.01));
#11139=CARTESIAN_POINT('',(304.446419143647,-111.959044382889,10.01));
#11140=CARTESIAN_POINT('',(312.199993039668,-103.642296242363,10.01));
#11141=CARTESIAN_POINT('',(247.399994452298,-129.099997132272,10.01));
#11142=CARTESIAN_POINT('',(263.699994123727,-129.099997132272,10.01));
#11143=CARTESIAN_POINT('',(287.574997061864,-129.099997132272,10.01));
#11144=CARTESIAN_POINT('',(247.399994452298,-112.799997460842,10.01));
#11145=CARTESIAN_POINT('',(247.399994452298,-111.412772617054,10.01));
#11146=CARTESIAN_POINT('',(263.699994123727,-112.799997460842,10.01));
#11147=CARTESIAN_POINT('',(280.224997226149,-112.799997460842,10.01));
#11148=CARTESIAN_POINT('',(263.699994123727,-104.06277278134,10.01));
#11149=CARTESIAN_POINT('Origin',(322.517940487776,-163.338599071368,9.21));
#11150=CARTESIAN_POINT('',(324.117940487776,-163.338599071368,9.21));
#11151=CARTESIAN_POINT('Origin',(324.917940487776,-163.338599071368,9.21));
#11152=CARTESIAN_POINT('Origin',(322.517940487776,-163.338599071368,9.21));
#11153=CARTESIAN_POINT('Origin',(322.574996279553,-103.599997702241,9.21));
#11154=CARTESIAN_POINT('',(332.899992559105,-102.799997702241,9.21));
#11155=CARTESIAN_POINT('Origin',(333.699992559105,-103.599997702241,9.21));
#11156=CARTESIAN_POINT('',(318.149181630181,-102.799997702241,9.21));
#11157=CARTESIAN_POINT('',(322.574996279553,-102.799997702241,9.21));
#11158=CARTESIAN_POINT('Origin',(317.349181630182,-103.599997702241,9.21));
#11159=CARTESIAN_POINT('Origin',(333.699992559105,-91.316859793998,9.21));
#11160=CARTESIAN_POINT('',(332.899992559105,-88.1081714861591,9.21));
#11161=CARTESIAN_POINT('Origin',(333.699992559105,-87.3081714861591,9.21));
#11162=CARTESIAN_POINT('',(332.899992559105,-91.316859793998,9.21));
#11163=CARTESIAN_POINT('Origin',(315.199590815091,-87.3081714861591,9.21));
#11164=CARTESIAN_POINT('',(318.149181630181,-88.1081714861591,9.21));
#11165=CARTESIAN_POINT('Origin',(317.349181630182,-87.3081714861591,9.21));
#11166=CARTESIAN_POINT('',(315.199590815091,-88.1081714861591,9.21));
#11167=CARTESIAN_POINT('Origin',(317.349181630182,-98.662772902039,9.21));
#11168=CARTESIAN_POINT('',(318.149181630181,-98.662772902039,9.21));
#11169=CARTESIAN_POINT('Origin',(318.149181630181,-102.799997702241,7.01));
#11170=CARTESIAN_POINT('',(318.149181630181,-102.799997702241,7.01));
#11171=CARTESIAN_POINT('',(318.149181630181,-102.799997702241,7.01));
#11172=CARTESIAN_POINT('',(318.149181630181,-88.1081714861591,7.01));
#11173=CARTESIAN_POINT('',(318.149181630181,-102.799997702241,7.01));
#11174=CARTESIAN_POINT('',(318.149181630181,-88.1081714861591,7.01));
#11175=CARTESIAN_POINT('Origin',(332.899992559105,-102.799997702241,7.01));
#11176=CARTESIAN_POINT('',(332.899992559105,-102.799997702241,7.01));
#11177=CARTESIAN_POINT('',(332.899992559105,-102.799997702241,7.01));
#11178=CARTESIAN_POINT('',(332.899992559105,-102.799997702241,7.01));
#11179=CARTESIAN_POINT('Origin',(287.574997061864,-129.099997132272,9.21));
#11180=CARTESIAN_POINT('',(262.899994123727,-128.299997132272,9.21));
#11181=CARTESIAN_POINT('Origin',(263.699994123727,-129.099997132272,9.21));
#11182=CARTESIAN_POINT('',(248.199994452298,-128.299997132272,9.21));
#11183=CARTESIAN_POINT('',(287.574997061864,-128.299997132272,9.21));
#11184=CARTESIAN_POINT('Origin',(247.399994452298,-129.099997132272,9.21));
#11185=CARTESIAN_POINT('Origin',(263.699994123727,-104.06277278134,9.21));
#11186=CARTESIAN_POINT('',(262.899994123727,-113.599997460842,9.21));
#11187=CARTESIAN_POINT('Origin',(263.699994123727,-112.799997460842,9.21));
#11188=CARTESIAN_POINT('',(262.899994123727,-104.06277278134,9.21));
#11189=CARTESIAN_POINT('Origin',(280.224997226149,-112.799997460842,9.21));
#11190=CARTESIAN_POINT('',(248.199994452298,-113.599997460842,9.21));
#11191=CARTESIAN_POINT('Origin',(247.399994452298,-112.799997460842,9.21));
#11192=CARTESIAN_POINT('',(280.224997226149,-113.599997460842,9.21));
#11193=CARTESIAN_POINT('Origin',(247.399994452298,-111.412772617054,9.21));
#11194=CARTESIAN_POINT('',(248.199994452298,-111.412772617054,9.21));
#11195=CARTESIAN_POINT('Origin',(248.199994452298,-128.299997132272,7.01));
#11196=CARTESIAN_POINT('',(248.199994452298,-128.299997132272,7.01));
#11197=CARTESIAN_POINT('',(248.199994452298,-128.299997132272,7.01));
#11198=CARTESIAN_POINT('',(248.199994452298,-113.599997460842,7.01));
#11199=CARTESIAN_POINT('',(248.199994452298,-128.299997132272,7.01));
#11200=CARTESIAN_POINT('',(248.199994452298,-113.599997460842,7.01));
#11201=CARTESIAN_POINT('Origin',(262.899994123727,-128.299997132272,7.01));
#11202=CARTESIAN_POINT('',(262.899994123727,-128.299997132272,7.01));
#11203=CARTESIAN_POINT('',(262.899994123727,-128.299997132272,7.01));
#11204=CARTESIAN_POINT('',(262.899994123727,-128.299997132272,7.01));
#11205=CARTESIAN_POINT('Origin',(292.950663054684,-62.3085418450656,9.21));
#11206=CARTESIAN_POINT('',(273.651326109368,-63.1085418450656,9.21));
#11207=CARTESIAN_POINT('Origin',(272.851326109368,-62.3085418450656,9.21));
#11208=CARTESIAN_POINT('',(288.399993553758,-63.1085418450656,9.21));
#11209=CARTESIAN_POINT('',(292.950663054684,-63.1085418450656,9.21));
#11210=CARTESIAN_POINT('Origin',(289.199993553758,-62.3085418450656,9.21));
#11211=CARTESIAN_POINT('Origin',(272.851326109368,-86.1627731814357,9.21));
#11212=CARTESIAN_POINT('',(273.651326109368,-77.7999982610345,9.21));
#11213=CARTESIAN_POINT('Origin',(272.851326109368,-78.5999982610345,9.21));
#11214=CARTESIAN_POINT('',(273.651326109368,-86.1627731814357,9.21));
#11215=CARTESIAN_POINT('Origin',(300.324996776879,-78.5999982610345,9.21));
#11216=CARTESIAN_POINT('',(288.399993553758,-77.7999982610345,9.21));
#11217=CARTESIAN_POINT('Origin',(289.199993553758,-78.5999982610345,9.21));
#11218=CARTESIAN_POINT('',(300.324996776879,-77.7999982610345,9.21));
#11219=CARTESIAN_POINT('Origin',(289.199993553758,-78.8170449734513,9.21));
#11220=CARTESIAN_POINT('',(288.399993553758,-78.8170449734513,9.21));
#11221=CARTESIAN_POINT('Origin',(288.399993553758,-63.1085418450656,7.01));
#11222=CARTESIAN_POINT('',(288.399993553758,-63.1085418450656,7.01));
#11223=CARTESIAN_POINT('',(288.399993553758,-63.1085418450656,7.01));
#11224=CARTESIAN_POINT('',(288.399993553758,-77.7999982610345,7.01));
#11225=CARTESIAN_POINT('',(288.399993553758,-63.1085418450656,7.01));
#11226=CARTESIAN_POINT('',(288.399993553758,-77.7999982610345,7.01));
#11227=CARTESIAN_POINT('Origin',(273.651326109368,-63.1085418450656,7.01));
#11228=CARTESIAN_POINT('',(273.651326109368,-63.1085418450656,7.01));
#11229=CARTESIAN_POINT('',(273.651326109368,-63.1085418450656,7.01));
#11230=CARTESIAN_POINT('',(273.651326109368,-63.1085418450656,7.01));
#11231=CARTESIAN_POINT('Origin',(311.824996519834,-128.299997150153,9.21));
#11232=CARTESIAN_POINT('',(311.399993039668,-127.499997150153,9.21));
#11233=CARTESIAN_POINT('Origin',(312.199993039668,-128.299997150153,9.21));
#11234=CARTESIAN_POINT('',(296.642838287294,-127.499997150153,9.21));
#11235=CARTESIAN_POINT('',(311.824996519834,-127.499997150153,9.21));
#11236=CARTESIAN_POINT('Origin',(295.842838287294,-128.299997150153,9.21));
#11237=CARTESIAN_POINT('Origin',(312.199993039668,-103.642296242363,9.21));
#11238=CARTESIAN_POINT('',(311.399993039668,-112.759044382889,9.21));
#11239=CARTESIAN_POINT('Origin',(312.199993039668,-111.959044382889,9.21));
#11240=CARTESIAN_POINT('',(311.399993039668,-103.642296242363,9.21));
#11241=CARTESIAN_POINT('Origin',(304.446419143647,-111.959044382889,9.21));
#11242=CARTESIAN_POINT('',(296.642838287294,-112.759044382889,9.21));
#11243=CARTESIAN_POINT('Origin',(295.842838287294,-111.959044382889,9.21));
#11244=CARTESIAN_POINT('',(304.446419143647,-112.759044382889,9.21));
#11245=CARTESIAN_POINT('Origin',(295.842838287294,-111.012772625995,9.21));
#11246=CARTESIAN_POINT('',(296.642838287294,-111.012772625995,9.21));
#11247=CARTESIAN_POINT('Origin',(296.642838287294,-127.499997150153,7.01));
#11248=CARTESIAN_POINT('',(296.642838287294,-127.499997150153,7.01));
#11249=CARTESIAN_POINT('',(296.642838287294,-127.499997150153,7.01));
#11250=CARTESIAN_POINT('',(296.642838287294,-112.759044382889,7.01));
#11251=CARTESIAN_POINT('',(296.642838287294,-127.499997150153,7.01));
#11252=CARTESIAN_POINT('',(296.642838287294,-112.759044382889,7.01));
#11253=CARTESIAN_POINT('Origin',(311.399993039668,-127.499997150153,7.01));
#11254=CARTESIAN_POINT('',(311.399993039668,-127.499997150153,7.01));
#11255=CARTESIAN_POINT('',(311.399993039668,-127.499997150153,7.01));
#11256=CARTESIAN_POINT('',(311.399993039668,-127.499997150153,7.01));
#11257=CARTESIAN_POINT('Origin',(302.024996738881,-150.099996662885,9.21));
#11258=CARTESIAN_POINT('',(291.799993477762,-149.299996662885,9.21));
#11259=CARTESIAN_POINT('Origin',(292.599993477762,-150.099996662885,9.21));
#11260=CARTESIAN_POINT('',(277.099993806332,-149.299996662885,9.21));
#11261=CARTESIAN_POINT('',(302.024996738881,-149.299996662885,9.21));
#11262=CARTESIAN_POINT('Origin',(276.299993806332,-150.099996662885,9.21));
#11263=CARTESIAN_POINT('Origin',(292.599993477762,-114.562772546646,9.21));
#11264=CARTESIAN_POINT('',(291.799993477762,-134.599996991456,9.21));
#11265=CARTESIAN_POINT('Origin',(292.599993477762,-133.799996991456,9.21));
#11266=CARTESIAN_POINT('',(291.799993477762,-114.562772546646,9.21));
#11267=CARTESIAN_POINT('Origin',(294.674996903166,-133.799996991456,9.21));
#11268=CARTESIAN_POINT('',(277.099993806332,-134.599996991456,9.21));
#11269=CARTESIAN_POINT('Origin',(276.299993806332,-133.799996991456,9.21));
#11270=CARTESIAN_POINT('',(294.674996903166,-134.599996991456,9.21));
#11271=CARTESIAN_POINT('Origin',(276.299993806332,-121.912772382361,9.21));
#11272=CARTESIAN_POINT('',(277.099993806332,-121.912772382361,9.21));
#11273=CARTESIAN_POINT('Origin',(277.099993806332,-149.299996662885,7.01));
#11274=CARTESIAN_POINT('',(277.099993806332,-149.299996662885,7.01));
#11275=CARTESIAN_POINT('',(277.099993806332,-149.299996662885,7.01));
#11276=CARTESIAN_POINT('',(277.099993806332,-134.599996991456,7.01));
#11277=CARTESIAN_POINT('',(277.099993806332,-149.299996662885,7.01));
#11278=CARTESIAN_POINT('',(277.099993806332,-134.599996991456,7.01));
#11279=CARTESIAN_POINT('Origin',(291.799993477762,-149.299996662885,7.01));
#11280=CARTESIAN_POINT('',(291.799993477762,-149.299996662885,7.01));
#11281=CARTESIAN_POINT('',(291.799993477762,-149.299996662885,7.01));
#11282=CARTESIAN_POINT('',(291.799993477762,-149.299996662885,7.01));
#11283=CARTESIAN_POINT('Origin',(287.074997073039,-106.099997646362,9.21));
#11284=CARTESIAN_POINT('',(261.899994146079,-105.299997646362,9.21));
#11285=CARTESIAN_POINT('Origin',(262.699994146079,-106.099997646362,9.21));
#11286=CARTESIAN_POINT('',(247.186087725968,-105.299997646362,9.21));
#11287=CARTESIAN_POINT('',(287.074997073039,-105.299997646362,9.21));
#11288=CARTESIAN_POINT('Origin',(246.386087725968,-106.099997646362,9.21));
#11289=CARTESIAN_POINT('Origin',(262.699994146079,-92.5593399106468,9.21));
#11290=CARTESIAN_POINT('',(261.899994146079,-90.5931317194566,9.21));
#11291=CARTESIAN_POINT('Origin',(262.699994146079,-89.7931317194566,9.21));
#11292=CARTESIAN_POINT('',(261.899994146079,-92.5593399106468,9.21));
#11293=CARTESIAN_POINT('Origin',(279.718043862984,-89.7931317194566,9.21));
#11294=CARTESIAN_POINT('',(247.186087725968,-90.5931317194566,9.21));
#11295=CARTESIAN_POINT('Origin',(246.386087725968,-89.7931317194566,9.21));
#11296=CARTESIAN_POINT('',(279.718043862984,-90.5931317194566,9.21));
#11297=CARTESIAN_POINT('Origin',(246.386087725968,-99.9127728740993,9.21));
#11298=CARTESIAN_POINT('',(247.186087725968,-99.9127728740993,9.21));
#11299=CARTESIAN_POINT('Origin',(247.186087725968,-105.299997646362,7.01));
#11300=CARTESIAN_POINT('',(247.186087725968,-105.299997646362,7.01));
#11301=CARTESIAN_POINT('',(247.186087725968,-105.299997646362,7.01));
#11302=CARTESIAN_POINT('',(247.186087725968,-90.5931317194566,7.01));
#11303=CARTESIAN_POINT('',(247.186087725968,-105.299997646362,7.01));
#11304=CARTESIAN_POINT('',(247.186087725968,-90.5931317194566,7.01));
#11305=CARTESIAN_POINT('Origin',(261.899994146079,-105.299997646362,7.01));
#11306=CARTESIAN_POINT('',(261.899994146079,-105.299997646362,7.01));
#11307=CARTESIAN_POINT('',(261.899994146079,-105.299997646362,7.01));
#11308=CARTESIAN_POINT('',(261.899994146079,-105.299997646362,7.01));
#11309=CARTESIAN_POINT('Origin',(391.531384294523,-112.028002573774,9.21));
#11310=CARTESIAN_POINT('',(393.131384294522,-112.028002573774,9.21));
#11311=CARTESIAN_POINT('Origin',(393.931384294523,-112.028002573774,9.21));
#11312=CARTESIAN_POINT('Origin',(391.531384294523,-112.028002573774,9.21));
#11313=CARTESIAN_POINT('Origin',(391.531384294523,-112.028002573774,7.01));
#11314=CARTESIAN_POINT('',(393.131384294522,-112.028002573774,7.01));
#11315=CARTESIAN_POINT('',(393.131384294522,-112.028002573774,7.01));
#11316=CARTESIAN_POINT('Origin',(391.531384294523,-112.028002573774,7.01));
#11317=CARTESIAN_POINT('Origin',(311.574996525422,-103.599997702241,9.21));
#11318=CARTESIAN_POINT('',(310.899993050843,-102.799997702241,9.21));
#11319=CARTESIAN_POINT('Origin',(311.699993050843,-103.599997702241,9.21));
#11320=CARTESIAN_POINT('',(296.099993381649,-102.799997702241,9.21));
#11321=CARTESIAN_POINT('',(311.574996525422,-102.799997702241,9.21));
#11322=CARTESIAN_POINT('Origin',(295.299993381649,-103.599997702241,9.21));
#11323=CARTESIAN_POINT('Origin',(311.699993050843,-91.3127730663243,9.21));
#11324=CARTESIAN_POINT('',(310.899993050843,-88.0999980308115,9.21));
#11325=CARTESIAN_POINT('Origin',(311.699993050843,-87.2999980308116,9.21));
#11326=CARTESIAN_POINT('',(310.899993050843,-91.3127730663243,9.21));
#11327=CARTESIAN_POINT('Origin',(304.174996690825,-87.2999980308116,9.21));
#11328=CARTESIAN_POINT('',(296.099993381649,-88.0999980308115,9.21));
#11329=CARTESIAN_POINT('Origin',(295.299993381649,-87.2999980308116,9.21));
#11330=CARTESIAN_POINT('',(304.174996690825,-88.0999980308115,9.21));
#11331=CARTESIAN_POINT('Origin',(295.299993381649,-98.662772902039,9.21));
#11332=CARTESIAN_POINT('',(296.099993381649,-98.662772902039,9.21));
#11333=CARTESIAN_POINT('Origin',(296.099993381649,-102.799997702241,7.01));
#11334=CARTESIAN_POINT('',(296.099993381649,-102.799997702241,7.01));
#11335=CARTESIAN_POINT('',(296.099993381649,-102.799997702241,7.01));
#11336=CARTESIAN_POINT('',(296.099993381649,-88.0999980308115,7.01));
#11337=CARTESIAN_POINT('',(296.099993381649,-102.799997702241,7.01));
#11338=CARTESIAN_POINT('',(296.099993381649,-88.0999980308115,7.01));
#11339=CARTESIAN_POINT('Origin',(310.899993050843,-102.799997702241,7.01));
#11340=CARTESIAN_POINT('',(310.899993050843,-102.799997702241,7.01));
#11341=CARTESIAN_POINT('',(310.899993050843,-102.799997702241,7.01));
#11342=CARTESIAN_POINT('',(310.899993050843,-102.799997702241,7.01));
#11343=CARTESIAN_POINT('Origin',(343.574995810166,-113.699997476488,9.21));
#11344=CARTESIAN_POINT('',(374.899991620332,-112.899997476488,9.21));
#11345=CARTESIAN_POINT('Origin',(375.699991620332,-113.699997476488,9.21));
#11346=CARTESIAN_POINT('',(360.199991948903,-112.899997476488,9.21));
#11347=CARTESIAN_POINT('',(343.574995810166,-112.899997476488,9.21));
#11348=CARTESIAN_POINT('Origin',(359.399991948903,-113.699997476488,9.21));
#11349=CARTESIAN_POINT('Origin',(375.699991620332,-96.362772953448,9.21));
#11350=CARTESIAN_POINT('',(374.899991620332,-98.199997805059,9.21));
#11351=CARTESIAN_POINT('Origin',(375.699991620332,-97.399997805059,9.21));
#11352=CARTESIAN_POINT('',(374.899991620332,-96.362772953448,9.21));
#11353=CARTESIAN_POINT('Origin',(336.224995974451,-97.399997805059,9.21));
#11354=CARTESIAN_POINT('',(360.199991948903,-98.199997805059,9.21));
#11355=CARTESIAN_POINT('Origin',(359.399991948903,-97.399997805059,9.21));
#11356=CARTESIAN_POINT('',(336.224995974451,-98.199997805059,9.21));
#11357=CARTESIAN_POINT('Origin',(359.399991948903,-103.712772789163,9.21));
#11358=CARTESIAN_POINT('',(360.199991948903,-103.712772789163,9.21));
#11359=CARTESIAN_POINT('Origin',(360.199991948903,-112.899997476488,7.01));
#11360=CARTESIAN_POINT('',(360.199991948903,-112.899997476488,7.01));
#11361=CARTESIAN_POINT('',(360.199991948903,-112.899997476488,7.01));
#11362=CARTESIAN_POINT('',(360.199991948903,-98.199997805059,7.01));
#11363=CARTESIAN_POINT('',(360.199991948903,-112.899997476488,7.01));
#11364=CARTESIAN_POINT('',(360.199991948903,-98.199997805059,7.01));
#11365=CARTESIAN_POINT('Origin',(374.899991620332,-112.899997476488,7.01));
#11366=CARTESIAN_POINT('',(374.899991620332,-112.899997476488,7.01));
#11367=CARTESIAN_POINT('',(374.899991620332,-112.899997476488,7.01));
#11368=CARTESIAN_POINT('',(374.899991620332,-112.899997476488,7.01));
#11369=CARTESIAN_POINT('Origin',(232.546105313261,-85.8558676193793,9.21));
#11370=CARTESIAN_POINT('',(234.146105313261,-85.8558676193793,9.21));
#11371=CARTESIAN_POINT('Origin',(234.946105313261,-85.8558676193793,9.21));
#11372=CARTESIAN_POINT('Origin',(232.546105313261,-85.8558676193793,9.21));
#11373=CARTESIAN_POINT('Origin',(232.546105313261,-85.8558676193793,7.01));
#11374=CARTESIAN_POINT('',(234.146105313261,-85.8558676193793,7.01));
#11375=CARTESIAN_POINT('',(234.146105313261,-85.8558676193793,7.01));
#11376=CARTESIAN_POINT('Origin',(232.546105313261,-85.8558676193793,7.01));
#11377=CARTESIAN_POINT('Origin',(392.665472950264,-25.892586135222,7.01));
#11378=CARTESIAN_POINT('',(394.265472950264,-25.892586135222,7.01));
#11379=CARTESIAN_POINT('',(394.265472950264,-25.892586135222,7.01));
#11380=CARTESIAN_POINT('Origin',(392.665472950264,-25.892586135222,7.01));
#11381=CARTESIAN_POINT('Origin',(322.324996285141,-127.799997161329,9.21));
#11382=CARTESIAN_POINT('',(332.399992570281,-126.999997161329,9.21));
#11383=CARTESIAN_POINT('Origin',(333.199992570281,-127.799997161329,9.21));
#11384=CARTESIAN_POINT('',(317.675448451121,-126.999997161329,9.21));
#11385=CARTESIAN_POINT('',(322.324996285141,-126.999997161329,9.21));
#11386=CARTESIAN_POINT('Origin',(316.875448451121,-127.799997161329,9.21));
#11387=CARTESIAN_POINT('Origin',(333.199992570281,-103.415562492943,9.21));
#11388=CARTESIAN_POINT('',(332.399992570281,-112.305576884048,9.21));
#11389=CARTESIAN_POINT('Origin',(333.199992570281,-111.505576884048,9.21));
#11390=CARTESIAN_POINT('',(332.399992570281,-103.415562492943,9.21));
#11391=CARTESIAN_POINT('Origin',(314.962724225561,-111.505576884048,9.21));
#11392=CARTESIAN_POINT('',(317.675448451121,-112.305576884048,9.21));
#11393=CARTESIAN_POINT('Origin',(316.875448451121,-111.505576884048,9.21));
#11394=CARTESIAN_POINT('',(314.962724225561,-112.305576884048,9.21));
#11395=CARTESIAN_POINT('Origin',(316.875448451121,-110.762772631583,9.21));
#11396=CARTESIAN_POINT('',(317.675448451121,-110.762772631583,9.21));
#11397=CARTESIAN_POINT('Origin',(317.675448451121,-126.999997161329,7.01));
#11398=CARTESIAN_POINT('',(317.675448451121,-126.999997161329,7.01));
#11399=CARTESIAN_POINT('',(317.675448451121,-126.999997161329,7.01));
#11400=CARTESIAN_POINT('',(317.675448451121,-112.305576884048,7.01));
#11401=CARTESIAN_POINT('',(317.675448451121,-126.999997161329,7.01));
#11402=CARTESIAN_POINT('',(317.675448451121,-112.305576884048,7.01));
#11403=CARTESIAN_POINT('Origin',(332.399992570281,-126.999997161329,7.01));
#11404=CARTESIAN_POINT('',(332.399992570281,-126.999997161329,7.01));
#11405=CARTESIAN_POINT('',(332.399992570281,-126.999997161329,7.01));
#11406=CARTESIAN_POINT('',(332.399992570281,-126.999997161329,7.01));
#11407=CARTESIAN_POINT('Origin',(232.745120896397,-133.04184829057,9.21));
#11408=CARTESIAN_POINT('',(234.345120896397,-133.04184829057,9.21));
#11409=CARTESIAN_POINT('Origin',(235.145120896397,-133.04184829057,9.21));
#11410=CARTESIAN_POINT('Origin',(232.745120896397,-133.04184829057,9.21));
#11411=CARTESIAN_POINT('Origin',(232.745120896397,-133.04184829057,7.01));
#11412=CARTESIAN_POINT('',(234.345120896397,-133.04184829057,7.01));
#11413=CARTESIAN_POINT('',(234.345120896397,-133.04184829057,7.01));
#11414=CARTESIAN_POINT('Origin',(232.745120896397,-133.04184829057,7.01));
#11415=CARTESIAN_POINT('Origin',(333.074996044859,-127.699997163564,9.21));
#11416=CARTESIAN_POINT('',(353.899992089719,-126.899997163564,9.21));
#11417=CARTESIAN_POINT('Origin',(354.699992089719,-127.699997163564,9.21));
#11418=CARTESIAN_POINT('',(339.149992419407,-126.899997163564,9.21));
#11419=CARTESIAN_POINT('',(333.074996044859,-126.899997163564,9.21));
#11420=CARTESIAN_POINT('Origin',(338.349992419407,-127.699997163564,9.21));
#11421=CARTESIAN_POINT('Origin',(354.699992089719,-103.362772796986,9.21));
#11422=CARTESIAN_POINT('',(353.899992089719,-112.199997492135,9.21));
#11423=CARTESIAN_POINT('Origin',(354.699992089719,-111.399997492135,9.21));
#11424=CARTESIAN_POINT('',(353.899992089719,-103.362772796986,9.21));
#11425=CARTESIAN_POINT('Origin',(325.699996209703,-111.399997492135,9.21));
#11426=CARTESIAN_POINT('',(339.149992419407,-112.199997492135,9.21));
#11427=CARTESIAN_POINT('Origin',(338.349992419407,-111.399997492135,9.21));
#11428=CARTESIAN_POINT('',(325.699996209703,-112.199997492135,9.21));
#11429=CARTESIAN_POINT('Origin',(338.349992419407,-110.7127726327,9.21));
#11430=CARTESIAN_POINT('',(339.149992419407,-110.7127726327,9.21));
#11431=CARTESIAN_POINT('Origin',(339.149992419407,-126.899997163564,7.01));
#11432=CARTESIAN_POINT('',(339.149992419407,-126.899997163564,7.01));
#11433=CARTESIAN_POINT('',(339.149992419407,-126.899997163564,7.01));
#11434=CARTESIAN_POINT('',(339.149992419407,-112.199997492135,7.01));
#11435=CARTESIAN_POINT('',(339.149992419407,-126.899997163564,7.01));
#11436=CARTESIAN_POINT('',(339.149992419407,-112.199997492135,7.01));
#11437=CARTESIAN_POINT('Origin',(353.899992089719,-126.899997163564,7.01));
#11438=CARTESIAN_POINT('',(353.899992089719,-126.899997163564,7.01));
#11439=CARTESIAN_POINT('',(353.899992089719,-126.899997163564,7.01));
#11440=CARTESIAN_POINT('',(353.899992089719,-126.899997163564,7.01));
#11441=CARTESIAN_POINT('Origin',(322.274996286258,-79.1999982476234,9.21));
#11442=CARTESIAN_POINT('',(332.299992572516,-78.3999982476234,9.21));
#11443=CARTESIAN_POINT('Origin',(333.099992572516,-79.1999982476234,9.21));
#11444=CARTESIAN_POINT('',(317.550081645883,-78.3999982476234,9.21));
#11445=CARTESIAN_POINT('',(322.274996286258,-78.3999982476234,9.21));
#11446=CARTESIAN_POINT('Origin',(316.750081645883,-79.1999982476234,9.21));
#11447=CARTESIAN_POINT('Origin',(333.099992572516,-79.1094732924645,9.21));
#11448=CARTESIAN_POINT('',(332.299992572516,-63.693398483092,9.21));
#11449=CARTESIAN_POINT('Origin',(333.099992572516,-62.893398483092,9.21));
#11450=CARTESIAN_POINT('',(332.299992572516,-79.1094732924645,9.21));
#11451=CARTESIAN_POINT('Origin',(314.900040822941,-62.893398483092,9.21));
#11452=CARTESIAN_POINT('',(317.550081645883,-63.693398483092,9.21));
#11453=CARTESIAN_POINT('Origin',(316.750081645883,-62.893398483092,9.21));
#11454=CARTESIAN_POINT('',(314.900040822941,-63.693398483092,9.21));
#11455=CARTESIAN_POINT('Origin',(316.750081645883,-86.4627731747302,9.21));
#11456=CARTESIAN_POINT('',(317.550081645883,-86.4627731747302,9.21));
#11457=CARTESIAN_POINT('Origin',(317.550081645883,-78.3999982476234,7.01));
#11458=CARTESIAN_POINT('',(317.550081645883,-78.3999982476234,7.01));
#11459=CARTESIAN_POINT('',(317.550081645883,-78.3999982476234,7.01));
#11460=CARTESIAN_POINT('',(317.550081645883,-63.693398483092,7.01));
#11461=CARTESIAN_POINT('',(317.550081645883,-78.3999982476234,7.01));
#11462=CARTESIAN_POINT('',(317.550081645883,-63.693398483092,7.01));
#11463=CARTESIAN_POINT('Origin',(332.299992572516,-78.3999982476234,7.01));
#11464=CARTESIAN_POINT('',(332.299992572516,-78.3999982476234,7.01));
#11465=CARTESIAN_POINT('',(332.299992572516,-78.3999982476234,7.01));
#11466=CARTESIAN_POINT('',(332.299992572516,-78.3999982476234,7.01));
#11467=CARTESIAN_POINT('Origin',(301.074996760115,-127.599997165799,9.21));
#11468=CARTESIAN_POINT('',(289.89999352023,-126.799997165799,9.21));
#11469=CARTESIAN_POINT('Origin',(290.69999352023,-127.599997165799,9.21));
#11470=CARTESIAN_POINT('',(275.199993848801,-126.799997165799,9.21));
#11471=CARTESIAN_POINT('',(301.074996760115,-126.799997165799,9.21));
#11472=CARTESIAN_POINT('Origin',(274.399993848801,-127.599997165799,9.21));
#11473=CARTESIAN_POINT('Origin',(290.69999352023,-103.312772798103,9.21));
#11474=CARTESIAN_POINT('',(289.89999352023,-112.09999749437,9.21));
#11475=CARTESIAN_POINT('Origin',(290.69999352023,-111.29999749437,9.21));
#11476=CARTESIAN_POINT('',(289.89999352023,-103.312772798103,9.21));
#11477=CARTESIAN_POINT('Origin',(293.7249969244,-111.29999749437,9.21));
#11478=CARTESIAN_POINT('',(275.199993848801,-112.09999749437,9.21));
#11479=CARTESIAN_POINT('Origin',(274.399993848801,-111.29999749437,9.21));
#11480=CARTESIAN_POINT('',(293.7249969244,-112.09999749437,9.21));
#11481=CARTESIAN_POINT('Origin',(274.399993848801,-110.662772633818,9.21));
#11482=CARTESIAN_POINT('',(275.199993848801,-110.662772633818,9.21));
#11483=CARTESIAN_POINT('Origin',(275.199993848801,-126.799997165799,7.01));
#11484=CARTESIAN_POINT('',(275.199993848801,-126.799997165799,7.01));
#11485=CARTESIAN_POINT('',(275.199993848801,-126.799997165799,7.01));
#11486=CARTESIAN_POINT('',(275.199993848801,-112.09999749437,7.01));
#11487=CARTESIAN_POINT('',(275.199993848801,-126.799997165799,7.01));
#11488=CARTESIAN_POINT('',(275.199993848801,-112.09999749437,7.01));
#11489=CARTESIAN_POINT('Origin',(289.89999352023,-126.799997165799,7.01));
#11490=CARTESIAN_POINT('',(289.89999352023,-126.799997165799,7.01));
#11491=CARTESIAN_POINT('',(289.89999352023,-126.799997165799,7.01));
#11492=CARTESIAN_POINT('',(289.89999352023,-126.799997165799,7.01));
#11493=CARTESIAN_POINT('Origin',(333.324996039271,-103.099997713417,9.21));
#11494=CARTESIAN_POINT('',(354.399992078543,-102.299997713417,9.21));
#11495=CARTESIAN_POINT('Origin',(355.199992078543,-103.099997713417,9.21));
#11496=CARTESIAN_POINT('',(339.599992409348,-102.299997713417,9.21));
#11497=CARTESIAN_POINT('',(333.324996039271,-102.299997713417,9.21));
#11498=CARTESIAN_POINT('Origin',(338.799992409349,-103.099997713417,9.21));
#11499=CARTESIAN_POINT('Origin',(355.199992078543,-91.0627730719122,9.21));
#11500=CARTESIAN_POINT('',(354.399992078543,-87.5999980419874,9.21));
#11501=CARTESIAN_POINT('Origin',(355.199992078543,-86.7999980419874,9.21));
#11502=CARTESIAN_POINT('',(354.399992078543,-91.0627730719122,9.21));
#11503=CARTESIAN_POINT('Origin',(325.924996204674,-86.7999980419874,9.21));
#11504=CARTESIAN_POINT('',(339.599992409348,-87.5999980419874,9.21));
#11505=CARTESIAN_POINT('Origin',(338.799992409349,-86.7999980419874,9.21));
#11506=CARTESIAN_POINT('',(325.924996204674,-87.5999980419874,9.21));
#11507=CARTESIAN_POINT('Origin',(338.799992409349,-98.4127729076269,9.21));
#11508=CARTESIAN_POINT('',(339.599992409348,-98.4127729076269,9.21));
#11509=CARTESIAN_POINT('Origin',(339.599992409348,-102.299997713417,7.01));
#11510=CARTESIAN_POINT('',(339.599992409348,-102.299997713417,7.01));
#11511=CARTESIAN_POINT('',(339.599992409348,-102.299997713417,7.01));
#11512=CARTESIAN_POINT('',(339.599992409348,-87.5999980419874,7.01));
#11513=CARTESIAN_POINT('',(339.599992409348,-102.299997713417,7.01));
#11514=CARTESIAN_POINT('',(339.599992409348,-87.5999980419874,7.01));
#11515=CARTESIAN_POINT('Origin',(354.399992078543,-102.299997713417,7.01));
#11516=CARTESIAN_POINT('',(354.399992078543,-102.299997713417,7.01));
#11517=CARTESIAN_POINT('',(354.399992078543,-102.299997713417,7.01));
#11518=CARTESIAN_POINT('',(354.399992078543,-102.299997713417,7.01));
#11519=CARTESIAN_POINT('Origin',(322.517940487776,-163.338599071368,7.01));
#11520=CARTESIAN_POINT('',(324.117940487776,-163.338599071368,7.01));
#11521=CARTESIAN_POINT('',(324.117940487776,-163.338599071368,7.01));
#11522=CARTESIAN_POINT('Origin',(322.517940487776,-163.338599071368,7.01));
#11523=CARTESIAN_POINT('Origin',(332.552235795594,-79.1999982476234,9.21));
#11524=CARTESIAN_POINT('',(352.854471591188,-78.3999982476234,9.21));
#11525=CARTESIAN_POINT('Origin',(353.654471591188,-79.1999982476234,9.21));
#11526=CARTESIAN_POINT('',(338.099992442876,-78.3999982476234,9.21));
#11527=CARTESIAN_POINT('',(332.552235795594,-78.3999982476234,9.21));
#11528=CARTESIAN_POINT('Origin',(337.299992442876,-79.1999982476234,9.21));
#11529=CARTESIAN_POINT('Origin',(353.654471591188,-79.1127733390155,9.21));
#11530=CARTESIAN_POINT('',(352.854471591188,-63.699998576194,9.21));
#11531=CARTESIAN_POINT('Origin',(353.654471591188,-62.8999985761941,9.21));
#11532=CARTESIAN_POINT('',(352.854471591188,-79.1127733390155,9.21));
#11533=CARTESIAN_POINT('Origin',(325.174996221438,-62.8999985761941,9.21));
#11534=CARTESIAN_POINT('',(338.099992442876,-63.699998576194,9.21));
#11535=CARTESIAN_POINT('Origin',(337.299992442876,-62.8999985761941,9.21));
#11536=CARTESIAN_POINT('',(325.174996221438,-63.699998576194,9.21));
#11537=CARTESIAN_POINT('Origin',(337.299992442876,-86.4627731747302,9.21));
#11538=CARTESIAN_POINT('',(338.099992442876,-86.4627731747302,9.21));
#11539=CARTESIAN_POINT('Origin',(338.099992442876,-78.3999982476234,7.01));
#11540=CARTESIAN_POINT('',(338.099992442876,-78.3999982476234,7.01));
#11541=CARTESIAN_POINT('',(338.099992442876,-78.3999982476234,7.01));
#11542=CARTESIAN_POINT('',(338.099992442876,-63.699998576194,7.01));
#11543=CARTESIAN_POINT('',(338.099992442876,-78.3999982476234,7.01));
#11544=CARTESIAN_POINT('',(338.099992442876,-63.699998576194,7.01));
#11545=CARTESIAN_POINT('Origin',(352.854471591188,-78.3999982476234,7.01));
#11546=CARTESIAN_POINT('',(352.854471591188,-78.3999982476234,7.01));
#11547=CARTESIAN_POINT('',(352.854471591188,-78.3999982476234,7.01));
#11548=CARTESIAN_POINT('',(352.854471591188,-78.3999982476234,7.01));
#11549=CARTESIAN_POINT('Origin',(263.731052224801,-151.036173932425,9.21));
#11550=CARTESIAN_POINT('',(265.331052224801,-151.036173932425,9.21));
#11551=CARTESIAN_POINT('Origin',(266.131052224801,-151.036173932425,9.21));
#11552=CARTESIAN_POINT('Origin',(263.731052224801,-151.036173932425,9.21));
#11553=CARTESIAN_POINT('Origin',(263.731052224801,-151.036173932425,7.01));
#11554=CARTESIAN_POINT('',(265.331052224801,-151.036173932425,7.01));
#11555=CARTESIAN_POINT('',(265.331052224801,-151.036173932425,7.01));
#11556=CARTESIAN_POINT('Origin',(263.731052224801,-151.036173932425,7.01));
#11557=CARTESIAN_POINT('Origin',(300.574996771291,-103.599997702241,9.21));
#11558=CARTESIAN_POINT('',(288.899993542582,-102.799997702241,9.21));
#11559=CARTESIAN_POINT('Origin',(289.699993542582,-103.599997702241,9.21));
#11560=CARTESIAN_POINT('',(274.14999387227,-102.799997702241,9.21));
#11561=CARTESIAN_POINT('',(300.574996771291,-102.799997702241,9.21));
#11562=CARTESIAN_POINT('Origin',(273.34999387227,-103.599997702241,9.21));
#11563=CARTESIAN_POINT('Origin',(289.699993542582,-91.3127730663243,9.21));
#11564=CARTESIAN_POINT('',(288.899993542582,-88.0999980308115,9.21));
#11565=CARTESIAN_POINT('Origin',(289.699993542582,-87.2999980308116,9.21));
#11566=CARTESIAN_POINT('',(288.899993542582,-91.3127730663243,9.21));
#11567=CARTESIAN_POINT('Origin',(293.199996936135,-87.2999980308116,9.21));
#11568=CARTESIAN_POINT('',(274.14999387227,-88.0999980308115,9.21));
#11569=CARTESIAN_POINT('Origin',(273.34999387227,-87.2999980308116,9.21));
#11570=CARTESIAN_POINT('',(293.199996936135,-88.0999980308115,9.21));
#11571=CARTESIAN_POINT('Origin',(273.34999387227,-98.662772902039,9.21));
#11572=CARTESIAN_POINT('',(274.14999387227,-98.662772902039,9.21));
#11573=CARTESIAN_POINT('Origin',(274.14999387227,-102.799997702241,7.01));
#11574=CARTESIAN_POINT('',(274.14999387227,-102.799997702241,7.01));
#11575=CARTESIAN_POINT('',(274.14999387227,-102.799997702241,7.01));
#11576=CARTESIAN_POINT('',(274.14999387227,-88.0999980308115,7.01));
#11577=CARTESIAN_POINT('',(274.14999387227,-102.799997702241,7.01));
#11578=CARTESIAN_POINT('',(274.14999387227,-88.0999980308115,7.01));
#11579=CARTESIAN_POINT('Origin',(288.899993542582,-102.799997702241,7.01));
#11580=CARTESIAN_POINT('',(288.899993542582,-102.799997702241,7.01));
#11581=CARTESIAN_POINT('',(288.899993542582,-102.799997702241,7.01));
#11582=CARTESIAN_POINT('',(288.899993542582,-102.799997702241,7.01));
#11583=CARTESIAN_POINT('Origin',(285.000004246831,-26.0000003874302,9.21));
#11584=CARTESIAN_POINT('',(286.700004246831,-26.0000003874302,9.21));
#11585=CARTESIAN_POINT('Origin',(287.500004246831,-26.0000003874302,9.21));
#11586=CARTESIAN_POINT('Origin',(285.000004246831,-26.0000003874302,9.21));
#11587=CARTESIAN_POINT('Origin',(285.000004246831,-26.0000003874302,7.01));
#11588=CARTESIAN_POINT('',(286.700004246831,-26.0000003874302,7.01));
#11589=CARTESIAN_POINT('',(286.700004246831,-26.0000003874302,7.01));
#11590=CARTESIAN_POINT('Origin',(285.000004246831,-26.0000003874302,7.01));
#11591=CARTESIAN_POINT('Origin',(311.574996525422,-79.1999982476234,9.21));
#11592=CARTESIAN_POINT('',(310.899993050843,-78.3999982476234,9.21));
#11593=CARTESIAN_POINT('Origin',(311.699993050843,-79.1999982476234,9.21));
#11594=CARTESIAN_POINT('',(296.199993379414,-78.3999982476234,9.21));
#11595=CARTESIAN_POINT('',(311.574996525422,-78.3999982476234,9.21));
#11596=CARTESIAN_POINT('Origin',(295.399993379414,-79.1999982476234,9.21));
#11597=CARTESIAN_POINT('Origin',(311.699993050843,-79.1127733390155,9.21));
#11598=CARTESIAN_POINT('',(310.899993050843,-63.699998576194,9.21));
#11599=CARTESIAN_POINT('Origin',(311.699993050843,-62.8999985761941,9.21));
#11600=CARTESIAN_POINT('',(310.899993050843,-79.1127733390155,9.21));
#11601=CARTESIAN_POINT('Origin',(304.224996689707,-62.8999985761941,9.21));
#11602=CARTESIAN_POINT('',(296.199993379414,-63.699998576194,9.21));
#11603=CARTESIAN_POINT('Origin',(295.399993379414,-62.8999985761941,9.21));
#11604=CARTESIAN_POINT('',(304.224996689707,-63.699998576194,9.21));
#11605=CARTESIAN_POINT('Origin',(295.399993379414,-86.4627731747302,9.21));
#11606=CARTESIAN_POINT('',(296.199993379414,-86.4627731747302,9.21));
#11607=CARTESIAN_POINT('Origin',(296.199993379414,-78.3999982476234,7.01));
#11608=CARTESIAN_POINT('',(296.199993379414,-78.3999982476234,7.01));
#11609=CARTESIAN_POINT('',(296.199993379414,-78.3999982476234,7.01));
#11610=CARTESIAN_POINT('',(296.199993379414,-63.699998576194,7.01));
#11611=CARTESIAN_POINT('',(296.199993379414,-78.3999982476234,7.01));
#11612=CARTESIAN_POINT('',(296.199993379414,-63.699998576194,7.01));
#11613=CARTESIAN_POINT('Origin',(310.899993050843,-78.3999982476234,7.01));
#11614=CARTESIAN_POINT('',(310.899993050843,-78.3999982476234,7.01));
#11615=CARTESIAN_POINT('',(310.899993050843,-78.3999982476234,7.01));
#11616=CARTESIAN_POINT('',(310.899993050843,-78.3999982476234,7.01));
#11617=CARTESIAN_POINT('Origin',(332.899992559105,-88.1081714861591,7.01));
#11618=CARTESIAN_POINT('',(332.899992559105,-88.1081714861591,7.01));
#11619=CARTESIAN_POINT('',(332.899992559105,-88.1081714861591,7.01));
#11620=CARTESIAN_POINT('',(332.899992559105,-88.1081714861591,7.01));
#11621=CARTESIAN_POINT('Origin',(318.149181630181,-88.1081714861591,7.01));
#11622=CARTESIAN_POINT('',(318.149181630181,-88.1081714861591,7.01));
#11623=CARTESIAN_POINT('Origin',(262.899994123727,-113.599997460842,7.01));
#11624=CARTESIAN_POINT('',(262.899994123727,-113.599997460842,7.01));
#11625=CARTESIAN_POINT('',(262.899994123727,-113.599997460842,7.01));
#11626=CARTESIAN_POINT('',(262.899994123727,-113.599997460842,7.01));
#11627=CARTESIAN_POINT('Origin',(248.199994452298,-113.599997460842,7.01));
#11628=CARTESIAN_POINT('',(248.199994452298,-113.599997460842,7.01));
#11629=CARTESIAN_POINT('Origin',(273.651326109368,-77.7999982610345,7.01));
#11630=CARTESIAN_POINT('',(273.651326109368,-77.7999982610345,7.01));
#11631=CARTESIAN_POINT('',(273.651326109368,-77.7999982610345,7.01));
#11632=CARTESIAN_POINT('',(273.651326109368,-77.7999982610345,7.01));
#11633=CARTESIAN_POINT('Origin',(288.399993553758,-77.7999982610345,7.01));
#11634=CARTESIAN_POINT('',(288.399993553758,-77.7999982610345,7.01));
#11635=CARTESIAN_POINT('Origin',(311.399993039668,-112.759044382889,7.01));
#11636=CARTESIAN_POINT('',(311.399993039668,-112.759044382889,7.01));
#11637=CARTESIAN_POINT('',(311.399993039668,-112.759044382889,7.01));
#11638=CARTESIAN_POINT('',(311.399993039668,-112.759044382889,7.01));
#11639=CARTESIAN_POINT('Origin',(296.642838287294,-112.759044382889,7.01));
#11640=CARTESIAN_POINT('',(296.642838287294,-112.759044382889,7.01));
#11641=CARTESIAN_POINT('Origin',(291.799993477762,-134.599996991456,7.01));
#11642=CARTESIAN_POINT('',(291.799993477762,-134.599996991456,7.01));
#11643=CARTESIAN_POINT('',(291.799993477762,-134.599996991456,7.01));
#11644=CARTESIAN_POINT('',(291.799993477762,-134.599996991456,7.01));
#11645=CARTESIAN_POINT('Origin',(277.099993806332,-134.599996991456,7.01));
#11646=CARTESIAN_POINT('',(277.099993806332,-134.599996991456,7.01));
#11647=CARTESIAN_POINT('Origin',(261.899994146079,-90.5931317194566,7.01));
#11648=CARTESIAN_POINT('',(261.899994146079,-90.5931317194566,7.01));
#11649=CARTESIAN_POINT('',(261.899994146079,-90.5931317194566,7.01));
#11650=CARTESIAN_POINT('',(261.899994146079,-90.5931317194566,7.01));
#11651=CARTESIAN_POINT('Origin',(247.186087725968,-90.5931317194566,7.01));
#11652=CARTESIAN_POINT('',(247.186087725968,-90.5931317194566,7.01));
#11653=CARTESIAN_POINT('Origin',(310.899993050843,-88.0999980308115,7.01));
#11654=CARTESIAN_POINT('',(310.899993050843,-88.0999980308115,7.01));
#11655=CARTESIAN_POINT('',(310.899993050843,-88.0999980308115,7.01));
#11656=CARTESIAN_POINT('',(310.899993050843,-88.0999980308115,7.01));
#11657=CARTESIAN_POINT('Origin',(296.099993381649,-88.0999980308115,7.01));
#11658=CARTESIAN_POINT('',(296.099993381649,-88.0999980308115,7.01));
#11659=CARTESIAN_POINT('Origin',(374.899991620332,-98.199997805059,7.01));
#11660=CARTESIAN_POINT('',(374.899991620332,-98.199997805059,7.01));
#11661=CARTESIAN_POINT('',(374.899991620332,-98.199997805059,7.01));
#11662=CARTESIAN_POINT('',(374.899991620332,-98.199997805059,7.01));
#11663=CARTESIAN_POINT('Origin',(360.199991948903,-98.199997805059,7.01));
#11664=CARTESIAN_POINT('',(360.199991948903,-98.199997805059,7.01));
#11665=CARTESIAN_POINT('Origin',(332.399992570281,-112.305576884048,7.01));
#11666=CARTESIAN_POINT('',(332.399992570281,-112.305576884048,7.01));
#11667=CARTESIAN_POINT('',(332.399992570281,-112.305576884048,7.01));
#11668=CARTESIAN_POINT('',(332.399992570281,-112.305576884048,7.01));
#11669=CARTESIAN_POINT('Origin',(317.675448451121,-112.305576884048,7.01));
#11670=CARTESIAN_POINT('',(317.675448451121,-112.305576884048,7.01));
#11671=CARTESIAN_POINT('Origin',(353.899992089719,-112.199997492135,7.01));
#11672=CARTESIAN_POINT('',(353.899992089719,-112.199997492135,7.01));
#11673=CARTESIAN_POINT('',(353.899992089719,-112.199997492135,7.01));
#11674=CARTESIAN_POINT('',(353.899992089719,-112.199997492135,7.01));
#11675=CARTESIAN_POINT('Origin',(339.149992419407,-112.199997492135,7.01));
#11676=CARTESIAN_POINT('',(339.149992419407,-112.199997492135,7.01));
#11677=CARTESIAN_POINT('Origin',(332.299992572516,-63.693398483092,7.01));
#11678=CARTESIAN_POINT('',(332.299992572516,-63.693398483092,7.01));
#11679=CARTESIAN_POINT('',(332.299992572516,-63.693398483092,7.01));
#11680=CARTESIAN_POINT('',(332.299992572516,-63.693398483092,7.01));
#11681=CARTESIAN_POINT('Origin',(317.550081645883,-63.693398483092,7.01));
#11682=CARTESIAN_POINT('',(317.550081645883,-63.693398483092,7.01));
#11683=CARTESIAN_POINT('Origin',(289.89999352023,-112.09999749437,7.01));
#11684=CARTESIAN_POINT('',(289.89999352023,-112.09999749437,7.01));
#11685=CARTESIAN_POINT('',(289.89999352023,-112.09999749437,7.01));
#11686=CARTESIAN_POINT('',(289.89999352023,-112.09999749437,7.01));
#11687=CARTESIAN_POINT('Origin',(275.199993848801,-112.09999749437,7.01));
#11688=CARTESIAN_POINT('',(275.199993848801,-112.09999749437,7.01));
#11689=CARTESIAN_POINT('Origin',(354.399992078543,-87.5999980419874,7.01));
#11690=CARTESIAN_POINT('',(354.399992078543,-87.5999980419874,7.01));
#11691=CARTESIAN_POINT('',(354.399992078543,-87.5999980419874,7.01));
#11692=CARTESIAN_POINT('',(354.399992078543,-87.5999980419874,7.01));
#11693=CARTESIAN_POINT('Origin',(339.599992409348,-87.5999980419874,7.01));
#11694=CARTESIAN_POINT('',(339.599992409348,-87.5999980419874,7.01));
#11695=CARTESIAN_POINT('Origin',(352.854471591188,-63.699998576194,7.01));
#11696=CARTESIAN_POINT('',(352.854471591188,-63.699998576194,7.01));
#11697=CARTESIAN_POINT('',(352.854471591188,-63.699998576194,7.01));
#11698=CARTESIAN_POINT('',(352.854471591188,-63.699998576194,7.01));
#11699=CARTESIAN_POINT('Origin',(338.099992442876,-63.699998576194,7.01));
#11700=CARTESIAN_POINT('',(338.099992442876,-63.699998576194,7.01));
#11701=CARTESIAN_POINT('Origin',(288.899993542582,-88.0999980308115,7.01));
#11702=CARTESIAN_POINT('',(288.899993542582,-88.0999980308115,7.01));
#11703=CARTESIAN_POINT('',(288.899993542582,-88.0999980308115,7.01));
#11704=CARTESIAN_POINT('',(288.899993542582,-88.0999980308115,7.01));
#11705=CARTESIAN_POINT('Origin',(274.14999387227,-88.0999980308115,7.01));
#11706=CARTESIAN_POINT('',(274.14999387227,-88.0999980308115,7.01));
#11707=CARTESIAN_POINT('Origin',(310.899993050843,-63.699998576194,7.01));
#11708=CARTESIAN_POINT('',(310.899993050843,-63.699998576194,7.01));
#11709=CARTESIAN_POINT('',(310.899993050843,-63.699998576194,7.01));
#11710=CARTESIAN_POINT('',(310.899993050843,-63.699998576194,7.01));
#11711=CARTESIAN_POINT('Origin',(296.199993379414,-63.699998576194,7.01));
#11712=CARTESIAN_POINT('',(296.199993379414,-63.699998576194,7.01));
#11713=CARTESIAN_POINT('Origin',(281.5,-28.8364201602873,7.01));
#11714=CARTESIAN_POINT('',(281.5,-28.8364201602873,7.01));
#11715=CARTESIAN_POINT('',(281.5,-28.8364201602873,7.01));
#11716=CARTESIAN_POINT('',(281.5,-28.8364201602873,7.01));
#11717=CARTESIAN_POINT('Origin',(281.5,-22.5,7.01));
#11718=CARTESIAN_POINT('',(281.5,-22.5,7.01));
#11719=CARTESIAN_POINT('',(281.5,-22.5,7.01));
#11720=CARTESIAN_POINT('',(281.5,-28.8364201602873,7.01));
#11721=CARTESIAN_POINT('Origin',(395.5,-22.5,7.01));
#11722=CARTESIAN_POINT('',(395.5,-22.5,7.01));
#11723=CARTESIAN_POINT('',(395.5,-22.5,7.01));
#11724=CARTESIAN_POINT('',(395.5,-22.5,7.01));
#11725=CARTESIAN_POINT('Origin',(394.974087439222,-114.068000243689,7.01));
#11726=CARTESIAN_POINT('',(395.5,-22.5,7.01));
#11727=CARTESIAN_POINT('Origin',(312.25,-94.525548101837,7.01));
#11728=UNCERTAINTY_MEASURE_WITH_UNIT(LENGTH_MEASURE(0.01),#11732,
'DISTANCE_ACCURACY_VALUE',
'Maximum model space distance between geometric entities at asserted c
onnectivities');
#11729=UNCERTAINTY_MEASURE_WITH_UNIT(LENGTH_MEASURE(0.01),#11732,
'DISTANCE_ACCURACY_VALUE',
'Maximum model space distance between geometric entities at asserted c
onnectivities');
#11730=(
GEOMETRIC_REPRESENTATION_CONTEXT(3)
GLOBAL_UNCERTAINTY_ASSIGNED_CONTEXT((#11728))
GLOBAL_UNIT_ASSIGNED_CONTEXT((#11732,#11733,#11734))
REPRESENTATION_CONTEXT('','3D')
);
#11731=(
GEOMETRIC_REPRESENTATION_CONTEXT(3)
GLOBAL_UNCERTAINTY_ASSIGNED_CONTEXT((#11729))
GLOBAL_UNIT_ASSIGNED_CONTEXT((#11732,#11733,#11734))
REPRESENTATION_CONTEXT('','3D')
);
#11732=(
LENGTH_UNIT()
NAMED_UNIT(*)
SI_UNIT(.MILLI.,.METRE.)
);
#11733=(
NAMED_UNIT(*)
PLANE_ANGLE_UNIT()
SI_UNIT($,.RADIAN.)
);
#11734=(
NAMED_UNIT(*)
SI_UNIT($,.STERADIAN.)
SOLID_ANGLE_UNIT()
);
#11735=SHAPE_DEFINITION_REPRESENTATION(#11736,#11737);
#11736=PRODUCT_DEFINITION_SHAPE('',$,#11739);
#11737=SHAPE_REPRESENTATION('',(#7181),#11730);
#11738=PRODUCT_DEFINITION_CONTEXT('part definition',#11743,'design');
#11739=PRODUCT_DEFINITION('Hackboard','Hackboard v4',#11740,#11738);
#11740=PRODUCT_DEFINITION_FORMATION('',$,#11745);
#11741=PRODUCT_RELATED_PRODUCT_CATEGORY('Hackboard v4','Hackboard v4',(#11745));
#11742=APPLICATION_PROTOCOL_DEFINITION('international standard',
'automotive_design',2009,#11743);
#11743=APPLICATION_CONTEXT(
'Core Data for Automotive Mechanical Design Process');
#11744=PRODUCT_CONTEXT('part definition',#11743,'mechanical');
#11745=PRODUCT('Hackboard','Hackboard v4',$,(#11744));
#11746=PRESENTATION_STYLE_ASSIGNMENT((#11748));
#11747=PRESENTATION_STYLE_ASSIGNMENT((#11749));
#11748=SURFACE_STYLE_USAGE(.BOTH.,#11750);
#11749=SURFACE_STYLE_USAGE(.BOTH.,#11751);
#11750=SURFACE_SIDE_STYLE('',(#11752));
#11751=SURFACE_SIDE_STYLE('',(#11753));
#11752=SURFACE_STYLE_FILL_AREA(#11754);
#11753=SURFACE_STYLE_FILL_AREA(#11755);
#11754=FILL_AREA_STYLE('Steel - Satin',(#11756));
#11755=FILL_AREA_STYLE('Plastic - Glossy (Green)',(#11757));
#11756=FILL_AREA_STYLE_COLOUR('Steel - Satin',#11758);
#11757=FILL_AREA_STYLE_COLOUR('Plastic - Glossy (Green)',#11759);
#11758=COLOUR_RGB('Steel - Satin',0.627450980392157,0.627450980392157,0.627450980392157);
#11759=COLOUR_RGB('Plastic - Glossy (Green)',0.266666666666667,0.588235294117647,
0.282352941176471);
ENDSEC;
END-ISO-10303-21;
